-- MySQL dump 10.13  Distrib 8.0.19, for Win64 (x86_64)
--
-- Host: 192.168.50.68    Database: uts_db
-- ------------------------------------------------------
-- Server version	8.0.45

/*!40101 SET @OLD_CHARACTER_SET_CLIENT=@@CHARACTER_SET_CLIENT */;
/*!40101 SET @OLD_CHARACTER_SET_RESULTS=@@CHARACTER_SET_RESULTS */;
/*!40101 SET @OLD_COLLATION_CONNECTION=@@COLLATION_CONNECTION */;
/*!50503 SET NAMES utf8mb4 */;
/*!40103 SET @OLD_TIME_ZONE=@@TIME_ZONE */;
/*!40103 SET TIME_ZONE='+00:00' */;
/*!40014 SET @OLD_UNIQUE_CHECKS=@@UNIQUE_CHECKS, UNIQUE_CHECKS=0 */;
/*!40014 SET @OLD_FOREIGN_KEY_CHECKS=@@FOREIGN_KEY_CHECKS, FOREIGN_KEY_CHECKS=0 */;
/*!40101 SET @OLD_SQL_MODE=@@SQL_MODE, SQL_MODE='NO_AUTO_VALUE_ON_ZERO' */;
/*!40111 SET @OLD_SQL_NOTES=@@SQL_NOTES, SQL_NOTES=0 */;

--
-- Table structure for table `approval_actions`
--

DROP TABLE IF EXISTS `approval_actions`;
/*!40101 SET @saved_cs_client     = @@character_set_client */;
/*!50503 SET character_set_client = utf8mb4 */;
CREATE TABLE `approval_actions` (
  `ActionID` int NOT NULL AUTO_INCREMENT,
  `ApprovalType` enum('product_trial','bonus_survey') NOT NULL,
  `ApprovalID` varchar(64) NOT NULL,
  `ActionType` enum('approve','request_info','info_provided','request_changes','change_countered','change_accepted','withdraw_request','decline') NOT NULL,
  `ReasonCategory` enum('incomplete_info','scope_unclear','timing_conflict','resource_constraints','process_violation','quality_concerns','other') DEFAULT NULL,
  `ReasonText` text,
  `AssignedUTLeadID` varchar(64) DEFAULT NULL,
  `ActionByUserID` varchar(64) NOT NULL,
  `CreatedAt` datetime NOT NULL DEFAULT CURRENT_TIMESTAMP,
  PRIMARY KEY (`ActionID`)
) ENGINE=InnoDB AUTO_INCREMENT=27 DEFAULT CHARSET=utf8mb4 COLLATE=utf8mb4_0900_ai_ci;
/*!40101 SET character_set_client = @saved_cs_client */;

--
-- Dumping data for table `approval_actions`
--

LOCK TABLES `approval_actions` WRITE;
/*!40000 ALTER TABLE `approval_actions` DISABLE KEYS */;
INSERT INTO `approval_actions` VALUES (1,'product_trial','16','decline',NULL,'Inappropriate reason for a trial. get it together!',NULL,'userid_4fec82c7eea61','2026-02-06 08:13:33'),(2,'product_trial','15','decline',NULL,'Inappropriate reason for a trial. get it together!',NULL,'userid_4fec82c7eea61','2026-02-06 08:15:56'),(3,'product_trial','10','decline',NULL,'Firmware not mature enough for Trial.',NULL,'userid_4fec82c7eea61','2026-02-06 08:24:11'),(4,'product_trial','13','request_info',NULL,'Need more clarity on why the dates conflict',NULL,'userid_4fec82c7eea61','2026-02-06 11:49:38'),(5,'product_trial','13','request_info',NULL,'Needs more cowbell',NULL,'userid_4fec82c7eea61','2026-02-06 11:52:14'),(6,'product_trial','12','request_changes',NULL,'Please revise the ship date and clarify Gate X timing.',NULL,'userid_4fec82c7eea61','2026-02-06 12:05:23'),(7,'product_trial','14','request_changes',NULL,'Please revise the ship date and clarify Gate X timing.',NULL,'userid_4fec82c7eea61','2026-02-06 12:09:18'),(8,'product_trial','3','approve',NULL,NULL,'userid_d593d38eed2a1','userid_4fec82c7eea61','2026-02-08 06:55:33'),(9,'product_trial','13','request_info',NULL,'We have added more cowbell.',NULL,'userid_4fec82c7eea61','2026-02-09 03:21:52'),(10,'product_trial','17','request_info',NULL,'I need to know where you got that dress.',NULL,'userid_4fec82c7eea61','2026-02-09 03:38:18'),(11,'product_trial','18','request_info',NULL,'What is the air speed velocity of a laden swallow?',NULL,'userid_4fec82c7eea61','2026-02-09 04:09:49'),(12,'product_trial','18','info_provided',NULL,'African or European?',NULL,'userid_4fec82c7eea61','2026-02-09 05:16:38'),(13,'product_trial','14','change_accepted',NULL,NULL,NULL,'userid_4fec82c7eea61','2026-02-09 05:41:59'),(14,'product_trial','14','approve',NULL,NULL,'userid_4fec82c7eea61','userid_4fec82c7eea61','2026-02-09 07:05:40'),(15,'product_trial','18','approve',NULL,NULL,'userid_4fec82c7eea61','userid_4fec82c7eea61','2026-02-09 07:17:10'),(16,'product_trial','17','info_provided',NULL,'\"You\'re straight, you\'re engaged, tomorrow is your girl\'s birthday, and you have no taste in women\'s fashion... What if she was an asset: You told her four lies that now have to be true.\"',NULL,'userid_4fec82c7eea61','2026-02-09 09:21:56'),(17,'product_trial','17','request_info',NULL,'Explain why the sky is blue',NULL,'userid_4fec82c7eea61','2026-02-09 09:33:37'),(18,'product_trial','17','info_provided',NULL,'refraction of light against the atmosphere of the earth',NULL,'userid_4fec82c7eea61','2026-02-09 09:35:34'),(19,'product_trial','17','approve',NULL,NULL,'userid_4fec82c7eea61','userid_4fec82c7eea61','2026-02-09 09:36:33'),(20,'bonus_survey','4','approve',NULL,NULL,'userid_4fec82c7eea61','userid_4fec82c7eea61','2026-02-11 02:13:33'),(21,'bonus_survey','4','approve',NULL,NULL,'userid_4fec82c7eea61','userid_4fec82c7eea61','2026-02-11 02:15:18'),(22,'bonus_survey','4','approve',NULL,NULL,'userid_4fec82c7eea61','userid_4fec82c7eea61','2026-02-11 02:35:34'),(23,'product_trial','11','approve',NULL,NULL,'userid_4fec82c7eea61','userid_4fec82c7eea61','2026-03-05 04:48:42'),(24,'product_trial','9','approve',NULL,NULL,'userid_4fec82c7eea61','userid_4fec82c7eea61','2026-03-05 05:54:06'),(25,'product_trial','8','approve',NULL,NULL,'userid_4fec82c7eea61','userid_4fec82c7eea61','2026-03-05 05:54:13'),(26,'bonus_survey','3','approve',NULL,NULL,'userid_4fec82c7eea61','userid_4fec82c7eea61','2026-03-05 05:54:22');
/*!40000 ALTER TABLE `approval_actions` ENABLE KEYS */;
UNLOCK TABLES;

--
-- Table structure for table `auth_login_attempts`
--

DROP TABLE IF EXISTS `auth_login_attempts`;
/*!40101 SET @saved_cs_client     = @@character_set_client */;
/*!50503 SET character_set_client = utf8mb4 */;
CREATE TABLE `auth_login_attempts` (
  `AttemptID` bigint NOT NULL AUTO_INCREMENT,
  `Email` varchar(255) NOT NULL,
  `IP_Hash` char(64) NOT NULL,
  `AttemptedAt` datetime NOT NULL DEFAULT CURRENT_TIMESTAMP,
  `Successful` tinyint(1) NOT NULL DEFAULT '0',
  `UserAgent` varchar(255) DEFAULT NULL,
  PRIMARY KEY (`AttemptID`)
) ENGINE=InnoDB DEFAULT CHARSET=utf8mb4 COLLATE=utf8mb4_0900_ai_ci;
/*!40101 SET character_set_client = @saved_cs_client */;

--
-- Dumping data for table `auth_login_attempts`
--

LOCK TABLES `auth_login_attempts` WRITE;
/*!40000 ALTER TABLE `auth_login_attempts` DISABLE KEYS */;
/*!40000 ALTER TABLE `auth_login_attempts` ENABLE KEYS */;
UNLOCK TABLES;

--
-- Table structure for table `bonus_survey_drafts`
--

DROP TABLE IF EXISTS `bonus_survey_drafts`;
/*!40101 SET @saved_cs_client     = @@character_set_client */;
/*!50503 SET character_set_client = utf8mb4 */;
CREATE TABLE `bonus_survey_drafts` (
  `bonus_survey_draft_id` int NOT NULL AUTO_INCREMENT,
  `created_by_user_id` varchar(32) NOT NULL,
  `status` varchar(16) NOT NULL DEFAULT 'draft',
  `title` varchar(255) NOT NULL,
  `description` text,
  `start_date` date DEFAULT NULL,
  `end_date` date DEFAULT NULL,
  `survey_link` text,
  `created_at` datetime DEFAULT CURRENT_TIMESTAMP,
  `updated_at` datetime DEFAULT CURRENT_TIMESTAMP ON UPDATE CURRENT_TIMESTAMP,
  PRIMARY KEY (`bonus_survey_draft_id`),
  KEY `idx_creator` (`created_by_user_id`),
  KEY `idx_status` (`status`)
) ENGINE=InnoDB DEFAULT CHARSET=utf8mb4 COLLATE=utf8mb4_0900_ai_ci;
/*!40101 SET character_set_client = @saved_cs_client */;

--
-- Dumping data for table `bonus_survey_drafts`
--

LOCK TABLES `bonus_survey_drafts` WRITE;
/*!40000 ALTER TABLE `bonus_survey_drafts` DISABLE KEYS */;
/*!40000 ALTER TABLE `bonus_survey_drafts` ENABLE KEYS */;
UNLOCK TABLES;

--
-- Table structure for table `bonus_survey_participation`
--

DROP TABLE IF EXISTS `bonus_survey_participation`;
/*!40101 SET @saved_cs_client     = @@character_set_client */;
/*!50503 SET character_set_client = utf8mb4 */;
CREATE TABLE `bonus_survey_participation` (
  `bonus_survey_participation_id` int NOT NULL AUTO_INCREMENT,
  `bonus_survey_id` int NOT NULL,
  `user_id` varchar(32) NOT NULL,
  `completed_at` datetime NOT NULL,
  `confirmation_source` varchar(64) NOT NULL COMMENT 'manual | import | webhook | audit',
  `created_at` datetime NOT NULL DEFAULT CURRENT_TIMESTAMP,
  `participation_token` varchar(64) DEFAULT NULL COMMENT 'UTS-generated token passed to external survey for correlation',
  `seen_at` datetime DEFAULT NULL,
  `started_at` datetime DEFAULT NULL,
  PRIMARY KEY (`bonus_survey_participation_id`),
  UNIQUE KEY `uq_bsp_user_survey` (`bonus_survey_id`,`user_id`),
  UNIQUE KEY `uniq_bonus_user` (`bonus_survey_id`,`user_id`),
  KEY `fk_bsp_user` (`user_id`),
  CONSTRAINT `fk_bsp_bonus_survey` FOREIGN KEY (`bonus_survey_id`) REFERENCES `bonus_surveys` (`bonus_survey_id`),
  CONSTRAINT `fk_bsp_user` FOREIGN KEY (`user_id`) REFERENCES `user_pool` (`user_id`)
) ENGINE=InnoDB AUTO_INCREMENT=2 DEFAULT CHARSET=utf8mb4 COLLATE=utf8mb4_0900_ai_ci;
/*!40101 SET character_set_client = @saved_cs_client */;

--
-- Dumping data for table `bonus_survey_participation`
--

LOCK TABLES `bonus_survey_participation` WRITE;
/*!40000 ALTER TABLE `bonus_survey_participation` DISABLE KEYS */;
INSERT INTO `bonus_survey_participation` VALUES (1,24,'userid_4fec82c7eea61','0000-00-00 00:00:00','','2026-01-31 05:24:02','64fe17adeb60475388de1eb74327ecc7',NULL,'2026-01-31 05:24:05');
/*!40000 ALTER TABLE `bonus_survey_participation` ENABLE KEYS */;
UNLOCK TABLES;

--
-- Table structure for table `bonus_survey_targeting_rules`
--

DROP TABLE IF EXISTS `bonus_survey_targeting_rules`;
/*!40101 SET @saved_cs_client     = @@character_set_client */;
/*!50503 SET character_set_client = utf8mb4 */;
CREATE TABLE `bonus_survey_targeting_rules` (
  `RuleID` bigint NOT NULL AUTO_INCREMENT,
  `BonusSurveyID` bigint NOT NULL,
  `Criterion` varchar(64) NOT NULL,
  `Operator` varchar(16) NOT NULL DEFAULT '=',
  `Value` varchar(255) NOT NULL,
  `ValueType` varchar(32) NOT NULL,
  `Description` varchar(255) DEFAULT NULL,
  `CreatedAt` datetime NOT NULL DEFAULT CURRENT_TIMESTAMP,
  `CreatedByUserID` varchar(64) NOT NULL,
  PRIMARY KEY (`RuleID`)
) ENGINE=InnoDB AUTO_INCREMENT=400 DEFAULT CHARSET=utf8mb4 COLLATE=utf8mb4_0900_ai_ci;
/*!40101 SET character_set_client = @saved_cs_client */;

--
-- Dumping data for table `bonus_survey_targeting_rules`
--

LOCK TABLES `bonus_survey_targeting_rules` WRITE;
/*!40000 ALTER TABLE `bonus_survey_targeting_rules` DISABLE KEYS */;
INSERT INTO `bonus_survey_targeting_rules` VALUES (288,19,'job_function','IN','engineering','enum','Job function','2026-01-26 02:17:54','userid_4fec82c7eea61'),(289,19,'job_function','IN','design','enum','Job function','2026-01-26 02:17:54','userid_4fec82c7eea61'),(290,19,'job_function','IN','product','enum','Job function','2026-01-26 02:17:54','userid_4fec82c7eea61'),(291,19,'job_function','IN','marketing','enum','Job function','2026-01-26 02:17:54','userid_4fec82c7eea61'),(292,19,'job_function','IN','sales','enum','Job function','2026-01-26 02:17:54','userid_4fec82c7eea61'),(293,19,'job_function','IN','support','enum','Job function','2026-01-26 02:17:54','userid_4fec82c7eea61'),(294,19,'job_function','IN','operations','enum','Job function','2026-01-26 02:17:54','userid_4fec82c7eea61'),(295,19,'primary_os','IN','windows','enum','Primary operating system','2026-01-26 02:17:54','userid_4fec82c7eea61'),(296,19,'primary_os','IN','macos','enum','Primary operating system','2026-01-26 02:17:54','userid_4fec82c7eea61'),(297,19,'primary_os','IN','linux','enum','Primary operating system','2026-01-26 02:17:54','userid_4fec82c7eea61'),(298,19,'phone_os','IN','ios','enum','Primary phone OS','2026-01-26 02:17:54','userid_4fec82c7eea61'),(299,19,'gender','IN','female','enum','Self-reported gender','2026-01-26 02:17:54','userid_4fec82c7eea61'),(300,19,'gender','IN','male','enum','Self-reported gender','2026-01-26 02:17:54','userid_4fec82c7eea61'),(301,19,'gender','IN','nonbinary','enum','Self-reported gender','2026-01-26 02:17:54','userid_4fec82c7eea61'),(302,20,'job_function','IN','engineering','enum','Job function','2026-01-26 03:07:59','userid_4fec82c7eea61'),(303,20,'job_function','IN','design','enum','Job function','2026-01-26 03:07:59','userid_4fec82c7eea61'),(304,20,'job_function','IN','product','enum','Job function','2026-01-26 03:07:59','userid_4fec82c7eea61'),(305,20,'job_function','IN','marketing','enum','Job function','2026-01-26 03:07:59','userid_4fec82c7eea61'),(306,20,'job_function','IN','sales','enum','Job function','2026-01-26 03:07:59','userid_4fec82c7eea61'),(307,20,'job_function','IN','support','enum','Job function','2026-01-26 03:07:59','userid_4fec82c7eea61'),(308,20,'job_function','IN','operations','enum','Job function','2026-01-26 03:07:59','userid_4fec82c7eea61'),(309,20,'primary_os','IN','windows','enum','Primary operating system','2026-01-26 03:07:59','userid_4fec82c7eea61'),(310,20,'primary_os','IN','macos','enum','Primary operating system','2026-01-26 03:07:59','userid_4fec82c7eea61'),(311,20,'primary_os','IN','linux','enum','Primary operating system','2026-01-26 03:07:59','userid_4fec82c7eea61'),(312,20,'phone_os','IN','ios','enum','Primary phone OS','2026-01-26 03:07:59','userid_4fec82c7eea61'),(313,20,'gender','IN','female','enum','Self-reported gender','2026-01-26 03:07:59','userid_4fec82c7eea61'),(314,20,'gender','IN','male','enum','Self-reported gender','2026-01-26 03:07:59','userid_4fec82c7eea61'),(315,20,'gender','IN','nonbinary','enum','Self-reported gender','2026-01-26 03:07:59','userid_4fec82c7eea61'),(316,21,'job_function','IN','engineering','enum','Job function','2026-01-26 03:20:23','userid_4fec82c7eea61'),(317,21,'job_function','IN','design','enum','Job function','2026-01-26 03:20:23','userid_4fec82c7eea61'),(318,21,'job_function','IN','product','enum','Job function','2026-01-26 03:20:23','userid_4fec82c7eea61'),(319,21,'job_function','IN','marketing','enum','Job function','2026-01-26 03:20:23','userid_4fec82c7eea61'),(320,21,'job_function','IN','sales','enum','Job function','2026-01-26 03:20:23','userid_4fec82c7eea61'),(321,21,'job_function','IN','support','enum','Job function','2026-01-26 03:20:23','userid_4fec82c7eea61'),(322,21,'job_function','IN','operations','enum','Job function','2026-01-26 03:20:23','userid_4fec82c7eea61'),(323,21,'primary_os','IN','windows','enum','Primary operating system','2026-01-26 03:20:23','userid_4fec82c7eea61'),(324,21,'primary_os','IN','macos','enum','Primary operating system','2026-01-26 03:20:23','userid_4fec82c7eea61'),(325,21,'primary_os','IN','linux','enum','Primary operating system','2026-01-26 03:20:23','userid_4fec82c7eea61'),(326,21,'phone_os','IN','ios','enum','Primary phone OS','2026-01-26 03:20:23','userid_4fec82c7eea61'),(327,21,'gender','IN','female','enum','Self-reported gender','2026-01-26 03:20:23','userid_4fec82c7eea61'),(328,21,'gender','IN','male','enum','Self-reported gender','2026-01-26 03:20:23','userid_4fec82c7eea61'),(329,21,'gender','IN','nonbinary','enum','Self-reported gender','2026-01-26 03:20:23','userid_4fec82c7eea61'),(330,22,'job_function','IN','engineering','enum','Job function','2026-01-27 08:15:15','userid_4fec82c7eea61'),(331,22,'job_function','IN','design','enum','Job function','2026-01-27 08:15:15','userid_4fec82c7eea61'),(332,22,'job_function','IN','product','enum','Job function','2026-01-27 08:15:15','userid_4fec82c7eea61'),(333,22,'job_function','IN','marketing','enum','Job function','2026-01-27 08:15:15','userid_4fec82c7eea61'),(334,22,'job_function','IN','sales','enum','Job function','2026-01-27 08:15:15','userid_4fec82c7eea61'),(335,22,'job_function','IN','support','enum','Job function','2026-01-27 08:15:15','userid_4fec82c7eea61'),(336,22,'job_function','IN','operations','enum','Job function','2026-01-27 08:15:15','userid_4fec82c7eea61'),(337,22,'primary_os','IN','windows','enum','Primary operating system','2026-01-27 08:15:15','userid_4fec82c7eea61'),(338,22,'primary_os','IN','macos','enum','Primary operating system','2026-01-27 08:15:15','userid_4fec82c7eea61'),(339,22,'primary_os','IN','linux','enum','Primary operating system','2026-01-27 08:15:15','userid_4fec82c7eea61'),(340,22,'phone_os','IN','ios','enum','Primary phone OS','2026-01-27 08:15:15','userid_4fec82c7eea61'),(341,22,'gender','IN','female','enum','Self-reported gender','2026-01-27 08:15:15','userid_4fec82c7eea61'),(342,22,'gender','IN','male','enum','Self-reported gender','2026-01-27 08:15:15','userid_4fec82c7eea61'),(343,22,'gender','IN','nonbinary','enum','Self-reported gender','2026-01-27 08:15:15','userid_4fec82c7eea61'),(344,23,'job_function','IN','engineering','enum','Job function','2026-01-29 10:09:10','userid_4fec82c7eea61'),(345,23,'job_function','IN','design','enum','Job function','2026-01-29 10:09:10','userid_4fec82c7eea61'),(346,23,'job_function','IN','product','enum','Job function','2026-01-29 10:09:10','userid_4fec82c7eea61'),(347,23,'job_function','IN','marketing','enum','Job function','2026-01-29 10:09:10','userid_4fec82c7eea61'),(348,23,'job_function','IN','sales','enum','Job function','2026-01-29 10:09:10','userid_4fec82c7eea61'),(349,23,'job_function','IN','support','enum','Job function','2026-01-29 10:09:10','userid_4fec82c7eea61'),(350,23,'job_function','IN','operations','enum','Job function','2026-01-29 10:09:10','userid_4fec82c7eea61'),(351,23,'primary_os','IN','windows','enum','Primary operating system','2026-01-29 10:09:10','userid_4fec82c7eea61'),(352,23,'primary_os','IN','macos','enum','Primary operating system','2026-01-29 10:09:10','userid_4fec82c7eea61'),(353,23,'primary_os','IN','linux','enum','Primary operating system','2026-01-29 10:09:10','userid_4fec82c7eea61'),(354,23,'phone_os','IN','ios','enum','Primary phone OS','2026-01-29 10:09:10','userid_4fec82c7eea61'),(355,23,'gender','IN','female','enum','Self-reported gender','2026-01-29 10:09:10','userid_4fec82c7eea61'),(356,23,'gender','IN','male','enum','Self-reported gender','2026-01-29 10:09:10','userid_4fec82c7eea61'),(357,23,'gender','IN','nonbinary','enum','Self-reported gender','2026-01-29 10:09:10','userid_4fec82c7eea61'),(358,24,'job_function','IN','engineering','enum','Job function','2026-01-31 05:11:19','userid_4fec82c7eea61'),(359,24,'job_function','IN','design','enum','Job function','2026-01-31 05:11:19','userid_4fec82c7eea61'),(360,24,'job_function','IN','product','enum','Job function','2026-01-31 05:11:19','userid_4fec82c7eea61'),(361,24,'job_function','IN','marketing','enum','Job function','2026-01-31 05:11:19','userid_4fec82c7eea61'),(362,24,'job_function','IN','sales','enum','Job function','2026-01-31 05:11:19','userid_4fec82c7eea61'),(363,24,'job_function','IN','support','enum','Job function','2026-01-31 05:11:19','userid_4fec82c7eea61'),(364,24,'job_function','IN','operations','enum','Job function','2026-01-31 05:11:19','userid_4fec82c7eea61'),(365,24,'primary_os','IN','windows','enum','Primary operating system','2026-01-31 05:11:19','userid_4fec82c7eea61'),(366,24,'primary_os','IN','macos','enum','Primary operating system','2026-01-31 05:11:19','userid_4fec82c7eea61'),(367,24,'primary_os','IN','linux','enum','Primary operating system','2026-01-31 05:11:19','userid_4fec82c7eea61'),(368,24,'phone_os','IN','ios','enum','Primary phone OS','2026-01-31 05:11:19','userid_4fec82c7eea61'),(369,24,'gender','IN','female','enum','Self-reported gender','2026-01-31 05:11:19','userid_4fec82c7eea61'),(370,24,'gender','IN','male','enum','Self-reported gender','2026-01-31 05:11:19','userid_4fec82c7eea61'),(371,24,'gender','IN','nonbinary','enum','Self-reported gender','2026-01-31 05:11:19','userid_4fec82c7eea61'),(372,25,'job_function','IN','engineering','enum','Job function','2026-02-05 07:57:48','userid_4fec82c7eea61'),(373,25,'job_function','IN','design','enum','Job function','2026-02-05 07:57:48','userid_4fec82c7eea61'),(374,25,'job_function','IN','product','enum','Job function','2026-02-05 07:57:48','userid_4fec82c7eea61'),(375,25,'job_function','IN','marketing','enum','Job function','2026-02-05 07:57:48','userid_4fec82c7eea61'),(376,25,'job_function','IN','sales','enum','Job function','2026-02-05 07:57:48','userid_4fec82c7eea61'),(377,25,'job_function','IN','support','enum','Job function','2026-02-05 07:57:48','userid_4fec82c7eea61'),(378,25,'job_function','IN','operations','enum','Job function','2026-02-05 07:57:48','userid_4fec82c7eea61'),(379,25,'primary_os','IN','windows','enum','Primary operating system','2026-02-05 07:57:48','userid_4fec82c7eea61'),(380,25,'primary_os','IN','macos','enum','Primary operating system','2026-02-05 07:57:48','userid_4fec82c7eea61'),(381,25,'primary_os','IN','linux','enum','Primary operating system','2026-02-05 07:57:48','userid_4fec82c7eea61'),(382,25,'phone_os','IN','ios','enum','Primary phone OS','2026-02-05 07:57:48','userid_4fec82c7eea61'),(383,25,'gender','IN','female','enum','Self-reported gender','2026-02-05 07:57:48','userid_4fec82c7eea61'),(384,25,'gender','IN','male','enum','Self-reported gender','2026-02-05 07:57:48','userid_4fec82c7eea61'),(385,25,'gender','IN','nonbinary','enum','Self-reported gender','2026-02-05 07:57:48','userid_4fec82c7eea61'),(386,26,'job_function','IN','engineering','enum','Job function','2026-02-11 02:07:14','userid_4fec82c7eea61'),(387,26,'job_function','IN','design','enum','Job function','2026-02-11 02:07:14','userid_4fec82c7eea61'),(388,26,'job_function','IN','product','enum','Job function','2026-02-11 02:07:14','userid_4fec82c7eea61'),(389,26,'job_function','IN','marketing','enum','Job function','2026-02-11 02:07:14','userid_4fec82c7eea61'),(390,26,'job_function','IN','sales','enum','Job function','2026-02-11 02:07:14','userid_4fec82c7eea61'),(391,26,'job_function','IN','support','enum','Job function','2026-02-11 02:07:14','userid_4fec82c7eea61'),(392,26,'job_function','IN','operations','enum','Job function','2026-02-11 02:07:14','userid_4fec82c7eea61'),(393,26,'primary_os','IN','windows','enum','Primary operating system','2026-02-11 02:07:14','userid_4fec82c7eea61'),(394,26,'primary_os','IN','macos','enum','Primary operating system','2026-02-11 02:07:14','userid_4fec82c7eea61'),(395,26,'primary_os','IN','linux','enum','Primary operating system','2026-02-11 02:07:14','userid_4fec82c7eea61'),(396,26,'phone_os','IN','ios','enum','Primary phone OS','2026-02-11 02:07:14','userid_4fec82c7eea61'),(397,26,'gender','IN','female','enum','Self-reported gender','2026-02-11 02:07:14','userid_4fec82c7eea61'),(398,26,'gender','IN','male','enum','Self-reported gender','2026-02-11 02:07:14','userid_4fec82c7eea61'),(399,26,'gender','IN','nonbinary','enum','Self-reported gender','2026-02-11 02:07:14','userid_4fec82c7eea61');
/*!40000 ALTER TABLE `bonus_survey_targeting_rules` ENABLE KEYS */;
UNLOCK TABLES;

--
-- Table structure for table `bonus_survey_tracker`
--

DROP TABLE IF EXISTS `bonus_survey_tracker`;
/*!40101 SET @saved_cs_client     = @@character_set_client */;
/*!50503 SET character_set_client = utf8mb4 */;
CREATE TABLE `bonus_survey_tracker` (
  `tracker_id` bigint NOT NULL AUTO_INCREMENT,
  `survey_id` int NOT NULL,
  `current_state` enum('pending','changes_requested','active','rejected') NOT NULL,
  `created_at` datetime NOT NULL DEFAULT CURRENT_TIMESTAMP,
  `locked_at` datetime DEFAULT NULL,
  PRIMARY KEY (`tracker_id`),
  UNIQUE KEY `uq_bonus_survey_tracker_survey` (`survey_id`),
  CONSTRAINT `fk_bonus_survey_tracker_survey` FOREIGN KEY (`survey_id`) REFERENCES `bonus_surveys` (`bonus_survey_id`) ON DELETE CASCADE
) ENGINE=InnoDB AUTO_INCREMENT=5 DEFAULT CHARSET=utf8mb4 COLLATE=utf8mb4_0900_ai_ci;
/*!40101 SET character_set_client = @saved_cs_client */;

--
-- Dumping data for table `bonus_survey_tracker`
--

LOCK TABLES `bonus_survey_tracker` WRITE;
/*!40000 ALTER TABLE `bonus_survey_tracker` DISABLE KEYS */;
INSERT INTO `bonus_survey_tracker` VALUES (1,23,'active','2026-01-29 10:09:05','2026-01-30 05:01:42'),(2,24,'active','2026-01-31 05:11:13','2026-01-31 05:21:31'),(3,25,'pending','2026-02-05 07:57:44',NULL),(4,26,'pending','2026-02-11 02:07:09',NULL);
/*!40000 ALTER TABLE `bonus_survey_tracker` ENABLE KEYS */;
UNLOCK TABLES;

--
-- Table structure for table `bonus_survey_tracker_entries`
--

DROP TABLE IF EXISTS `bonus_survey_tracker_entries`;
/*!40101 SET @saved_cs_client     = @@character_set_client */;
/*!50503 SET character_set_client = utf8mb4 */;
CREATE TABLE `bonus_survey_tracker_entries` (
  `entry_id` bigint NOT NULL AUTO_INCREMENT,
  `tracker_id` bigint NOT NULL,
  `entry_type` enum('submitted','info_requested','info_response','changes_requested','resubmitted','approved','rejected') NOT NULL,
  `actor_user_id` varchar(64) NOT NULL,
  `reason_code` enum('more_information','request_change','unsuitable') DEFAULT NULL,
  `detail_text` text,
  `resolves_entry_id` bigint DEFAULT NULL,
  `created_at` datetime NOT NULL DEFAULT CURRENT_TIMESTAMP,
  PRIMARY KEY (`entry_id`),
  KEY `fk_tracker_entries_tracker` (`tracker_id`),
  KEY `fk_tracker_entries_actor` (`actor_user_id`),
  KEY `fk_tracker_entries_resolves` (`resolves_entry_id`),
  CONSTRAINT `fk_tracker_entries_actor` FOREIGN KEY (`actor_user_id`) REFERENCES `user_pool` (`user_id`),
  CONSTRAINT `fk_tracker_entries_resolves` FOREIGN KEY (`resolves_entry_id`) REFERENCES `bonus_survey_tracker_entries` (`entry_id`),
  CONSTRAINT `fk_tracker_entries_tracker` FOREIGN KEY (`tracker_id`) REFERENCES `bonus_survey_tracker` (`tracker_id`) ON DELETE CASCADE
) ENGINE=InnoDB AUTO_INCREMENT=7 DEFAULT CHARSET=utf8mb4 COLLATE=utf8mb4_0900_ai_ci;
/*!40101 SET character_set_client = @saved_cs_client */;

--
-- Dumping data for table `bonus_survey_tracker_entries`
--

LOCK TABLES `bonus_survey_tracker_entries` WRITE;
/*!40000 ALTER TABLE `bonus_survey_tracker_entries` DISABLE KEYS */;
INSERT INTO `bonus_survey_tracker_entries` VALUES (1,1,'submitted','userid_4fec82c7eea61',NULL,NULL,NULL,'2026-01-29 10:09:07'),(2,1,'approved','userid_4fec82c7eea61',NULL,NULL,NULL,'2026-01-30 05:01:42'),(3,2,'submitted','userid_4fec82c7eea61',NULL,NULL,NULL,'2026-01-31 05:11:16'),(4,2,'approved','userid_4fec82c7eea61',NULL,NULL,NULL,'2026-01-31 05:21:31'),(5,3,'submitted','userid_4fec82c7eea61',NULL,NULL,NULL,'2026-02-05 07:57:46'),(6,4,'submitted','userid_4fec82c7eea61',NULL,NULL,NULL,'2026-02-11 02:07:12');
/*!40000 ALTER TABLE `bonus_survey_tracker_entries` ENABLE KEYS */;
UNLOCK TABLES;

--
-- Table structure for table `bonus_surveys`
--

DROP TABLE IF EXISTS `bonus_surveys`;
/*!40101 SET @saved_cs_client     = @@character_set_client */;
/*!50503 SET character_set_client = utf8mb4 */;
CREATE TABLE `bonus_surveys` (
  `bonus_survey_id` int NOT NULL AUTO_INCREMENT,
  `created_by_user_id` varchar(32) NOT NULL,
  `survey_title` varchar(255) NOT NULL,
  `survey_link` text NOT NULL,
  `response_destination` text NOT NULL,
  `open_at` datetime DEFAULT NULL,
  `close_at` datetime DEFAULT NULL,
  `status` varchar(32) DEFAULT NULL COMMENT 'pending_approval | approved | active | archived',
  `created_at` datetime NOT NULL DEFAULT CURRENT_TIMESTAMP,
  `updated_at` datetime NOT NULL DEFAULT CURRENT_TIMESTAMP ON UPDATE CURRENT_TIMESTAMP,
  PRIMARY KEY (`bonus_survey_id`),
  KEY `fk_bonus_surveys_created_by_user` (`created_by_user_id`),
  CONSTRAINT `fk_bonus_surveys_created_by_user` FOREIGN KEY (`created_by_user_id`) REFERENCES `user_pool` (`user_id`),
  CONSTRAINT `chk_bonus_surveys_status` CHECK ((`status` in (_utf8mb4'pending_approval',_utf8mb4'approved',_utf8mb4'active',_utf8mb4'archived')))
) ENGINE=InnoDB AUTO_INCREMENT=27 DEFAULT CHARSET=utf8mb4 COLLATE=utf8mb4_0900_ai_ci;
/*!40101 SET character_set_client = @saved_cs_client */;

--
-- Dumping data for table `bonus_surveys`
--

LOCK TABLES `bonus_surveys` WRITE;
/*!40000 ALTER TABLE `bonus_surveys` DISABLE KEYS */;
INSERT INTO `bonus_surveys` VALUES (19,'userid_4fec82c7eea61','Dinobot','https://docs.google.com/forms/d/e/1FAIpQLSeI9AZ0WGIs5eEIuwlz9rMbax6ck79cKWDIRZW0e7Wwk1UQtMA/viewform?usp=pp_url&entry.1711341715=user_token_here','Me Grimlock, leader of Dinobots, have official mission statement! It very professional. Listen close:\r\n\'WE FIND WEAK THINGS. WE CRUNCH THEM. THEN WE FIND BIGGER THINGS... AND CRUNCH THEM TOO. IF IT NOT CRUNCHABLE, WE STOMP UNTIL IT IS.\'','2026-01-26 00:00:00','2026-02-06 00:00:00','pending_approval','2026-01-26 02:17:50','2026-01-26 02:17:50'),(20,'userid_4fec82c7eea61','Decipticon','https://docs.google.com/forms/d/e/1FAIpQL1SeI9AZ0WGIs5eEIuwlz9rMbax6ck79cKWDIRZW0e7WwkUQtMA/viewform?usp=pp_url&entry.1711341715=user_token_here','Crush the autobots. Reclaim Cybertron. Take rightful ownership of Matrix of Leadership','2026-01-26 00:00:00','2026-02-06 00:00:00','pending_approval','2026-01-26 03:07:56','2026-01-26 03:07:56'),(21,'userid_4fec82c7eea61','Autobot','https://docs.google.com/forms/d/e/1FAIpQLSeI9AZ0WGIs5eEIuwlz9rMb1ax6ck79cKWDIRZW0e7WwkUQtMA/viewform?usp=pp_url&entry.1711341715=user_token_here','Protect the Earth. Protect Cybertron. Protect Humans.','2026-01-26 00:00:00','2026-02-06 00:00:00','pending_approval','2026-01-26 03:20:21','2026-01-26 03:20:21'),(22,'userid_4fec82c7eea61','Cybertron','https://docs.google.com/forms/d/e/1FAIpQLSeI9AZ0WGIs5eEIuwlz9rMbax6ck79cKWDIRZW0e7WwkU1QtMA/viewform?usp=pp_url&entry.1711341715=user_token_here','Peace on Cybertron. Settle Autobot and Decepticon differences. Enough Energon for all','2026-01-27 00:00:00','2026-02-14 00:00:00','pending_approval','2026-01-27 08:15:13','2026-01-27 08:15:13'),(23,'userid_4fec82c7eea61','Optimus Prime','https://docs.google.com/forms/d/e/1FAIpQLSeI9AZ0WGIs5eEIuwlz9rMbax6ck79cKWDIRZW0e71WwkUQtMA/viewform?usp=pp_url&entry.1711341715=user_token_here','To restore peace across the universe and to stand up against tyranny wherever it flourishes.','2026-01-29 00:00:00','2026-02-14 00:00:00','active','2026-01-29 10:09:02','2026-01-30 05:01:45'),(24,'userid_4fec82c7eea61','Logitech Support Site Survey','https://docs.google.com/forms/d/e/1FAIpQLScP37QGlXiUyryFrBobY0b6V62RZkmA83rBQJ_lp52BIWhdOQ/viewform?usp=pp_url&entry.1711341715=user_token_here','Evaluation of the current capabilities of our support website and to identify any gaps or needs that are not being addressed.','2026-03-09 00:00:00','2026-04-10 00:00:00','active','2026-01-31 05:11:10','2026-01-31 05:21:34'),(25,'userid_4fec82c7eea61','Uncanny Avengers','https://docs.google.com/forms/d/e/1FAIpQLSeI9A1Z0WGIs5eEIuwlz9rMbax6ck79cKWDIRZW0e7WwkUQtMA/viewform?usp=pp_url&entry.1711341715=user_token_here','Find out about you','2026-02-12 00:00:00','2026-02-18 00:00:00','active','2026-02-05 07:57:41','2026-03-05 05:54:22'),(26,'userid_4fec82c7eea61','Cortado','https://docs.google.com/forms/d/e/1FAIpQLSc1QtXn_2dkgUb6tx69HTUl7xEyLDT5y7pxPVkyGLI2xYPs2Q/viewform?usp=pp_url&entry.1711341715=user_token_here','To determine market readiness of keys to go 2','2026-02-28 00:00:00','2026-03-31 00:00:00','active','2026-02-11 02:07:07','2026-02-11 02:35:36');
/*!40000 ALTER TABLE `bonus_surveys` ENABLE KEYS */;
UNLOCK TABLES;

--
-- Table structure for table `notification_delivery_log`
--

DROP TABLE IF EXISTS `notification_delivery_log`;
/*!40101 SET @saved_cs_client     = @@character_set_client */;
/*!50503 SET character_set_client = utf8mb4 */;
CREATE TABLE `notification_delivery_log` (
  `delivery_id` bigint NOT NULL AUTO_INCREMENT,
  `notification_id` char(36) NOT NULL,
  `user_id` varchar(64) NOT NULL,
  `channel` enum('in_app','email','sms') NOT NULL,
  `status` enum('sent','failed') NOT NULL,
  `error_message` text,
  `created_at` datetime NOT NULL DEFAULT CURRENT_TIMESTAMP,
  PRIMARY KEY (`delivery_id`)
) ENGINE=InnoDB DEFAULT CHARSET=utf8mb4 COLLATE=utf8mb4_0900_ai_ci;
/*!40101 SET character_set_client = @saved_cs_client */;

--
-- Dumping data for table `notification_delivery_log`
--

LOCK TABLES `notification_delivery_log` WRITE;
/*!40000 ALTER TABLE `notification_delivery_log` DISABLE KEYS */;
/*!40000 ALTER TABLE `notification_delivery_log` ENABLE KEYS */;
UNLOCK TABLES;

--
-- Table structure for table `notification_notifications`
--

DROP TABLE IF EXISTS `notification_notifications`;
/*!40101 SET @saved_cs_client     = @@character_set_client */;
/*!50503 SET character_set_client = utf8mb4 */;
CREATE TABLE `notification_notifications` (
  `notification_id` char(36) NOT NULL,
  `notification_type_id` int NOT NULL,
  `payload` json DEFAULT NULL,
  `created_by` varchar(64) DEFAULT NULL,
  `created_at` datetime NOT NULL DEFAULT CURRENT_TIMESTAMP,
  PRIMARY KEY (`notification_id`),
  KEY `notification_type_id` (`notification_type_id`),
  CONSTRAINT `notification_notifications_ibfk_1` FOREIGN KEY (`notification_type_id`) REFERENCES `notification_types` (`notification_type_id`)
) ENGINE=InnoDB DEFAULT CHARSET=utf8mb4 COLLATE=utf8mb4_0900_ai_ci;
/*!40101 SET character_set_client = @saved_cs_client */;

--
-- Dumping data for table `notification_notifications`
--

LOCK TABLES `notification_notifications` WRITE;
/*!40000 ALTER TABLE `notification_notifications` DISABLE KEYS */;
INSERT INTO `notification_notifications` VALUES ('0042910b-fc15-459b-843b-97b13308132a',5,'{\"reason\": \"I need to know where you got that dress.\"}','userid_4fec82c7eea61','2026-02-09 03:38:23'),('0229481f-9684-4fa1-8c66-69df0e0466af',2,'{\"project_id\": \"be12d32c-da9d-4e5a-88c6-bc767dbd08ee\", \"trial_type\": \"ut_trial\", \"user_amount\": null, \"project_name\": \"Supersonic\", \"requested_by\": \"userid_4fec82c7eea61\", \"business_group\": \"Smart Phone\", \"product_category\": \"Flagship Smartphone\", \"estimated_end_date\": null, \"estimated_start_date\": \"2026-03-01\"}','userid_4fec82c7eea61','2026-02-08 07:33:00'),('064d7819-857a-40e7-86ae-bc6bce47f0a5',9,'{\"round_id\": 8, \"ut_lead_id\": \"userid_4fec82c7eea61\"}','userid_4fec82c7eea61','2026-03-05 05:54:13'),('0b67fd30-fe16-402e-aaab-53d103a2d685',2,'{\"project_id\": \"c18b9f2a-e2f5-477f-9117-0af1d0c8fa6a\", \"project_name\": \"Remo\", \"submitted_by\": \"userid_4fec82c7eea61\", \"business_group\": \"Logi G & C\"}','userid_4fec82c7eea61','2026-02-05 05:51:53'),('0e1e7f1b-450b-450f-ba5d-26b8aa227adb',9,'{\"round_id\": 11, \"ut_lead_id\": \"userid_4fec82c7eea61\"}','userid_4fec82c7eea61','2026-03-05 04:48:43'),('0f803d7f-fd5f-40e9-8fe7-10a99d11d46b',3,'{\"reason\": \"Firmware not mature enough for Trial.\"}','userid_4fec82c7eea61','2026-02-06 08:24:15'),('213dfb22-9308-4101-9238-530af9d6bfbc',10,'{\"survey_title\": \"Uncanny Avengers\", \"bonus_survey_id\": 25}','userid_4fec82c7eea61','2026-03-05 05:54:24'),('251f8eb0-4f87-4401-b989-68f7b8975390',1,'{\"submitted_by\": \"userid_4fec82c7eea61\", \"survey_title\": \"Autobot\", \"bonus_survey_id\": 21}','userid_4fec82c7eea61','2026-01-26 03:20:26'),('280c11f3-163f-49bc-8eb3-14e7a5c0d4ed',5,'{\"reason\": \"What is the air speed velocity of a laden swallow?\"}','userid_4fec82c7eea61','2026-02-09 04:09:53'),('35735d51-3a37-4c8d-8ce3-3355d1916368',1,'{\"submitted_by\": \"userid_4fec82c7eea61\", \"survey_title\": \"Decipticon\", \"bonus_survey_id\": 20}','userid_4fec82c7eea61','2026-01-26 03:08:02'),('41af96eb-3d76-4ea6-8e09-92ccd7fea9b2',5,'{\"reason\": \"Explain why the sky is blue\"}','userid_4fec82c7eea61','2026-02-09 09:33:42'),('420e8d1a-d18e-40bb-a139-b8b5050577c4',9,'{\"round_id\": 14, \"ut_lead_id\": \"userid_4fec82c7eea61\"}','userid_4fec82c7eea61','2026-02-09 07:05:45'),('450beeef-0ec4-4b71-9af3-700739c22b26',2,'{\"project_id\": \"fb895aec-0581-45dc-a411-2e6ce4cf1144\", \"project_name\": \"Remo2\", \"submitted_by\": \"userid_4fec82c7eea61\", \"business_group\": \"Logi G & C\"}','userid_4fec82c7eea61','2026-02-05 06:01:10'),('486a70aa-d155-4b92-9cf7-1fc8dd1c14eb',11,'{\"reason\": \"Please revise the ship date and clarify Gate X timing.\"}','userid_4fec82c7eea61','2026-02-06 12:09:23'),('549f6786-b6d4-4236-8a7d-82762015e899',1,'{\"submitted_by\": \"userid_4fec82c7eea61\", \"survey_title\": \"Logitech Support Site Survey\", \"bonus_survey_id\": 24}','userid_4fec82c7eea61','2026-01-31 05:11:21'),('5c524c19-641d-471a-9dbd-f24ea039ddc7',9,'{\"round_id\": 18, \"ut_lead_id\": \"userid_4fec82c7eea61\"}','userid_4fec82c7eea61','2026-02-09 07:17:16'),('66d36cd1-1850-11f1-b88b-1e1ea10fb097',7,'{\"round_id\": 11, \"round_name\": \"Dark Knight – Round 1\"}','system','2026-03-05 05:01:42'),('725c6a04-6c4b-4301-bb98-0c9777e3c626',17,'{\"round_id\": 9, \"round_name\": \"Remo – Round 1\"}','system','2026-03-05 06:54:24'),('743d7317-8088-4f54-af52-4ba35330b81d',1,'{\"submitted_by\": \"userid_4fec82c7eea61\", \"survey_title\": \"Cortado\", \"bonus_survey_id\": 26}','userid_4fec82c7eea61','2026-02-11 02:07:17'),('7e3fc566-4e4f-4109-8cc1-15f879a45dc3',3,'{\"reason\": \"Inappropriate reason for a trial. get it together!\"}','system','2026-02-06 08:16:00'),('846522e4-b806-4548-9892-d25dd4a456b3',1,'{\"submitted_by\": \"userid_4fec82c7eea61\", \"survey_title\": \"Uncanny Avengers\", \"bonus_survey_id\": 25}','userid_4fec82c7eea61','2026-02-05 07:57:51'),('84dc9721-bf34-44a6-8198-1e5ba9458f1c',2,'{\"project_id\": \"f314821a-441c-4dd5-8632-fa87e758c994\", \"trial_type\": \"ut_trial\", \"user_amount\": null, \"project_name\": \"Pegasus21\", \"requested_by\": \"userid_4fec82c7eea61\", \"business_group\": \"Gotham City\", \"product_category\": \"Electric Vehicle\", \"estimated_end_date\": null, \"estimated_start_date\": \"2026-02-05\"}','userid_4fec82c7eea61','2026-02-05 06:51:02'),('9a903a12-cd11-400e-bd35-170a86d7d87a',10,'{\"survey_title\": \"Cortado\", \"bonus_survey_id\": 26}','userid_4fec82c7eea61','2026-02-11 02:35:44'),('a4690433-746e-4a1d-bb67-8d8b0d7aa5cd',1,'{\"submitted_by\": \"userid_4fec82c7eea61\", \"survey_title\": \"Optimus Prime\", \"bonus_survey_id\": 23}','userid_4fec82c7eea61','2026-01-29 10:09:12'),('afe4481b-db33-4e7e-a425-a4e34b567e76',5,'{\"reason\": \"Needs more cowbell\"}','userid_4fec82c7eea61','2026-02-06 11:52:19'),('c4bfe432-2b30-467d-9c59-288595e62779',12,'{\"round_id\": 17}','userid_4fec82c7eea61','2026-02-09 09:36:44'),('cc5d033c-3612-4695-b966-25c1c9ae7a6d',1,'{\"submitted_by\": \"userid_4fec82c7eea61\", \"survey_title\": \"Cybertron\", \"bonus_survey_id\": 22}','userid_4fec82c7eea61','2026-01-27 08:15:17'),('d3acfbd9-8e15-4b19-b528-e7e7a07140e2',12,'{\"round_id\": 18}','userid_4fec82c7eea61','2026-02-09 07:17:21'),('d43b4573-93f4-44ae-9f31-631c6d57f51b',9,'{\"round_id\": 9, \"ut_lead_id\": \"userid_4fec82c7eea61\"}','userid_4fec82c7eea61','2026-03-05 05:54:06'),('d91ec4a2-1755-49ea-b13b-020585c42ba8',12,'{\"round_id\": 8}','userid_4fec82c7eea61','2026-03-05 05:54:14'),('e5b71afd-8f0a-448e-bf5e-0f1c745af1ef',2,'{\"project_id\": \"cd5db172-212f-43ff-b1e5-edb303e1b67e\", \"trial_type\": \"ut_trial\", \"user_amount\": null, \"project_name\": \"Percy\", \"requested_by\": \"userid_4fec82c7eea61\", \"business_group\": \"Olympians\", \"product_category\": \"Thunder God\", \"estimated_end_date\": null, \"estimated_start_date\": \"2026-02-20\"}','userid_4fec82c7eea61','2026-02-09 04:07:26'),('e6060859-bd87-4bbb-b4e5-ea371098143d',12,'{\"round_id\": 9}','userid_4fec82c7eea61','2026-03-05 05:54:06'),('e7f02a4a-6ef0-42e1-af87-ca6aed4db368',9,'{\"round_id\": 17, \"ut_lead_id\": \"userid_4fec82c7eea61\"}','userid_4fec82c7eea61','2026-02-09 09:36:38'),('ed3bed9e-7856-4ef3-89c0-e36fbdc760b1',12,'{\"round_id\": 11}','userid_4fec82c7eea61','2026-03-05 04:48:43'),('fdb269f3-b32d-4dba-9048-f8fb06a3f392',1,'{\"submitted_by\": \"userid_4fec82c7eea61\", \"survey_title\": \"Dinobot\", \"bonus_survey_id\": 19}','userid_4fec82c7eea61','2026-01-26 02:17:57');
/*!40000 ALTER TABLE `notification_notifications` ENABLE KEYS */;
UNLOCK TABLES;

--
-- Table structure for table `notification_recipients`
--

DROP TABLE IF EXISTS `notification_recipients`;
/*!40101 SET @saved_cs_client     = @@character_set_client */;
/*!50503 SET character_set_client = utf8mb4 */;
CREATE TABLE `notification_recipients` (
  `notification_recipient_id` bigint NOT NULL AUTO_INCREMENT,
  `notification_id` char(36) NOT NULL,
  `user_id` varchar(64) NOT NULL,
  `is_read` tinyint(1) NOT NULL DEFAULT '0',
  `read_at` datetime DEFAULT NULL,
  `is_dismissed` tinyint(1) NOT NULL DEFAULT '0',
  `dismissed_at` datetime DEFAULT NULL,
  `created_at` datetime NOT NULL DEFAULT CURRENT_TIMESTAMP,
  PRIMARY KEY (`notification_recipient_id`),
  UNIQUE KEY `uniq_notification_user` (`notification_id`,`user_id`),
  CONSTRAINT `notification_recipients_ibfk_1` FOREIGN KEY (`notification_id`) REFERENCES `notification_notifications` (`notification_id`)
) ENGINE=InnoDB AUTO_INCREMENT=41 DEFAULT CHARSET=utf8mb4 COLLATE=utf8mb4_0900_ai_ci;
/*!40101 SET character_set_client = @saved_cs_client */;

--
-- Dumping data for table `notification_recipients`
--

LOCK TABLES `notification_recipients` WRITE;
/*!40000 ALTER TABLE `notification_recipients` DISABLE KEYS */;
INSERT INTO `notification_recipients` VALUES (5,'fdb269f3-b32d-4dba-9048-f8fb06a3f392','userid_4fec82c7eea61',1,'2026-01-26 02:18:34',1,'2026-01-26 02:18:34','2026-01-26 02:18:00'),(6,'35735d51-3a37-4c8d-8ce3-3355d1916368','userid_4fec82c7eea61',1,'2026-01-26 03:10:41',0,NULL,'2026-01-26 03:08:05'),(7,'251f8eb0-4f87-4401-b989-68f7b8975390','userid_4fec82c7eea61',1,'2026-01-26 03:21:22',0,NULL,'2026-01-26 03:20:28'),(8,'cc5d033c-3612-4695-b966-25c1c9ae7a6d','userid_4fec82c7eea61',1,'2026-01-27 08:15:51',0,NULL,'2026-01-27 08:15:20'),(9,'a4690433-746e-4a1d-bb67-8d8b0d7aa5cd','userid_4fec82c7eea61',1,'2026-01-29 10:09:46',0,NULL,'2026-01-29 10:09:14'),(10,'549f6786-b6d4-4236-8a7d-82762015e899','userid_4fec82c7eea61',1,'2026-01-31 05:12:14',0,NULL,'2026-01-31 05:11:24'),(11,'0b67fd30-fe16-402e-aaab-53d103a2d685','userid_utlead_1',0,NULL,0,NULL,'2026-02-05 05:51:55'),(12,'450beeef-0ec4-4b71-9af3-700739c22b26','userid_4fec82c7eea61',1,'2026-02-05 06:01:39',0,NULL,'2026-02-05 06:01:13'),(13,'84dc9721-bf34-44a6-8198-1e5ba9458f1c','userid_4fec82c7eea61',1,'2026-02-05 06:51:34',0,NULL,'2026-02-05 06:51:05'),(14,'846522e4-b806-4548-9892-d25dd4a456b3','userid_4fec82c7eea61',1,'2026-02-05 07:58:24',0,NULL,'2026-02-05 07:57:53'),(15,'7e3fc566-4e4f-4109-8cc1-15f879a45dc3','None',0,NULL,0,NULL,'2026-02-06 08:16:02'),(16,'0f803d7f-fd5f-40e9-8fe7-10a99d11d46b','userid_4fec82c7eea61',1,'2026-02-06 08:41:16',1,'2026-02-06 08:41:16','2026-02-06 08:24:17'),(17,'afe4481b-db33-4e7e-a425-a4e34b567e76','userid_4fec82c7eea61',1,'2026-02-06 11:52:46',0,NULL,'2026-02-06 11:52:22'),(18,'486a70aa-d155-4b92-9cf7-1fc8dd1c14eb','userid_4fec82c7eea61',1,'2026-02-06 12:09:47',0,NULL,'2026-02-06 12:09:25'),(19,'0229481f-9684-4fa1-8c66-69df0e0466af','userid_4fec82c7eea61',1,'2026-02-08 07:33:48',0,NULL,'2026-02-08 07:33:02'),(20,'0042910b-fc15-459b-843b-97b13308132a','userid_4fec82c7eea61',1,'2026-02-09 03:41:43',0,NULL,'2026-02-09 03:38:26'),(21,'e5b71afd-8f0a-448e-bf5e-0f1c745af1ef','userid_4fec82c7eea61',1,'2026-02-09 04:08:01',0,NULL,'2026-02-09 04:07:29'),(22,'280c11f3-163f-49bc-8eb3-14e7a5c0d4ed','userid_4fec82c7eea61',1,'2026-02-09 04:10:36',0,NULL,'2026-02-09 04:09:56'),(23,'420e8d1a-d18e-40bb-a139-b8b5050577c4','userid_4fec82c7eea61',1,'2026-02-09 07:21:40',0,NULL,'2026-02-09 07:05:48'),(24,'5c524c19-641d-471a-9dbd-f24ea039ddc7','userid_4fec82c7eea61',1,'2026-02-09 07:20:54',0,NULL,'2026-02-09 07:17:18'),(25,'d3acfbd9-8e15-4b19-b528-e7e7a07140e2','userid_4fec82c7eea61',1,'2026-02-09 07:18:34',1,'2026-02-09 07:18:34','2026-02-09 07:17:24'),(26,'41af96eb-3d76-4ea6-8e09-92ccd7fea9b2','userid_4fec82c7eea61',1,'2026-02-09 09:34:10',0,NULL,'2026-02-09 09:33:45'),(27,'e7f02a4a-6ef0-42e1-af87-ca6aed4db368','userid_4fec82c7eea61',1,'2026-02-09 23:34:00',0,NULL,'2026-02-09 09:36:41'),(28,'c4bfe432-2b30-467d-9c59-288595e62779','userid_4fec82c7eea61',1,'2026-02-09 23:33:40',1,'2026-02-09 23:33:40','2026-02-09 09:36:47'),(29,'743d7317-8088-4f54-af52-4ba35330b81d','userid_4fec82c7eea61',1,'2026-02-11 02:12:39',0,NULL,'2026-02-11 02:07:19'),(30,'9a903a12-cd11-400e-bd35-170a86d7d87a','userid_4fec82c7eea61',1,'2026-02-11 06:21:12',1,'2026-02-11 06:21:12','2026-02-11 02:35:46'),(31,'0e1e7f1b-450b-450f-ba5d-26b8aa227adb','userid_4fec82c7eea61',1,'2026-03-05 05:48:32',0,NULL,'2026-03-05 04:48:43'),(32,'ed3bed9e-7856-4ef3-89c0-e36fbdc760b1','userid_4fec82c7eea61',1,'2026-03-05 05:48:36',0,NULL,'2026-03-05 04:48:43'),(34,'66d36cd1-1850-11f1-b88b-1e1ea10fb097','userid_4fec82c7eea61',1,'2026-03-05 05:04:04',1,'2026-03-05 05:04:04','2026-03-05 05:03:29'),(35,'d43b4573-93f4-44ae-9f31-631c6d57f51b','userid_4fec82c7eea61',1,'2026-03-05 05:54:51',1,'2026-03-05 05:54:51','2026-03-05 05:54:06'),(36,'e6060859-bd87-4bbb-b4e5-ea371098143d','userid_4fec82c7eea61',1,'2026-03-05 05:54:46',1,'2026-03-05 05:54:46','2026-03-05 05:54:06'),(37,'064d7819-857a-40e7-86ae-bc6bce47f0a5','userid_4fec82c7eea61',1,'2026-03-05 05:54:41',1,'2026-03-05 05:54:41','2026-03-05 05:54:13'),(38,'d91ec4a2-1755-49ea-b13b-020585c42ba8','userid_4fec82c7eea61',1,'2026-03-05 05:54:36',1,'2026-03-05 05:54:36','2026-03-05 05:54:14'),(39,'213dfb22-9308-4101-9238-530af9d6bfbc','userid_4fec82c7eea61',1,'2026-03-05 05:54:31',1,'2026-03-05 05:54:31','2026-03-05 05:54:24'),(40,'725c6a04-6c4b-4301-bb98-0c9777e3c626','userid_4fec82c7eea61',1,'2026-03-05 08:19:29',0,NULL,'2026-03-05 06:54:24');
/*!40000 ALTER TABLE `notification_recipients` ENABLE KEYS */;
UNLOCK TABLES;

--
-- Table structure for table `notification_types`
--

DROP TABLE IF EXISTS `notification_types`;
/*!40101 SET @saved_cs_client     = @@character_set_client */;
/*!50503 SET character_set_client = utf8mb4 */;
CREATE TABLE `notification_types` (
  `notification_type_id` int NOT NULL AUTO_INCREMENT,
  `type_key` varchar(64) NOT NULL,
  `title` varchar(128) NOT NULL,
  `description` text,
  `severity` enum('info','warning','action','critical') DEFAULT 'info',
  `created_at` datetime NOT NULL DEFAULT CURRENT_TIMESTAMP,
  `approval_intent` varchar(64) DEFAULT NULL,
  PRIMARY KEY (`notification_type_id`),
  UNIQUE KEY `type_key` (`type_key`)
) ENGINE=InnoDB AUTO_INCREMENT=19 DEFAULT CHARSET=utf8mb4 COLLATE=utf8mb4_0900_ai_ci;
/*!40101 SET character_set_client = @saved_cs_client */;

--
-- Dumping data for table `notification_types`
--

LOCK TABLES `notification_types` WRITE;
/*!40000 ALTER TABLE `notification_types` DISABLE KEYS */;
INSERT INTO `notification_types` VALUES (1,'bonus_survey_pending_approval','Bonus Survey Pending Approval','A bonus survey has been submitted and is awaiting review.','info','2026-01-25 06:56:33',NULL),(2,'product_trial_pending_approval','Product Trial Pending Approval','A product team user trial request has been submitted and is awaiting UT review.','info','2026-02-05 05:44:57','ut_review'),(3,'product_trial_declined','Product Trial Declined','Your product trial request has been declined. Please review the provided reason.','warning','2026-02-06 07:10:59','decline'),(4,'bonus_survey_declined','Bonus Survey Declined','Your bonus survey request has been declined. Please review the provided reason.','warning','2026-02-06 07:10:59','decline'),(5,'product_trial_info_requested','More Information Requested for Product Trial','The UT Lead has requested additional information for your product trial request.','info','2026-02-06 07:11:05','request_info'),(6,'bonus_survey_info_requested','More Information Requested for Bonus Survey','The UT Lead has requested additional information for your bonus survey request.','info','2026-02-06 07:11:05','request_info'),(7,'product_trial_changes_requested','Changes Requested for Product Trial','Changes are required before your product trial can be approved.','info','2026-02-06 07:11:15','request_changes'),(8,'bonus_survey_changes_requested','Changes Requested for Bonus Survey','Changes are required before your bonus survey can be approved.','info','2026-02-06 07:11:15','request_changes'),(9,'product_trial_approved','Product Trial Approved','Your product trial request has been approved and will proceed.','info','2026-02-06 07:14:01','approve'),(10,'bonus_survey_approved','Bonus Survey Approved','Your bonus survey request has been approved and is now active.','info','2026-02-06 07:14:01','approve'),(11,'product_trial_change_requested','Changes requested for product trial','UT has reviewed your request and requires changes before approval.','warning','2026-02-06 12:06:31',NULL),(12,'product_trial_assigned','Product Trial Assigned','You have been assigned as the UT Lead for a product trial.','action','2026-02-09 07:14:21','approve'),(13,'product_trial_change_accepted','Changes Accepted','The product team has accepted the requested changes.','info','2026-02-09 07:14:21',NULL),(14,'product_trial_change_countered','Changes Countered','The product team has proposed an alternative to the requested changes.','info','2026-02-09 07:14:21',NULL),(15,'product_trial_withdrawn_by_requestor','Product Trial Withdrawn','The product team has withdrawn their trial request.','warning','2026-02-09 07:14:21','decline'),(16,'trial_watch_registered','Trial Watch Registered','User requested notification when a trial begins recruiting','info','2026-03-05 05:00:53',NULL),(17,'trial_recruiting_started','Trial Recruiting Started','A trial you are watching has begun recruiting','info','2026-03-05 05:36:15',NULL),(18,'trial_recruiting_open','Recruiting is Open','A trial you are watching has started recruiting','info','2026-03-05 08:00:44',NULL);
/*!40000 ALTER TABLE `notification_types` ENABLE KEYS */;
UNLOCK TABLES;

--
-- Table structure for table `project_applicants`
--

DROP TABLE IF EXISTS `project_applicants`;
/*!40101 SET @saved_cs_client     = @@character_set_client */;
/*!50503 SET character_set_client = utf8mb4 */;
CREATE TABLE `project_applicants` (
  `ApplicantID` int NOT NULL AUTO_INCREMENT,
  `RoundID` int NOT NULL,
  `user_id` varchar(20) NOT NULL,
  `AppliedAt` datetime NOT NULL DEFAULT CURRENT_TIMESTAMP,
  `MotivationText` text,
  `MotivationScore` decimal(5,2) DEFAULT NULL,
  `MatchScore` decimal(5,2) DEFAULT NULL,
  `ReliabilityScoreSnapshot` decimal(5,2) DEFAULT NULL,
  `ScreeningStatus` enum('Applied','Screening','Eligible','Ineligible','Invited','Selected','Rejected','Withdrawn','Declined') CHARACTER SET utf8mb4 COLLATE utf8mb4_0900_ai_ci NOT NULL DEFAULT 'Applied',
  `EligibilityResult` enum('Eligible','Ineligible') DEFAULT NULL,
  `FinalDecision` enum('Selected','Rejected','Waitlisted','Withdrawn') DEFAULT NULL,
  `DecisionReason` text,
  `CreatedAt` datetime NOT NULL DEFAULT CURRENT_TIMESTAMP,
  `UpdatedAt` datetime DEFAULT NULL ON UPDATE CURRENT_TIMESTAMP,
  PRIMARY KEY (`ApplicantID`),
  UNIQUE KEY `uniq_round_user` (`RoundID`,`user_id`),
  KEY `RoundID` (`RoundID`),
  KEY `user_id` (`user_id`),
  CONSTRAINT `project_applicants_ibfk_1` FOREIGN KEY (`RoundID`) REFERENCES `project_rounds` (`RoundID`),
  CONSTRAINT `project_applicants_ibfk_2` FOREIGN KEY (`user_id`) REFERENCES `user_pool` (`user_id`)
) ENGINE=InnoDB AUTO_INCREMENT=9 DEFAULT CHARSET=utf8mb4 COLLATE=utf8mb4_0900_ai_ci;
/*!40101 SET character_set_client = @saved_cs_client */;

--
-- Dumping data for table `project_applicants`
--

LOCK TABLES `project_applicants` WRITE;
/*!40000 ALTER TABLE `project_applicants` DISABLE KEYS */;
INSERT INTO `project_applicants` VALUES (8,9,'userid_4fec82c7eea61','2026-03-05 09:56:37','Apples and Oranges',NULL,NULL,NULL,'Applied',NULL,NULL,NULL,'2026-03-05 09:56:37',NULL);
/*!40000 ALTER TABLE `project_applicants` ENABLE KEYS */;
UNLOCK TABLES;

--
-- Table structure for table `project_ndas`
--

DROP TABLE IF EXISTS `project_ndas`;
/*!40101 SET @saved_cs_client     = @@character_set_client */;
/*!50503 SET character_set_client = utf8mb4 */;
CREATE TABLE `project_ndas` (
  `NDAID` int NOT NULL AUTO_INCREMENT,
  `user_id` varchar(20) NOT NULL,
  `ProjectID` varchar(48) CHARACTER SET utf8mb4 COLLATE utf8mb4_0900_ai_ci NOT NULL,
  `RoundID` int NOT NULL,
  `ParticipantID` int DEFAULT NULL,
  `NDAStatus` enum('Pending','Unconfirmed','Signed','Expired','Superseded') NOT NULL DEFAULT 'Pending',
  `DocumentHash` char(64) NOT NULL,
  `HashAlgorithm` varchar(20) NOT NULL DEFAULT 'SHA-256',
  `FilePath` varchar(512) NOT NULL,
  `DateSent` datetime NOT NULL,
  `DateSigned` datetime DEFAULT NULL,
  `DateReceived` datetime DEFAULT NULL,
  `UpdatedAt` datetime NOT NULL DEFAULT CURRENT_TIMESTAMP ON UPDATE CURRENT_TIMESTAMP,
  PRIMARY KEY (`NDAID`),
  KEY `idx_ndas_user` (`user_id`),
  KEY `idx_ndas_project_round` (`ProjectID`,`RoundID`),
  KEY `idx_ndas_participant` (`ParticipantID`),
  KEY `fk_ndas_round` (`RoundID`),
  CONSTRAINT `fk_ndas_participant` FOREIGN KEY (`ParticipantID`) REFERENCES `project_participants` (`ParticipantID`),
  CONSTRAINT `fk_ndas_project` FOREIGN KEY (`ProjectID`) REFERENCES `project_projects` (`ProjectID`),
  CONSTRAINT `fk_ndas_round` FOREIGN KEY (`RoundID`) REFERENCES `project_rounds` (`RoundID`),
  CONSTRAINT `fk_ndas_user` FOREIGN KEY (`user_id`) REFERENCES `user_pool` (`user_id`)
) ENGINE=InnoDB DEFAULT CHARSET=utf8mb4 COLLATE=utf8mb4_0900_ai_ci;
/*!40101 SET character_set_client = @saved_cs_client */;

--
-- Dumping data for table `project_ndas`
--

LOCK TABLES `project_ndas` WRITE;
/*!40000 ALTER TABLE `project_ndas` DISABLE KEYS */;
/*!40000 ALTER TABLE `project_ndas` ENABLE KEYS */;
UNLOCK TABLES;

--
-- Table structure for table `project_participants`
--

DROP TABLE IF EXISTS `project_participants`;
/*!40101 SET @saved_cs_client     = @@character_set_client */;
/*!50503 SET character_set_client = utf8mb4 */;
CREATE TABLE `project_participants` (
  `ParticipantID` int NOT NULL AUTO_INCREMENT,
  `RoundID` int NOT NULL,
  `user_id` varchar(20) NOT NULL,
  `DeliveryType` enum('Home','Office') NOT NULL,
  `DeliveryAddressID` int DEFAULT NULL,
  `OfficeID` varchar(20) DEFAULT NULL,
  `Courier` varchar(100) DEFAULT NULL,
  `TrackingNumber` varchar(100) DEFAULT NULL,
  `ShippedAt` datetime DEFAULT NULL,
  `DeliveredAt` datetime DEFAULT NULL,
  `SelectedAt` datetime NOT NULL DEFAULT CURRENT_TIMESTAMP,
  `RoundNDA_SignedAt` datetime DEFAULT NULL,
  `ParticipantStatus` enum('Selected','Active','Completed','Dropped','Disqualified') NOT NULL DEFAULT 'Selected',
  `CompletedAt` datetime DEFAULT NULL,
  `DroppedReason` text,
  `Notes` text,
  `CreatedAt` datetime NOT NULL DEFAULT CURRENT_TIMESTAMP,
  `UpdatedAt` datetime DEFAULT NULL ON UPDATE CURRENT_TIMESTAMP,
  `SourceApplicantID` int DEFAULT NULL,
  `TrialNickname` varchar(50) NOT NULL,
  `NicknameSource` enum('SystemSuggested','UserSelected') NOT NULL DEFAULT 'SystemSuggested',
  `ProfileSnapshotCode` varchar(500) NOT NULL,
  PRIMARY KEY (`ParticipantID`),
  UNIQUE KEY `uniq_trial_nickname` (`RoundID`,`TrialNickname`),
  KEY `user_id` (`user_id`),
  KEY `fk_participant_source_applicant` (`SourceApplicantID`),
  KEY `idx_delivery_home` (`DeliveryAddressID`),
  KEY `idx_delivery_office` (`OfficeID`),
  CONSTRAINT `fk_participant_home_address` FOREIGN KEY (`DeliveryAddressID`) REFERENCES `user_home_address` (`HomeAddressID`),
  CONSTRAINT `fk_participant_office` FOREIGN KEY (`OfficeID`) REFERENCES `system_office_locations` (`OfficeID`),
  CONSTRAINT `fk_participant_source_applicant` FOREIGN KEY (`SourceApplicantID`) REFERENCES `project_applicants` (`ApplicantID`),
  CONSTRAINT `project_participants_ibfk_1` FOREIGN KEY (`RoundID`) REFERENCES `project_rounds` (`RoundID`),
  CONSTRAINT `project_participants_ibfk_2` FOREIGN KEY (`user_id`) REFERENCES `user_pool` (`user_id`)
) ENGINE=InnoDB AUTO_INCREMENT=45 DEFAULT CHARSET=utf8mb4 COLLATE=utf8mb4_0900_ai_ci;
/*!40101 SET character_set_client = @saved_cs_client */;

--
-- Dumping data for table `project_participants`
--

LOCK TABLES `project_participants` WRITE;
/*!40000 ALTER TABLE `project_participants` DISABLE KEYS */;
INSERT INTO `project_participants` VALUES (1,14,'userid_fb8b4fd007e01','Home',NULL,NULL,NULL,NULL,NULL,NULL,'2026-02-12 07:16:54',NULL,'Active',NULL,NULL,NULL,'2026-02-12 07:16:54','2026-02-12 07:16:54',NULL,'IronMan','SystemSuggested',''),(2,14,'userid_fb8b506807e01','Home',NULL,NULL,NULL,NULL,NULL,NULL,'2026-02-12 07:16:54',NULL,'Active',NULL,NULL,NULL,'2026-02-12 07:16:54','2026-02-12 07:16:54',NULL,'BlackWidow','SystemSuggested',''),(3,14,'userid_fb8b508e07e01','Home',NULL,NULL,NULL,NULL,NULL,NULL,'2026-02-12 07:16:54',NULL,'Active',NULL,NULL,NULL,'2026-02-12 07:16:54','2026-02-12 07:16:54',NULL,'CaptainAmerica','SystemSuggested',''),(4,14,'userid_fb8b50ac07e01','Home',NULL,NULL,NULL,NULL,NULL,NULL,'2026-02-12 07:16:54',NULL,'Active',NULL,NULL,NULL,'2026-02-12 07:16:54','2026-02-12 07:16:54',NULL,'Thor','SystemSuggested',''),(5,14,'userid_fb8b50c807e01','Home',NULL,NULL,NULL,NULL,NULL,NULL,'2026-02-12 07:16:54',NULL,'Active',NULL,NULL,NULL,'2026-02-12 07:16:54','2026-02-12 07:16:54',NULL,'Hulk','SystemSuggested',''),(6,14,'userid_fb8b50e707e01','Home',NULL,NULL,NULL,NULL,NULL,NULL,'2026-02-12 07:16:54',NULL,'Active',NULL,NULL,NULL,'2026-02-12 07:16:54','2026-02-12 07:16:54',NULL,'SpiderMan','SystemSuggested',''),(7,14,'userid_fb8b510307e01','Home',NULL,NULL,NULL,NULL,NULL,NULL,'2026-02-12 07:16:54',NULL,'Active',NULL,NULL,NULL,'2026-02-12 07:16:54','2026-02-12 07:16:54',NULL,'DoctorStrange','SystemSuggested',''),(8,14,'userid_fb8b512107e01','Home',NULL,NULL,NULL,NULL,NULL,NULL,'2026-02-12 07:16:54',NULL,'Active',NULL,NULL,NULL,'2026-02-12 07:16:54','2026-02-12 07:16:54',NULL,'ScarletWitch','SystemSuggested',''),(9,14,'userid_fb8b513f07e01','Home',NULL,NULL,NULL,NULL,NULL,NULL,'2026-02-12 07:16:54',NULL,'Active',NULL,NULL,NULL,'2026-02-12 07:16:54','2026-02-12 07:16:54',NULL,'BlackPanther','SystemSuggested',''),(10,14,'userid_fb8b515907e01','Home',NULL,NULL,NULL,NULL,NULL,NULL,'2026-02-12 07:16:54',NULL,'Active',NULL,NULL,NULL,'2026-02-12 07:16:54','2026-02-12 07:16:54',NULL,'Wolverine','SystemSuggested',''),(11,14,'userid_fb8b517307e01','Home',NULL,NULL,NULL,NULL,NULL,NULL,'2026-02-12 07:16:54',NULL,'Active',NULL,NULL,NULL,'2026-02-12 07:16:54','2026-02-12 07:16:54',NULL,'Deadpool','SystemSuggested',''),(12,14,'userid_fb8b518f07e01','Home',NULL,NULL,NULL,NULL,NULL,NULL,'2026-02-12 07:16:54',NULL,'Active',NULL,NULL,NULL,'2026-02-12 07:16:54','2026-02-12 07:16:54',NULL,'Batman','SystemSuggested',''),(13,14,'userid_fb8b51aa07e01','Home',NULL,NULL,NULL,NULL,NULL,NULL,'2026-02-12 07:16:54',NULL,'Active',NULL,NULL,NULL,'2026-02-12 07:16:54','2026-02-12 07:16:54',NULL,'Superman','SystemSuggested',''),(14,14,'userid_fb8b51c507e01','Home',NULL,NULL,NULL,NULL,NULL,NULL,'2026-02-12 07:16:54',NULL,'Active',NULL,NULL,NULL,'2026-02-12 07:16:54','2026-02-12 07:16:54',NULL,'WonderWoman','SystemSuggested',''),(15,14,'userid_fb8b51e107e01','Home',NULL,NULL,NULL,NULL,NULL,NULL,'2026-02-12 07:16:54',NULL,'Active',NULL,NULL,NULL,'2026-02-12 07:16:54','2026-02-12 07:16:54',NULL,'Flash','SystemSuggested',''),(16,14,'userid_fb8b51fc07e01','Home',NULL,NULL,NULL,NULL,NULL,NULL,'2026-02-12 07:16:54',NULL,'Active',NULL,NULL,NULL,'2026-02-12 07:16:54','2026-02-12 07:16:54',NULL,'Aquaman','SystemSuggested',''),(17,14,'userid_fb8b521707e01','Home',NULL,NULL,NULL,NULL,NULL,NULL,'2026-02-12 07:16:54',NULL,'Active',NULL,NULL,NULL,'2026-02-12 07:16:54','2026-02-12 07:16:54',NULL,'GreenLantern','SystemSuggested',''),(18,14,'userid_fb8b523107e01','Home',NULL,NULL,NULL,NULL,NULL,NULL,'2026-02-12 07:16:54',NULL,'Active',NULL,NULL,NULL,'2026-02-12 07:16:54','2026-02-12 07:16:54',NULL,'HarleyQuinn','SystemSuggested',''),(19,14,'userid_fb8b524c07e01','Home',NULL,NULL,NULL,NULL,NULL,NULL,'2026-02-12 07:16:54',NULL,'Active',NULL,NULL,NULL,'2026-02-12 07:16:54','2026-02-12 07:16:54',NULL,'Loki','SystemSuggested',''),(20,14,'userid_fb8b526a07e01','Home',NULL,NULL,NULL,NULL,NULL,NULL,'2026-02-12 07:16:54',NULL,'Active',NULL,NULL,NULL,'2026-02-12 07:16:54','2026-02-12 07:16:54',NULL,'Thanos','SystemSuggested',''),(21,14,'userid_fb8b528507e01','Home',NULL,NULL,NULL,NULL,NULL,NULL,'2026-02-12 07:16:54',NULL,'Active',NULL,NULL,NULL,'2026-02-12 07:16:54','2026-02-12 07:16:54',NULL,'Venom','SystemSuggested',''),(22,14,'userid_fb8b52a007e01','Home',NULL,NULL,NULL,NULL,NULL,NULL,'2026-02-12 07:16:54',NULL,'Active',NULL,NULL,NULL,'2026-02-12 07:16:54','2026-02-12 07:16:54',NULL,'MoonKnight','SystemSuggested',''),(23,14,'userid_fb8b52ba07e01','Home',NULL,NULL,NULL,NULL,NULL,NULL,'2026-02-12 07:16:54',NULL,'Active',NULL,NULL,NULL,'2026-02-12 07:16:54','2026-02-12 07:16:54',NULL,'Nightwing','SystemSuggested',''),(24,14,'userid_fb8b52d507e01','Home',NULL,NULL,NULL,NULL,NULL,NULL,'2026-02-12 07:16:54',NULL,'Active',NULL,NULL,NULL,'2026-02-12 07:16:54','2026-02-12 07:16:54',NULL,'Raven','SystemSuggested',''),(25,14,'userid_fb8b52f107e01','Home',NULL,NULL,NULL,NULL,NULL,NULL,'2026-02-12 07:16:54',NULL,'Active',NULL,NULL,NULL,'2026-02-12 07:16:54','2026-02-12 07:16:54',NULL,'Storm','SystemSuggested',''),(26,14,'userid_fb8b530d07e01','Home',NULL,NULL,NULL,NULL,NULL,NULL,'2026-02-12 07:16:54',NULL,'Active',NULL,NULL,NULL,'2026-02-12 07:16:54','2026-02-12 07:16:54',NULL,'Cyclops','SystemSuggested',''),(27,14,'userid_fb8b532707e01','Home',NULL,NULL,NULL,NULL,NULL,NULL,'2026-02-12 07:16:54',NULL,'Active',NULL,NULL,NULL,'2026-02-12 07:16:54','2026-02-12 07:16:54',NULL,'JeanGrey','SystemSuggested',''),(28,14,'userid_fb8b534207e01','Home',NULL,NULL,NULL,NULL,NULL,NULL,'2026-02-12 07:16:54',NULL,'Active',NULL,NULL,NULL,'2026-02-12 07:16:54','2026-02-12 07:16:54',NULL,'Magneto','SystemSuggested',''),(29,14,'userid_fb8b535c07e01','Home',NULL,NULL,NULL,NULL,NULL,NULL,'2026-02-12 07:16:54',NULL,'Active',NULL,NULL,NULL,'2026-02-12 07:16:54','2026-02-12 07:16:54',NULL,'GreenArrow','SystemSuggested',''),(30,14,'userid_fb8b537607e01','Home',NULL,NULL,NULL,NULL,NULL,NULL,'2026-02-12 07:16:54',NULL,'Active',NULL,NULL,NULL,'2026-02-12 07:16:54','2026-02-12 07:16:54',NULL,'Shazam','SystemSuggested',''),(31,14,'userid_fb8b539107e01','Home',NULL,NULL,NULL,NULL,NULL,NULL,'2026-02-12 07:16:54',NULL,'Active',NULL,NULL,NULL,'2026-02-12 07:16:54','2026-02-12 07:16:54',NULL,'Catwoman','SystemSuggested',''),(32,14,'userid_fb8b53ac07e01','Home',NULL,NULL,NULL,NULL,NULL,NULL,'2026-02-12 07:16:54',NULL,'Active',NULL,NULL,NULL,'2026-02-12 07:16:54','2026-02-12 07:16:54',NULL,'Daredevil','SystemSuggested',''),(33,14,'userid_fb8b53c807e01','Home',NULL,NULL,NULL,NULL,NULL,NULL,'2026-02-12 07:16:54',NULL,'Active',NULL,NULL,NULL,'2026-02-12 07:16:54','2026-02-12 07:16:54',NULL,'Punisher','SystemSuggested',''),(34,14,'userid_fb8b53e207e01','Home',NULL,NULL,NULL,NULL,NULL,NULL,'2026-02-12 07:16:54',NULL,'Active',NULL,NULL,NULL,'2026-02-12 07:16:54','2026-02-12 07:16:54',NULL,'AntMan','SystemSuggested',''),(35,14,'userid_fb8b53fd07e01','Home',NULL,NULL,NULL,NULL,NULL,NULL,'2026-02-12 07:16:54',NULL,'Active',NULL,NULL,NULL,'2026-02-12 07:16:54','2026-02-12 07:16:54',NULL,'Vision','SystemSuggested',''),(36,14,'userid_fb8b541807e01','Home',NULL,NULL,NULL,NULL,NULL,NULL,'2026-02-12 07:16:54',NULL,'Active',NULL,NULL,NULL,'2026-02-12 07:16:54','2026-02-12 07:16:54',NULL,'Hawkeye','SystemSuggested',''),(37,14,'userid_fb8b543507e01','Home',NULL,NULL,NULL,NULL,NULL,NULL,'2026-02-12 07:16:54',NULL,'Active',NULL,NULL,NULL,'2026-02-12 07:16:54','2026-02-12 07:16:54',NULL,'SheHulk','SystemSuggested',''),(38,14,'userid_fb8b545107e01','Home',NULL,NULL,NULL,NULL,NULL,NULL,'2026-02-12 07:16:54',NULL,'Active',NULL,NULL,NULL,'2026-02-12 07:16:54','2026-02-12 07:16:54',NULL,'Gamora','SystemSuggested',''),(39,14,'userid_fb8b546d07e01','Home',NULL,NULL,NULL,NULL,NULL,NULL,'2026-02-12 07:16:54',NULL,'Active',NULL,NULL,NULL,'2026-02-12 07:16:54','2026-02-12 07:16:54',NULL,'Rocket','SystemSuggested',''),(40,14,'userid_fb8b548907e01','Home',NULL,NULL,NULL,NULL,NULL,NULL,'2026-02-12 07:16:54',NULL,'Active',NULL,NULL,NULL,'2026-02-12 07:16:54','2026-02-12 07:16:54',NULL,'StarLord','SystemSuggested',''),(41,14,'userid_fb8b54a807e01','Home',NULL,NULL,NULL,NULL,NULL,NULL,'2026-02-12 07:16:54',NULL,'Active',NULL,NULL,NULL,'2026-02-12 07:16:54','2026-02-12 07:16:54',NULL,'SilverSurfer','SystemSuggested',''),(42,14,'userid_fb8b54c407e01','Home',NULL,NULL,NULL,NULL,NULL,NULL,'2026-02-12 07:16:54',NULL,'Active',NULL,NULL,NULL,'2026-02-12 07:16:54','2026-02-12 07:16:54',NULL,'Blade','SystemSuggested',''),(43,14,'userid_fb8b54df07e01','Home',NULL,NULL,NULL,NULL,NULL,NULL,'2026-02-12 07:16:54',NULL,'Active',NULL,NULL,NULL,'2026-02-12 07:16:54','2026-02-12 07:16:54',NULL,'Constantine','SystemSuggested',''),(44,14,'userid_fb8b54fb07e01','Home',NULL,NULL,NULL,NULL,NULL,NULL,'2026-02-12 07:16:54',NULL,'Active',NULL,NULL,NULL,'2026-02-12 07:16:54','2026-02-12 07:16:54',NULL,'DoctorFate','SystemSuggested','');
/*!40000 ALTER TABLE `project_participants` ENABLE KEYS */;
UNLOCK TABLES;

--
-- Table structure for table `project_projects`
--

DROP TABLE IF EXISTS `project_projects`;
/*!40101 SET @saved_cs_client     = @@character_set_client */;
/*!50503 SET character_set_client = utf8mb4 */;
CREATE TABLE `project_projects` (
  `ProjectID` varchar(48) NOT NULL,
  `ProjectName` varchar(255) NOT NULL,
  `MarketName` varchar(100) NOT NULL,
  `GateX_Date` date DEFAULT NULL,
  `BusinessGroup` varchar(100) NOT NULL,
  `BusinessSubGroup` varchar(255) DEFAULT NULL,
  `ProductType` varchar(150) DEFAULT NULL,
  `Description` text,
  `MinAge` int DEFAULT NULL,
  `MaxAge` int DEFAULT NULL,
  `GuardianRequired` tinyint(1) DEFAULT NULL,
  `PRD_Document` varchar(255) DEFAULT NULL,
  `G1_Document` varchar(255) DEFAULT NULL,
  `G0_Document` varchar(255) DEFAULT NULL,
  `AdditionalDocs` text,
  `CreatedAt` datetime NOT NULL DEFAULT CURRENT_TIMESTAMP,
  `UpdatedAt` datetime NOT NULL DEFAULT CURRENT_TIMESTAMP ON UPDATE CURRENT_TIMESTAMP,
  `CreatedBy` varchar(48) NOT NULL,
  `ProjectStatus` varchar(50) NOT NULL DEFAULT 'draft',
  PRIMARY KEY (`ProjectID`)
) ENGINE=InnoDB DEFAULT CHARSET=utf8mb4 COLLATE=utf8mb4_0900_ai_ci;
/*!40101 SET character_set_client = @saved_cs_client */;

--
-- Dumping data for table `project_projects`
--

LOCK TABLES `project_projects` WRITE;
/*!40000 ALTER TABLE `project_projects` DISABLE KEYS */;
INSERT INTO `project_projects` VALUES ('334a37e6-6bfd-49c3-b7d9-241217146da7','Remo','',NULL,'Logi G & C','unspecified','Blue Microphone','1234',18,99,0,NULL,NULL,NULL,NULL,'2026-02-04 05:53:11','2026-02-04 05:53:11','userid_4fec82c7eea61','draft'),('3fbb5ec8-7a7c-43ae-bf74-bb58e5d4fad4','Remo','',NULL,'Logi G & C','unspecified','Blue Microphone','Update and refresh the iconic classic Yeti for the New Generation.',18,99,0,NULL,NULL,NULL,NULL,'2026-02-03 07:19:03','2026-02-03 07:19:03','','draft'),('659e6d19-caee-4ba3-a906-5e45866f30b6','Remo','',NULL,'Logi G & C','unspecified','Blue Microphone','',18,99,0,NULL,NULL,NULL,NULL,'2026-02-04 02:59:17','2026-02-04 02:59:17','userid_4fec82c7eea61','draft'),('85f0dd15-3d92-45a2-95c2-570e8e5eb27f','Dark Knight','Batman',NULL,'Gotham City','unspecified','Hero','',18,99,0,NULL,NULL,NULL,NULL,'2026-02-04 06:23:06','2026-02-04 06:23:06','userid_4fec82c7eea61','pending_ut_review'),('8b08b01e-8f50-41fa-b480-7d4d1919b33b','Remo','',NULL,'Logi G & C','unspecified','Blue Microphone','1234',18,99,0,NULL,NULL,NULL,NULL,'2026-02-04 03:58:58','2026-02-04 03:58:58','userid_4fec82c7eea61','draft'),('8d2cf062-7f39-46e0-8326-bb4f474cb9da','Dark Knight','Batman',NULL,'Gotham City','unspecified','Hero','',18,99,0,NULL,NULL,NULL,NULL,'2026-02-04 06:18:03','2026-02-04 06:18:03','userid_4fec82c7eea61','pending_ut_review'),('bbdc7ae1-5d49-48b8-be06-dcb234fff5d1','Pegasus','Model 3',NULL,'Automotive','unspecified','Electric Vehicle','Redefine the SAAS',18,99,0,NULL,NULL,NULL,NULL,'2026-02-05 05:13:27','2026-02-05 05:13:27','userid_4fec82c7eea61','draft'),('be12d32c-da9d-4e5a-88c6-bc767dbd08ee','Supersonic','HTC Evo',NULL,'Smart Phone','unspecified','Flagship Smartphone','To test out the flagship phone for bugs and reliability',18,99,0,NULL,NULL,NULL,NULL,'2026-02-08 07:32:57','2026-02-08 07:32:57','userid_4fec82c7eea61','draft'),('c18b9f2a-e2f5-477f-9117-0af1d0c8fa6a','Remo','Blue Yeti 2',NULL,'Logi G & C','unspecified','Blue Microphone','',18,99,0,NULL,NULL,NULL,NULL,'2026-02-05 05:51:50','2026-02-05 05:51:50','userid_4fec82c7eea61','draft'),('cd5db172-212f-43ff-b1e5-edb303e1b67e','Percy','Jackson',NULL,'Olympians','unspecified','Thunder God','To get Rick Riordan to make more money',18,99,0,NULL,NULL,NULL,NULL,'2026-02-09 04:07:23','2026-02-09 04:07:23','userid_4fec82c7eea61','draft'),('f314821a-441c-4dd5-8632-fa87e758c994','Pegasus21','Batman',NULL,'Gotham City','unspecified','Electric Vehicle','',18,99,0,NULL,NULL,NULL,NULL,'2026-02-05 06:50:59','2026-02-05 06:50:59','userid_4fec82c7eea61','draft'),('fb895aec-0581-45dc-a411-2e6ce4cf1144','Remo2','Blue Yeti 2',NULL,'Logi G & C','unspecified','Electric Vehicle','',18,99,0,NULL,NULL,NULL,NULL,'2026-02-05 06:01:07','2026-02-05 06:01:07','userid_4fec82c7eea61','draft');
/*!40000 ALTER TABLE `project_projects` ENABLE KEYS */;
UNLOCK TABLES;

--
-- Table structure for table `project_round_interest`
--

DROP TABLE IF EXISTS `project_round_interest`;
/*!40101 SET @saved_cs_client     = @@character_set_client */;
/*!50503 SET character_set_client = utf8mb4 */;
CREATE TABLE `project_round_interest` (
  `InterestID` bigint unsigned NOT NULL AUTO_INCREMENT,
  `RoundID` int NOT NULL,
  `user_id` varchar(20) NOT NULL,
  `CreatedAt` datetime DEFAULT CURRENT_TIMESTAMP,
  `NotifiedAt` datetime DEFAULT NULL,
  PRIMARY KEY (`InterestID`),
  UNIQUE KEY `uniq_round_user` (`RoundID`,`user_id`),
  UNIQUE KEY `RoundID` (`RoundID`,`user_id`)
) ENGINE=InnoDB AUTO_INCREMENT=3 DEFAULT CHARSET=utf8mb4 COLLATE=utf8mb4_0900_ai_ci;
/*!40101 SET character_set_client = @saved_cs_client */;

--
-- Dumping data for table `project_round_interest`
--

LOCK TABLES `project_round_interest` WRITE;
/*!40000 ALTER TABLE `project_round_interest` DISABLE KEYS */;
INSERT INTO `project_round_interest` VALUES (1,11,'userid_4fec82c7eea61','2026-03-05 04:58:00',NULL),(2,9,'userid_4fec82c7eea61','2026-03-05 06:03:17','2026-03-05 06:54:28');
/*!40000 ALTER TABLE `project_round_interest` ENABLE KEYS */;
UNLOCK TABLES;

--
-- Table structure for table `project_round_surveys`
--

DROP TABLE IF EXISTS `project_round_surveys`;
/*!40101 SET @saved_cs_client     = @@character_set_client */;
/*!50503 SET character_set_client = utf8mb4 */;
CREATE TABLE `project_round_surveys` (
  `RoundSurveyID` bigint unsigned NOT NULL AUTO_INCREMENT,
  `RoundID` int NOT NULL,
  `SurveyTypeID` varchar(20) NOT NULL,
  `SurveyLink` text NOT NULL,
  `SurveyDistributionLink` text,
  `IsActive` tinyint(1) NOT NULL DEFAULT '1',
  `CreatedAt` datetime NOT NULL DEFAULT CURRENT_TIMESTAMP,
  `CreatedByUserID` varchar(20) NOT NULL,
  `SupersedesID` bigint unsigned DEFAULT NULL,
  PRIMARY KEY (`RoundSurveyID`),
  KEY `idx_round` (`RoundID`),
  KEY `idx_type` (`SurveyTypeID`),
  KEY `idx_active` (`IsActive`),
  KEY `fk_round_surveys_user` (`CreatedByUserID`),
  KEY `fk_round_surveys_supersedes` (`SupersedesID`),
  CONSTRAINT `fk_round_surveys_round` FOREIGN KEY (`RoundID`) REFERENCES `project_rounds` (`RoundID`) ON DELETE CASCADE,
  CONSTRAINT `fk_round_surveys_supersedes` FOREIGN KEY (`SupersedesID`) REFERENCES `project_round_surveys` (`RoundSurveyID`) ON DELETE SET NULL,
  CONSTRAINT `fk_round_surveys_type` FOREIGN KEY (`SurveyTypeID`) REFERENCES `survey_types` (`SurveyTypeID`) ON DELETE RESTRICT,
  CONSTRAINT `fk_round_surveys_user` FOREIGN KEY (`CreatedByUserID`) REFERENCES `user_pool` (`user_id`) ON DELETE RESTRICT
) ENGINE=InnoDB AUTO_INCREMENT=14 DEFAULT CHARSET=utf8mb4 COLLATE=utf8mb4_0900_ai_ci;
/*!40101 SET character_set_client = @saved_cs_client */;

--
-- Dumping data for table `project_round_surveys`
--

LOCK TABLES `project_round_surveys` WRITE;
/*!40000 ALTER TABLE `project_round_surveys` DISABLE KEYS */;
INSERT INTO `project_round_surveys` VALUES (1,14,'UTSurveyType0001','https://docs.google.com/forms/d/e/1FAIpQLSfs2e_FWkcYXCfXcq1hpCfg6MmV5qRnJ7COlQIhDPK1fHVRdQ/viewform?usp=pp_url&entry.648734718=user_token_here',NULL,1,'2026-02-11 08:17:29','userid_4fec82c7eea61',NULL),(2,14,'UTSurveyType0027','https://docs.google.com/forms/d/1bAvOKKR0pQDEug6Pb5KJUDhup-CSZygZJz-i8gjTffg/edit',NULL,1,'2026-02-11 08:22:01','userid_4fec82c7eea61',NULL),(3,14,'UTSurveyType0003','https://docs.google.com/forms/d/e/1FAIpQLSe95KHUhSD7_UFVrIOiyfbsIxCU9IhkWPLbcUp_7Ii71qmypQ/viewform?usp=pp_url&entry.1286199023=user_token_here',NULL,1,'2026-02-11 08:23:31','userid_4fec82c7eea61',NULL),(4,14,'UTSurveyType0024','https://docs.google.com/forms/d/e/1FAIpQLSeWeKL8DIfq_9BFJjvYU9wf9pbkGfGz9ySb04DCeSb5bPmrrg/viewform?usp=pp_url&entry.200157476=user_token_here',NULL,1,'2026-02-11 08:24:52','userid_4fec82c7eea61',NULL),(5,14,'UTSurveyType0028','https://docs.google.com/forms/d/e/1FAIpQLScfRWEXIfhOhoq9wzI22Rmv57Ua0pwqk0MNv5lSQyKhaS7Zyg/viewform?usp=pp_url&entry.637802913=user_token_here',NULL,1,'2026-02-11 08:28:46','userid_4fec82c7eea61',NULL),(6,17,'UTSurveyType0001','https://docs.google.com/forms/d/e/1FAIpQLSfs2e_FWkcYXCfXcq1hpCfg6MmV5qRnJ7COlQIhDPK1fHVRdQ/viewform?usp=dialog',NULL,1,'2026-03-02 04:39:41','userid_4fec82c7eea61',NULL),(7,18,'UTSurveyType0001','https://docs.google.com/forms/d/1giwKCIKvG8TsZl8Ur4wLPn4L-mvp0BmzoQnZVeu-k0A/edit','https://docs.google.com/forms/d/e/1FAIpQLSfs2e_FWkcYXCfXcq1hpCfg6MmV5qRnJ7COlQIhDPK1fHVRdQ/viewform?usp=pp_url&entry.648734718=user_token_here',1,'2026-03-04 08:27:05','userid_4fec82c7eea61',NULL),(8,18,'UTSurveyType0003','https://docs.google.com/forms/d/1WooHSn-2lkz0ktc69hXFnMU0NNB-Fw7mhwabKvNWhTc/edit','https://docs.google.com/forms/d/e/1FAIpQLSe95KHUhSD7_UFVrIOiyfbsIxCU9IhkWPLbcUp_7Ii71qmypQ/viewform?usp=pp_url&entry.1286199023=user_token_here',1,'2026-03-04 08:28:18','userid_4fec82c7eea61',NULL),(9,18,'UTSurveyType0005','https://docs.google.com/forms/d/1XnUSlo0ActZvYq1Uk4Y3PRNp_6x0WG1bJaaGEJ9SBRE/edit?usp=drive_web&ouid=100534335486687100748','https://docs.google.com/forms/d/e/1FAIpQLSeWeKL8DIfq_9BFJjvYU9wf9pbkGfGz9ySb04DCeSb5bPmrrg/viewform?usp=pp_url&entry.200157476=user_token_here',1,'2026-03-04 08:29:01','userid_4fec82c7eea61',NULL),(10,18,'UTSurveyType0028','https://docs.google.com/forms/d/1idBb4FHO8X-rLkv-29rabJ1SsL5occnadV5RlAMqW6w/edit','https://docs.google.com/forms/d/e/1FAIpQLScfRWEXIfhOhoq9wzI22Rmv57Ua0pwqk0MNv5lSQyKhaS7Zyg/viewform?usp=pp_url&entry.637802913=user_token_here',1,'2026-03-04 08:30:36','userid_4fec82c7eea61',NULL),(12,11,'UTSurveyType0003','https://docs.google.com/forms/d/1XnUSlo0ActZvYq1Uk4Y3PRNp_6x0WG1bJaaGEJ9SBRE/edit?usp=drive_web&ouid=100534335486687100748','https://docs.google.com/forms/d/e/1FAIpQLSfs2e_FWkcYXCfXcq1hpCfg6MmV5qRnJ7COlQIhDPK1fHVRdQ/viewform?usp=pp_url&entry.648734718=user_token_here',1,'2026-03-05 04:50:24','userid_4fec82c7eea61',NULL),(13,9,'UTSurveyType0005','https://docs.google.com/forms/d/1XnUSlo0ActZvYq1Uk4Y3PRNp_6x0WG1bJaaGEJ9SBRE/edit?usp=drive_web&ouid=100534335486687100748','https://docs.google.com/forms/d/e/1FAIpQLSfs2e_FWkcYXCfXcq1hpCfg6MmV5qRnJ7COlQIhDPK1fHVRdQ/viewform?usp=pp_url&entry.648734718=user_token_here',1,'2026-03-05 06:02:57','userid_4fec82c7eea61',NULL);
/*!40000 ALTER TABLE `project_round_surveys` ENABLE KEYS */;
UNLOCK TABLES;

--
-- Table structure for table `project_rounds`
--

DROP TABLE IF EXISTS `project_rounds`;
/*!40101 SET @saved_cs_client     = @@character_set_client */;
/*!50503 SET character_set_client = utf8mb4 */;
CREATE TABLE `project_rounds` (
  `RoundID` int NOT NULL AUTO_INCREMENT,
  `ProjectID` varchar(48) CHARACTER SET utf8mb4 COLLATE utf8mb4_0900_ai_ci NOT NULL,
  `RoundNumber` int NOT NULL,
  `RoundName` varchar(255) DEFAULT NULL,
  `Description` text,
  `StartDate` date DEFAULT NULL,
  `EndDate` date DEFAULT NULL,
  `Region` varchar(100) NOT NULL,
  `UserScope` enum('Internal','External','Hybrid') CHARACTER SET utf8mb4 COLLATE utf8mb4_0900_ai_ci DEFAULT 'Hybrid',
  `TargetUsers` int DEFAULT NULL,
  `ShipDate` date DEFAULT NULL,
  `GateX_Date` date DEFAULT NULL,
  `MinAge` int DEFAULT NULL,
  `MaxAge` int DEFAULT NULL,
  `PrototypeVersion` varchar(100) DEFAULT NULL,
  `ProductSKU` varchar(50) DEFAULT NULL,
  `UTLead_UserID` varchar(48) CHARACTER SET utf8mb4 COLLATE utf8mb4_0900_ai_ci DEFAULT NULL,
  `Status` varchar(32) NOT NULL DEFAULT 'pending_ut_review',
  `RecruitingStartDate` date DEFAULT NULL,
  `CreatedAt` timestamp NULL DEFAULT CURRENT_TIMESTAMP,
  `UpdatedAt` timestamp NULL DEFAULT CURRENT_TIMESTAMP ON UPDATE CURRENT_TIMESTAMP,
  `OverviewLocked` tinyint(1) NOT NULL DEFAULT '0',
  `OverviewLockedAt` datetime DEFAULT NULL,
  `OverviewLockedBy` varchar(64) DEFAULT NULL,
  `ParticipantsLocked` tinyint(1) NOT NULL DEFAULT '0',
  `ParticipantsLockedAt` datetime DEFAULT NULL,
  `ParticipantsLockedBy` varchar(64) DEFAULT NULL,
  `SurveyResultsLocked` tinyint(1) NOT NULL DEFAULT '0',
  `SurveyResultsLockedAt` datetime DEFAULT NULL,
  `SurveyResultsLockedBy` varchar(64) DEFAULT NULL,
  `CompletedAt` datetime DEFAULT NULL,
  `PlanningLocked` tinyint(1) NOT NULL DEFAULT '0',
  `PlanningLockedAt` datetime DEFAULT NULL,
  `PlanningLockedBy` varchar(64) DEFAULT NULL,
  `ProfileLocked` tinyint(1) DEFAULT '0',
  `ProfileLockedAt` datetime DEFAULT NULL,
  `ProfileLockedBy` varchar(64) DEFAULT NULL,
  `RecruitingEndDate` date DEFAULT NULL,
  PRIMARY KEY (`RoundID`),
  KEY `ProjectID` (`ProjectID`),
  KEY `UTLead_UserID` (`UTLead_UserID`),
  CONSTRAINT `project_rounds_ibfk_1` FOREIGN KEY (`ProjectID`) REFERENCES `project_projects` (`ProjectID`),
  CONSTRAINT `project_rounds_ibfk_2` FOREIGN KEY (`UTLead_UserID`) REFERENCES `user_pool` (`user_id`)
) ENGINE=InnoDB AUTO_INCREMENT=19 DEFAULT CHARSET=utf8mb4 COLLATE=utf8mb4_0900_ai_ci;
/*!40101 SET character_set_client = @saved_cs_client */;

--
-- Dumping data for table `project_rounds`
--

LOCK TABLES `project_rounds` WRITE;
/*!40000 ALTER TABLE `project_rounds` DISABLE KEYS */;
INSERT INTO `project_rounds` VALUES (7,'3fbb5ec8-7a7c-43ae-bf74-bb58e5d4fad4',1,'Remo – Round 1',NULL,NULL,NULL,'US Taiwan','',0,NULL,NULL,18,99,NULL,NULL,'userid_4fec82c7eea61','pending_ut_review',NULL,'2026-02-03 07:19:03','2026-03-05 04:29:32',0,NULL,NULL,0,NULL,NULL,0,NULL,NULL,NULL,0,NULL,NULL,0,NULL,NULL,NULL),(8,'659e6d19-caee-4ba3-a906-5e45866f30b6',1,'Remo – Round 1',NULL,NULL,NULL,'US Taiwan','',0,NULL,NULL,18,99,NULL,NULL,'userid_4fec82c7eea61','approved',NULL,'2026-02-04 02:59:17','2026-03-05 05:54:13',0,NULL,NULL,0,NULL,NULL,0,NULL,NULL,NULL,0,NULL,NULL,0,NULL,NULL,NULL),(9,'8b08b01e-8f50-41fa-b480-7d4d1919b33b',1,'Remo – Round 1','you.\r\nYou, 11:45 AM\r\njust got it and doing it now 🙂\r\nKatrina Hsieh, 11:45 AM\r\nT','2026-03-05','2026-03-26','US Taiwan','Internal',45,'2026-03-09',NULL,18,99,'','','userid_4fec82c7eea61','recruiting','2026-03-05','2026-02-04 03:58:59','2026-03-05 06:54:24',1,'2026-03-05 06:02:13','userid_4fec82c7eea61',0,NULL,NULL,0,NULL,NULL,NULL,1,'2026-03-05 06:03:05','userid_4fec82c7eea61',1,'2026-03-05 06:02:42','userid_4fec82c7eea61',NULL),(10,'334a37e6-6bfd-49c3-b7d9-241217146da7',1,'Remo – Round 1',NULL,NULL,NULL,'US Taiwan','',0,NULL,NULL,18,99,NULL,NULL,'userid_4fec82c7eea61','declined',NULL,'2026-02-04 05:53:12','2026-03-05 04:28:16',0,NULL,NULL,0,NULL,NULL,0,NULL,NULL,NULL,0,NULL,NULL,0,NULL,NULL,NULL),(11,'8d2cf062-7f39-46e0-8326-bb4f474cb9da',1,'Dark Knight – Round 1','NANANANANANANANANA BATMAN!','2026-03-05','2026-04-05','US Taiwan','Hybrid',45,'2026-03-09',NULL,18,99,'','','userid_4fec82c7eea61','recruiting','2026-03-05','2026-02-04 06:18:04','2026-03-05 05:48:49',1,'2026-03-05 04:49:29','userid_4fec82c7eea61',0,NULL,NULL,0,NULL,NULL,NULL,1,'2026-03-05 04:50:32','userid_4fec82c7eea61',1,'2026-03-05 04:50:08','userid_4fec82c7eea61',NULL),(12,'85f0dd15-3d92-45a2-95c2-570e8e5eb27f',1,'Dark Knight – Round 1',NULL,NULL,NULL,'US Taiwan','',0,NULL,NULL,18,99,NULL,NULL,'userid_4fec82c7eea61','withdrawn',NULL,'2026-02-04 06:23:06','2026-03-05 04:28:16',0,NULL,NULL,0,NULL,NULL,0,NULL,NULL,NULL,0,NULL,NULL,0,NULL,NULL,NULL),(14,'c18b9f2a-e2f5-477f-9117-0af1d0c8fa6a',1,'Remo – Round 1','','2026-03-09','2026-04-10','Global','Internal',45,'2026-03-02',NULL,18,99,'PB1.6','','userid_4fec82c7eea61','recruiting','2026-03-02','2026-02-05 05:51:50','2026-03-02 04:04:22',1,'2026-02-11 07:37:00','userid_4fec82c7eea61',0,NULL,NULL,0,NULL,NULL,NULL,1,'2026-02-11 09:11:05','userid_4fec82c7eea61',0,NULL,NULL,NULL),(15,'fb895aec-0581-45dc-a411-2e6ce4cf1144',1,'Remo2 – Round 1',NULL,NULL,NULL,'US Taiwan','',0,NULL,NULL,18,99,NULL,NULL,'userid_4fec82c7eea61','declined',NULL,'2026-02-05 06:01:07','2026-03-05 04:28:16',0,NULL,NULL,0,NULL,NULL,0,NULL,NULL,NULL,0,NULL,NULL,0,NULL,NULL,NULL),(16,'f314821a-441c-4dd5-8632-fa87e758c994',1,'Pegasus21 – Round 1',NULL,NULL,NULL,'US Taiwan','',0,NULL,NULL,18,99,NULL,NULL,'userid_4fec82c7eea61','declined',NULL,'2026-02-05 06:50:59','2026-03-05 04:28:16',0,NULL,NULL,0,NULL,NULL,0,NULL,NULL,NULL,0,NULL,NULL,0,NULL,NULL,NULL),(17,'be12d32c-da9d-4e5a-88c6-bc767dbd08ee',1,'Supersonic – Round 1','Testing out basic configurations','2026-03-18','2026-04-22','US, Taiwan','Internal',45,'2026-03-09',NULL,18,99,'PB1.6','','userid_4fec82c7eea61','recruiting','2026-03-02','2026-02-08 07:32:57','2026-03-02 04:46:03',1,'2026-03-02 04:36:58','userid_4fec82c7eea61',0,NULL,NULL,0,NULL,NULL,NULL,1,'2026-03-02 04:41:35','userid_4fec82c7eea61',0,NULL,NULL,NULL),(18,'cd5db172-212f-43ff-b1e5-edb303e1b67e',1,'Percy – Round 1','To get Rick Riordan to make more money','2026-03-26','2026-04-11','Russia','Internal',45,'2026-03-09',NULL,18,99,'','','userid_4fec82c7eea61','recruiting','2026-03-05','2026-02-09 04:07:23','2026-03-05 03:30:15',1,'2026-03-04 07:21:33','userid_4fec82c7eea61',0,NULL,NULL,0,NULL,NULL,NULL,1,'2026-03-04 08:48:43','userid_4fec82c7eea61',1,'2026-03-04 07:48:04','userid_4fec82c7eea61',NULL);
/*!40000 ALTER TABLE `project_rounds` ENABLE KEYS */;
UNLOCK TABLES;

--
-- Table structure for table `project_stakeholders`
--

DROP TABLE IF EXISTS `project_stakeholders`;
/*!40101 SET @saved_cs_client     = @@character_set_client */;
/*!50503 SET character_set_client = utf8mb4 */;
CREATE TABLE `project_stakeholders` (
  `StakeholderID` int NOT NULL AUTO_INCREMENT,
  `ProjectID` varchar(48) CHARACTER SET utf8mb4 COLLATE utf8mb4_0900_ai_ci NOT NULL,
  `Email` varchar(255) DEFAULT NULL,
  `DisplayName` varchar(255) NOT NULL,
  `user_id` varchar(48) DEFAULT NULL,
  `StakeholderRole` enum('GPM','PM','PQA') NOT NULL,
  `IsPrimary` tinyint(1) NOT NULL DEFAULT '0',
  `Active` tinyint(1) NOT NULL DEFAULT '1',
  `AssignedAt` datetime NOT NULL DEFAULT CURRENT_TIMESTAMP,
  `Notes` text,
  `RoundID` int NOT NULL,
  PRIMARY KEY (`StakeholderID`),
  KEY `ProjectID` (`ProjectID`),
  KEY `user_id` (`user_id`),
  KEY `idx_project_stakeholders_email` (`Email`),
  CONSTRAINT `project_stakeholders_ibfk_1` FOREIGN KEY (`ProjectID`) REFERENCES `project_projects` (`ProjectID`) ON DELETE CASCADE ON UPDATE CASCADE,
  CONSTRAINT `project_stakeholders_ibfk_2` FOREIGN KEY (`user_id`) REFERENCES `user_pool` (`user_id`)
) ENGINE=InnoDB AUTO_INCREMENT=27 DEFAULT CHARSET=utf8mb4 COLLATE=utf8mb4_0900_ai_ci;
/*!40101 SET character_set_client = @saved_cs_client */;

--
-- Dumping data for table `project_stakeholders`
--

LOCK TABLES `project_stakeholders` WRITE;
/*!40000 ALTER TABLE `project_stakeholders` DISABLE KEYS */;
INSERT INTO `project_stakeholders` VALUES (3,'3fbb5ec8-7a7c-43ae-bf74-bb58e5d4fad4',NULL,'Jack',NULL,'',1,1,'2026-02-03 07:19:04','',0),(4,'3fbb5ec8-7a7c-43ae-bf74-bb58e5d4fad4',NULL,'Steve',NULL,'',0,1,'2026-02-03 07:19:04','',0),(5,'659e6d19-caee-4ba3-a906-5e45866f30b6',NULL,'Jack',NULL,'',1,1,'2026-02-04 02:59:18','',0),(6,'659e6d19-caee-4ba3-a906-5e45866f30b6',NULL,'Steve',NULL,'',0,1,'2026-02-04 02:59:18','',0),(7,'8b08b01e-8f50-41fa-b480-7d4d1919b33b',NULL,'Jack',NULL,'',1,1,'2026-02-04 03:58:59','',0),(8,'8b08b01e-8f50-41fa-b480-7d4d1919b33b',NULL,'Steve',NULL,'',0,1,'2026-02-04 03:58:59','',0),(9,'334a37e6-6bfd-49c3-b7d9-241217146da7',NULL,'Jack',NULL,'',1,1,'2026-02-04 05:53:12','',0),(10,'334a37e6-6bfd-49c3-b7d9-241217146da7',NULL,'Steve',NULL,'',0,1,'2026-02-04 05:53:13','',0),(11,'8d2cf062-7f39-46e0-8326-bb4f474cb9da',NULL,'Bruce Wayne',NULL,'',1,1,'2026-02-04 06:18:04','',0),(12,'8d2cf062-7f39-46e0-8326-bb4f474cb9da',NULL,'Alfred Pennyworth',NULL,'',0,1,'2026-02-04 06:18:04','',0),(13,'85f0dd15-3d92-45a2-95c2-570e8e5eb27f',NULL,'Bruce Wayne',NULL,'',1,1,'2026-02-04 06:23:07','',0),(14,'85f0dd15-3d92-45a2-95c2-570e8e5eb27f',NULL,'Alfred Pennyworth',NULL,'',0,1,'2026-02-04 06:23:07','',0),(15,'bbdc7ae1-5d49-48b8-be06-dcb234fff5d1',NULL,'Jack',NULL,'',1,1,'2026-02-05 05:13:28','',0),(16,'bbdc7ae1-5d49-48b8-be06-dcb234fff5d1',NULL,'Alfred Pennyworth',NULL,'',0,1,'2026-02-05 05:13:28','',0),(17,'c18b9f2a-e2f5-477f-9117-0af1d0c8fa6a',NULL,'Bruce Wayne',NULL,'',1,1,'2026-02-05 05:51:50','',0),(18,'c18b9f2a-e2f5-477f-9117-0af1d0c8fa6a',NULL,'Steve',NULL,'',0,1,'2026-02-05 05:51:50','',0),(19,'fb895aec-0581-45dc-a411-2e6ce4cf1144',NULL,'Jack',NULL,'',1,1,'2026-02-05 06:01:08','',0),(20,'fb895aec-0581-45dc-a411-2e6ce4cf1144',NULL,'Alfred Pennyworth',NULL,'',0,1,'2026-02-05 06:01:08','',0),(21,'f314821a-441c-4dd5-8632-fa87e758c994',NULL,'Jack',NULL,'',1,1,'2026-02-05 06:51:00','',0),(22,'f314821a-441c-4dd5-8632-fa87e758c994',NULL,'Alfred Pennyworth',NULL,'',0,1,'2026-02-05 06:51:00','',0),(23,'be12d32c-da9d-4e5a-88c6-bc767dbd08ee',NULL,'Jack',NULL,'',1,1,'2026-02-08 07:32:57','',0),(24,'be12d32c-da9d-4e5a-88c6-bc767dbd08ee',NULL,'Steve',NULL,'',0,1,'2026-02-08 07:32:58','',0),(25,'cd5db172-212f-43ff-b1e5-edb303e1b67e',NULL,'Percy Jackson',NULL,'',1,1,'2026-02-09 04:07:24','',0),(26,'cd5db172-212f-43ff-b1e5-edb303e1b67e',NULL,'Grover Underwood',NULL,'',0,1,'2026-02-09 04:07:24','',0);
/*!40000 ALTER TABLE `project_stakeholders` ENABLE KEYS */;
UNLOCK TABLES;

--
-- Table structure for table `round_profile_criteria`
--

DROP TABLE IF EXISTS `round_profile_criteria`;
/*!40101 SET @saved_cs_client     = @@character_set_client */;
/*!50503 SET character_set_client = utf8mb4 */;
CREATE TABLE `round_profile_criteria` (
  `RoundCriteriaID` int NOT NULL AUTO_INCREMENT,
  `RoundID` int NOT NULL,
  `ProfileUID` varchar(20) NOT NULL,
  `Operator` enum('INCLUDE','EXCLUDE') NOT NULL DEFAULT 'INCLUDE',
  `CreatedAt` datetime NOT NULL DEFAULT CURRENT_TIMESTAMP,
  PRIMARY KEY (`RoundCriteriaID`),
  KEY `idx_round_id` (`RoundID`),
  KEY `idx_profile_uid` (`ProfileUID`),
  CONSTRAINT `fk_rpc_round` FOREIGN KEY (`RoundID`) REFERENCES `project_rounds` (`RoundID`) ON DELETE CASCADE
) ENGINE=InnoDB AUTO_INCREMENT=9 DEFAULT CHARSET=utf8mb4 COLLATE=utf8mb4_0900_ai_ci;
/*!40101 SET character_set_client = @saved_cs_client */;

--
-- Dumping data for table `round_profile_criteria`
--

LOCK TABLES `round_profile_criteria` WRITE;
/*!40000 ALTER TABLE `round_profile_criteria` DISABLE KEYS */;
INSERT INTO `round_profile_criteria` VALUES (1,18,'ProfileUID_00004','INCLUDE','2026-03-04 07:21:44'),(2,18,'ProfileUID_00052','INCLUDE','2026-03-04 07:21:54'),(5,11,'ProfileUID_00089','INCLUDE','2026-03-05 04:49:48'),(6,11,'ProfileUID_00060','INCLUDE','2026-03-05 04:49:58'),(7,9,'ProfileUID_00126','INCLUDE','2026-03-05 06:02:22'),(8,9,'ProfileUID_00011','INCLUDE','2026-03-05 06:02:31');
/*!40000 ALTER TABLE `round_profile_criteria` ENABLE KEYS */;
UNLOCK TABLES;

--
-- Table structure for table `round_stakeholders`
--

DROP TABLE IF EXISTS `round_stakeholders`;
/*!40101 SET @saved_cs_client     = @@character_set_client */;
/*!50503 SET character_set_client = utf8mb4 */;
CREATE TABLE `round_stakeholders` (
  `RoundStakeholderID` int NOT NULL AUTO_INCREMENT,
  `RoundID` int NOT NULL,
  `Email` varchar(255) DEFAULT NULL,
  `DisplayName` varchar(255) DEFAULT NULL,
  `user_id` varchar(64) DEFAULT NULL,
  `StakeholderRole` varchar(64) DEFAULT NULL,
  `IsPrimary` tinyint(1) NOT NULL DEFAULT '0',
  `Active` tinyint(1) NOT NULL DEFAULT '1',
  `AssignedAt` datetime NOT NULL DEFAULT CURRENT_TIMESTAMP,
  `Notes` text,
  `CreatedAt` datetime NOT NULL DEFAULT CURRENT_TIMESTAMP,
  `UpdatedAt` datetime DEFAULT NULL ON UPDATE CURRENT_TIMESTAMP,
  PRIMARY KEY (`RoundStakeholderID`),
  KEY `idx_round_stakeholders_roundid` (`RoundID`),
  CONSTRAINT `fk_round_stakeholders_round` FOREIGN KEY (`RoundID`) REFERENCES `project_rounds` (`RoundID`) ON DELETE CASCADE
) ENGINE=InnoDB AUTO_INCREMENT=32 DEFAULT CHARSET=utf8mb4 COLLATE=utf8mb4_0900_ai_ci;
/*!40101 SET character_set_client = @saved_cs_client */;

--
-- Dumping data for table `round_stakeholders`
--

LOCK TABLES `round_stakeholders` WRITE;
/*!40000 ALTER TABLE `round_stakeholders` DISABLE KEYS */;
INSERT INTO `round_stakeholders` VALUES (1,10,NULL,'Jack',NULL,'',1,1,'2026-02-04 05:53:12','','2026-02-11 05:42:49',NULL),(2,10,NULL,'Steve',NULL,'',0,1,'2026-02-04 05:53:13','','2026-02-11 05:42:49',NULL),(3,7,NULL,'Jack',NULL,'',1,1,'2026-02-03 07:19:04','','2026-02-11 05:42:49',NULL),(4,7,NULL,'Steve',NULL,'',0,1,'2026-02-03 07:19:04','','2026-02-11 05:42:49',NULL),(5,8,NULL,'Jack',NULL,'',1,1,'2026-02-04 02:59:18','','2026-02-11 05:42:49',NULL),(6,8,NULL,'Steve',NULL,'',0,1,'2026-02-04 02:59:18','','2026-02-11 05:42:49',NULL),(7,12,NULL,'Bruce Wayne',NULL,'',1,1,'2026-02-04 06:23:07','','2026-02-11 05:42:49',NULL),(8,12,NULL,'Alfred Pennyworth',NULL,'',0,1,'2026-02-04 06:23:07','','2026-02-11 05:42:49',NULL),(9,9,NULL,'Jack',NULL,'',1,1,'2026-02-04 03:58:59','','2026-02-11 05:42:49',NULL),(10,9,NULL,'Steve',NULL,'',0,1,'2026-02-04 03:58:59','','2026-02-11 05:42:49',NULL),(11,11,NULL,'Bruce Wayne',NULL,'',1,1,'2026-02-04 06:18:04','','2026-02-11 05:42:49',NULL),(12,11,NULL,'Alfred Pennyworth',NULL,'',0,1,'2026-02-04 06:18:04','','2026-02-11 05:42:49',NULL),(15,17,NULL,'Jack',NULL,'',1,1,'2026-02-08 07:32:57','','2026-02-11 05:42:49',NULL),(16,17,NULL,'Steve',NULL,'',0,1,'2026-02-08 07:32:58','','2026-02-11 05:42:49',NULL),(17,14,NULL,'Bruce Wayne',NULL,'',1,1,'2026-02-05 05:51:50','','2026-02-11 05:42:49',NULL),(18,14,NULL,'Steve',NULL,'',0,1,'2026-02-05 05:51:50','','2026-02-11 05:42:49',NULL),(19,18,NULL,'Percy Jackson',NULL,'',1,1,'2026-02-09 04:07:24','','2026-02-11 05:42:49',NULL),(20,18,NULL,'Grover Underwood',NULL,'',0,1,'2026-02-09 04:07:24','','2026-02-11 05:42:49',NULL),(21,16,NULL,'Jack',NULL,'',1,1,'2026-02-05 06:51:00','','2026-02-11 05:42:49',NULL),(22,16,NULL,'Alfred Pennyworth',NULL,'',0,1,'2026-02-05 06:51:00','','2026-02-11 05:42:49',NULL),(23,15,NULL,'Jack',NULL,'',1,1,'2026-02-05 06:01:08','','2026-02-11 05:42:49',NULL),(24,15,NULL,'Alfred Pennyworth',NULL,'',0,1,'2026-02-05 06:01:08','','2026-02-11 05:42:49',NULL);
/*!40000 ALTER TABLE `round_stakeholders` ENABLE KEYS */;
UNLOCK TABLES;

--
-- Table structure for table `scoring_model`
--

DROP TABLE IF EXISTS `scoring_model`;
/*!40101 SET @saved_cs_client     = @@character_set_client */;
/*!50503 SET character_set_client = utf8mb4 */;
CREATE TABLE `scoring_model` (
  `ModelID` int NOT NULL AUTO_INCREMENT,
  `ModelName` varchar(100) NOT NULL,
  `Weight_Completion` decimal(5,2) NOT NULL,
  `Weight_Quality` decimal(5,2) NOT NULL,
  `Weight_Thought` decimal(5,2) NOT NULL,
  `Weight_Penalty` decimal(5,2) NOT NULL,
  `DecayFactor` decimal(5,2) DEFAULT NULL,
  `MinTrialsRequired` int DEFAULT '1',
  `Active` tinyint(1) NOT NULL DEFAULT '1',
  `CreatedAt` datetime NOT NULL DEFAULT CURRENT_TIMESTAMP,
  `UpdatedAt` datetime DEFAULT NULL ON UPDATE CURRENT_TIMESTAMP,
  PRIMARY KEY (`ModelID`)
) ENGINE=InnoDB DEFAULT CHARSET=utf8mb4 COLLATE=utf8mb4_0900_ai_ci;
/*!40101 SET character_set_client = @saved_cs_client */;

--
-- Dumping data for table `scoring_model`
--

LOCK TABLES `scoring_model` WRITE;
/*!40000 ALTER TABLE `scoring_model` DISABLE KEYS */;
/*!40000 ALTER TABLE `scoring_model` ENABLE KEYS */;
UNLOCK TABLES;

--
-- Table structure for table `settings_definition`
--

DROP TABLE IF EXISTS `settings_definition`;
/*!40101 SET @saved_cs_client     = @@character_set_client */;
/*!50503 SET character_set_client = utf8mb4 */;
CREATE TABLE `settings_definition` (
  `SettingKey` varchar(100) NOT NULL,
  `SettingName` varchar(150) NOT NULL,
  `SettingDescription` text,
  `DefaultValue` varchar(255) DEFAULT NULL,
  `AllowedValues` varchar(500) DEFAULT NULL,
  `DataType` enum('string','int','float','boolean','json') NOT NULL DEFAULT 'string',
  `Scope` enum('System','User','Hybrid') NOT NULL,
  PRIMARY KEY (`SettingKey`)
) ENGINE=InnoDB DEFAULT CHARSET=utf8mb4 COLLATE=utf8mb4_0900_ai_ci;
/*!40101 SET character_set_client = @saved_cs_client */;

--
-- Dumping data for table `settings_definition`
--

LOCK TABLES `settings_definition` WRITE;
/*!40000 ALTER TABLE `settings_definition` DISABLE KEYS */;
INSERT INTO `settings_definition` VALUES ('auto_blacklist_threshold','Auto Blacklist Threshold','Number of missed deadlines before participant is blacklisted.','3',NULL,'int','System'),('compact_mode','Compact Mode','Reduces whitespace for dense UI layouts.','Off','On,Off','boolean','User'),('default_nda_reminder_limit','Default NDA Reminder Limit','System-wide maximum number of NDA reminders.','3',NULL,'int','System'),('default_survey_reminder_limit','Default Survey Reminder Limit','Maximum automated survey reminders per project.','3',NULL,'int','System'),('device_verification_required','Device Verification Required','Requires trusted device validation for login.','Off','On,Off','boolean','System'),('font_size_preference','Font Size Preference','UI font size preference.','Medium','Small,Medium,Large,XL','string','User'),('gdpr_mode','GDPR Enforcement Mode','Controls system behavior under GDPR rules.','Standard','Standard,Strict,Paranoid','string','System'),('login_alerts_enabled','Login Alerts Enabled','Notify when a login from a new device occurs.','On','On,Off','boolean','User'),('marketing_opt_in','Marketing Emails','Receive promotional communications.','No','Yes,No','boolean','User'),('max_nda_reminders','Max NDA Reminders (System Cap)','System-defined hard cap for NDA reminders.','3',NULL,'int','Hybrid'),('max_survey_reminders','Max Survey Reminders (System Cap)','System-defined hard cap for survey reminders.','3',NULL,'int','Hybrid'),('navigation_mode','Navigation Style','Sidebar or top navigation layout.','Sidebar','Sidebar,Top','string','User'),('participation_score_visibility','Participation Score Visibility','Show or hide user participation grades.','Hidden','Hidden,Visible','string','System'),('product_update_opt_in','Product Update Notifications','Receive product improvement updates.','Yes','Yes,No','boolean','User'),('security_notifications','Security Notifications','Receive alerts about suspicious activity.','On','On,Off','boolean','User'),('session_timeout','Session Timeout','Automatic logout time (minutes).','30',NULL,'int','User'),('survey_reminder_frequency','Survey Reminder Frequency','How often survey reminders are sent.','Daily','Immediate,Daily,Every3Days,Weekly,Off','string','User'),('theme_mode','Theme Mode','Light or Dark UI theme.','Light','Light,Dark,System','string','User'),('trial_update_notifications','Trial Update Notifications','Notify user when trial progresses.','On','On,Off','boolean','System');
/*!40000 ALTER TABLE `settings_definition` ENABLE KEYS */;
UNLOCK TABLES;

--
-- Table structure for table `site_content_pages`
--

DROP TABLE IF EXISTS `site_content_pages`;
/*!40101 SET @saved_cs_client     = @@character_set_client */;
/*!50503 SET character_set_client = utf8mb4 */;
CREATE TABLE `site_content_pages` (
  `PageID` varchar(50) NOT NULL,
  `Title` varchar(255) NOT NULL,
  `Slug` varchar(255) NOT NULL,
  `Content` text NOT NULL,
  `LastUpdatedAt` datetime NOT NULL,
  `LastUpdatedBy` varchar(100) NOT NULL,
  PRIMARY KEY (`PageID`),
  UNIQUE KEY `Slug` (`Slug`)
) ENGINE=InnoDB DEFAULT CHARSET=utf8mb4 COLLATE=utf8mb4_0900_ai_ci;
/*!40101 SET character_set_client = @saved_cs_client */;

--
-- Dumping data for table `site_content_pages`
--

LOCK TABLES `site_content_pages` WRITE;
/*!40000 ALTER TABLE `site_content_pages` DISABLE KEYS */;
INSERT INTO `site_content_pages` VALUES ('guest_about_ut','About User Trials','about-user-trials','User Trials have existed at Logitech in various forms since the company’s earliest days.\n\nFrom the beginning, we have recognized that real-world usage ultimately defines how a product is experienced — often in ways that differ from initial design intent.\n\nBecause of this, user feedback has always played a critical role in shaping our products alongside internal innovation and design expertise.\n\nIn 2020, Logitech consolidated user testing efforts across individual teams and departments into a single, consistent User Trials program. This consolidation created a unified approach to recruiting, testing, and evaluating feedback across products.\n\nToday, User Trials allow Logitech to view new product introductions through a consistent and unbiased lens, helping identify where design intent and real-world usage align — and where they differ.\n\nIn many cases, the differences are minimal, or nonexistent. When that happens, it is a strong signal that the product is meeting user needs as intended.','2025-12-22 06:32:55','system_poc'),('guest_contact','Contact Us','contact-us','If you have general questions about the User Trials program, you may contact the team using the information below.\r\n\r\nPlease note that individual trial updates are not provided outside of the system unless additional information is required. {{CONTACT_FORM}}','2025-12-22 06:32:55','system_poc'),('guest_faq','Frequently Asked Questions','faq','Q: How do I participate in a User Trial?\nYou must register and sign a non-disclosure agreement (NDA). Eligibility varies by trial.\n\nQ: Does registering guarantee participation?\nNo. Registration allows you to be considered for trials, but selection depends on specific research needs.\n\nQ: How are participants selected?\nParticipants are selected based on trial-specific criteria to ensure relevant and reliable feedback.\n\nQ: Why haven’t I heard back after registering or applying?\nNot all trials require updates between selection and product shipment. If no updates are visible, it means the trial status has not changed.\n\nQ: Can I share information about a trial?\nNo. All trial information is confidential and subject to the NDA.\n\nQ: How often do trials run?\nTrial frequency varies based on research needs and product timelines.','2025-12-22 06:32:55','system_poc'),('guest_how_it_works','How User Trials Work','how-user-trials-work','User Trials are conducted in multiple stages to ensure consistency, confidentiality, and meaningful feedback.\n\nWhile each trial may differ based on product needs, the general process includes:\n\n1. Trial Planning\nResearch goals and participant requirements are defined internally.\n\n2. Participant Selection\nEligible users may be invited or allowed to apply based on trial criteria.\n\n3. Product Usage Period\nParticipants use the product in real-world conditions over a defined period.\n\n4. Feedback Collection\nFeedback is collected through structured surveys and open-ended responses.\n\n5. Analysis and Reporting\nResponses are anonymized, analyzed, and shared with relevant teams.\n\nNot all users will qualify for every trial, and participation is subject to availability and specific trial requirements.','2025-12-22 06:32:55','system_poc'),('guest_mission','Our Mission','our-mission','The User Trials program exists to ensure that real-world usage is represented alongside design, engineering, and innovation throughout the product development process.\n\nOur mission is to collect structured, unbiased feedback from users in authentic environments, helping teams understand how products are actually used — not just how they are intended to be used.\n\nBy maintaining a consistent and centralized approach to user trials, we aim to:\n\n- Reduce blind spots across teams and product categories\n- Ensure feedback is comparable across studies\n- Support better decision-making through reliable user insight\n\nUser Trials are not designed to replace internal expertise, but to complement it by grounding decisions in real user experience.','2025-12-22 06:32:55','system_poc'),('user_participation_guidelines','User Trial Participation Guidelines','participation-guidelines','## User Trial Participation Guidelines\r\n\r\nWe’re excited to have you join our User Trials program.\r\nOur goal is to create an open, reliable, and respectful testing community where your feedback genuinely influences our products.\r\nTo keep this process fair for everyone, we follow the guidelines below.\r\n\r\n## 1. General Expectations\r\n\r\n- Be responsive and reliable  \r\n  Reply promptly when contacted about onboarding, NDAs, shipping, or surveys.\r\n\r\n- Be thoughtful  \r\n  Share your honest experiences. Optional comments are your chance to explain why something worked or didn’t — that insight helps most.\r\n\r\n- Be respectful  \r\n  Interact professionally with Logitech staff and other participants.\r\n\r\n- Protect confidentiality  \r\n  All trial information is private unless otherwise stated.\r\n\r\n## 2. Communication & Reminders\r\n\r\nWe aim to keep reminders minimal.\r\n\r\nIf more than two personal reminders are required (for NDA signing, survey completion, or device return), your participation record may be marked as incomplete.\r\n\r\nConsistent follow-through helps maintain eligibility for future trials.\r\n\r\n## 3. NDA and Confidentiality\r\nEvery project will require a project specific NDA. All project NDAs must be signed and correctly submitted before participation can begin.\r\n\r\nFailure to sign or misrouting your NDA may delay or cancel participation.\r\n\r\nSharing or posting confidential product details, photos, or files will result in immediate removal from all current and future trials.\r\n\r\n## 4. Surveys and Feedback Quality\r\n\r\nYour feedback drives product decisions.\r\nPlease complete all required questions and provide comments where possible.\r\n\r\nExamples of poor-quality feedback that may affect eligibility include:\r\n- Leaving all open comment fields blank\r\n- Writing the same short response for every question\r\n- Copying and pasting identical text across unrelated sections\r\n\r\nNot every topic will inspire a long response — that’s okay.\r\nWe ask only that you contribute thoughtful input where you have relevant experience or opinions.\r\n\r\n## 5. Sample Handling\r\n\r\nAll samples remain company property unless otherwise stated.\r\n\r\nIf you cannot complete a trial, notify us and arrange a return.\r\n\r\nDamaged, lost, or unreturned devices may affect eligibility for future programs.\r\nIntentional misuse or failure to return a device will result in permanent exclusion.\r\n\r\n## 6. Conduct\r\n\r\nInappropriate, abusive, or unprofessional behavior toward staff or other participants will result in permanent removal from the program.\r\n\r\nWe are committed to maintaining a safe and respectful testing environment.\r\n\r\n## 7. Consequences and Eligibility\r\n\r\nParticipation history is tracked to ensure fair access to trials.\r\n\r\nDepending on context and history, consequences may include temporary suspension or permanent removal.\r\n\r\nFinal decisions are made by the User Trials team based on the full participation record.\r\n\r\n## 8. Positive Participation\r\n\r\nWe recognize and value great testers.\r\n\r\nConsistent, thoughtful, and timely participation may lead to:\r\n- Priority selection for future trials\r\n- Invitations to early or limited programs\r\n\r\nThank you for the time and care you bring to our trials.\r\nYour feedback helps shape better experiences for users worldwide.','2025-12-29 06:39:12','system_poc');
/*!40000 ALTER TABLE `site_content_pages` ENABLE KEYS */;
UNLOCK TABLES;

--
-- Table structure for table `site_legal_documents`
--

DROP TABLE IF EXISTS `site_legal_documents`;
/*!40101 SET @saved_cs_client     = @@character_set_client */;
/*!50503 SET character_set_client = utf8mb4 */;
CREATE TABLE `site_legal_documents` (
  `id` bigint unsigned NOT NULL AUTO_INCREMENT,
  `document_type` enum('privacy_statement','trial_participation_disclaimer','trial_participation_terms','data_usage_disclaimer','data_handling','cookie_notice','terms_of_service','accessibility_statement','nda') NOT NULL,
  `title` varchar(255) NOT NULL,
  `content` longtext NOT NULL,
  `version` varchar(50) NOT NULL,
  `status` enum('draft','active','archived') CHARACTER SET utf8mb4 COLLATE utf8mb4_0900_ai_ci NOT NULL DEFAULT 'draft',
  `effective_date` datetime NOT NULL,
  `created_at` datetime NOT NULL DEFAULT CURRENT_TIMESTAMP,
  `created_by_user_id` varchar(32) NOT NULL,
  `supersedes_id` bigint unsigned DEFAULT NULL,
  PRIMARY KEY (`id`),
  UNIQUE KEY `uq_doc_version` (`document_type`,`version`),
  KEY `fk_legal_created_by` (`created_by_user_id`),
  KEY `idx_legal_type_status` (`document_type`,`status`),
  KEY `idx_legal_effective_date` (`document_type`,`effective_date`),
  KEY `idx_legal_supersedes` (`supersedes_id`),
  CONSTRAINT `fk_legal_created_by` FOREIGN KEY (`created_by_user_id`) REFERENCES `user_pool` (`user_id`) ON DELETE RESTRICT,
  CONSTRAINT `fk_legal_supersedes` FOREIGN KEY (`supersedes_id`) REFERENCES `site_legal_documents` (`id`) ON DELETE SET NULL
) ENGINE=InnoDB AUTO_INCREMENT=11 DEFAULT CHARSET=utf8mb4 COLLATE=utf8mb4_0900_ai_ci;
/*!40101 SET character_set_client = @saved_cs_client */;

--
-- Dumping data for table `site_legal_documents`
--

LOCK TABLES `site_legal_documents` WRITE;
/*!40000 ALTER TABLE `site_legal_documents` DISABLE KEYS */;
INSERT INTO `site_legal_documents` VALUES (1,'privacy_statement','Logitech User Trials Privacy Statement','\r\n<h2>1. Introduction</h2>\r\n\r\n<p>\r\nThis Privacy Statement explains how Logitech (“we”, “us”, or “our”) collects,\r\nuses, stores, and protects personal information through the Logitech User Trials\r\nwebsite (the “Site”).\r\n</p>\r\n\r\n<p>\r\nThis Site is operated for the sole purpose of managing participation in Logitech\r\nproduct user trials and research programs. It does not replace or supersede\r\nLogitech’s global Privacy Policy, which continues to apply where relevant.\r\n</p>\r\n\r\n<h2>2. Information We Collect</h2>\r\n\r\n<p>\r\nDepending on your participation, we may collect the following information:\r\n</p>\r\n\r\n<h3>Account Information</h3>\r\n<ul>\r\n    <li>Email address</li>\r\n    <li>Password (stored as a secure hash)</li>\r\n    <li>Account status and onboarding progress</li>\r\n</ul>\r\n\r\n<h3>Demographic Information</h3>\r\n<ul>\r\n    <li>First and last name</li>\r\n    <li>Gender</li>\r\n    <li>Birth year</li>\r\n    <li>Country and city of residence</li>\r\n</ul>\r\n\r\n<h3>Contact & Logistics Information</h3>\r\n<ul>\r\n    <li>Phone number</li>\r\n    <li>Shipping address (when required for trial participation)</li>\r\n</ul>\r\n\r\n<h3>Trial Participation Data</h3>\r\n<ul>\r\n    <li>Trial eligibility and selection status</li>\r\n    <li>NDA acknowledgements and timestamps</li>\r\n    <li>Survey responses and feedback</li>\r\n    <li>Participation history and scoring</li>\r\n</ul>\r\n\r\n<p>\r\nWe only collect information that is necessary to administer user trials and\r\nresearch activities.\r\n</p>\r\n\r\n<h2>3. How We Use Your Information</h2>\r\n\r\n<p>\r\nWe use your information to:\r\n</p>\r\n\r\n<ul>\r\n    <li>Determine eligibility for user trials</li>\r\n    <li>Communicate about trials and participation requirements</li>\r\n    <li>Manage NDAs and legal acknowledgements</li>\r\n    <li>Ship trial products where applicable</li>\r\n    <li>Collect feedback to improve Logitech products</li>\r\n    <li>Maintain internal records of participation and performance</li>\r\n</ul>\r\n\r\n<p>\r\nWe do not use User Trials data for advertising or marketing purposes unrelated\r\nto product research.\r\n</p>\r\n\r\n<h2>4. Legal Basis for Processing</h2>\r\n\r\n<p>\r\nWhere applicable, we process your personal information based on:\r\n</p>\r\n\r\n<ul>\r\n    <li>Your consent</li>\r\n    <li>Performance of a contract (trial participation)</li>\r\n    <li>Legitimate business interests related to product research</li>\r\n</ul>\r\n','1.0','active','2026-01-11 00:00:00','2026-01-11 04:49:32','userid_4fec82c7eea61',NULL),(2,'trial_participation_terms','Logitech User Trials – Trial Participation Terms','\r\n<h2>1. Purpose of User Trials</h2>\r\n\r\n<p>\r\nLogitech User Trials are conducted to evaluate products, features, and user\r\nexperiences prior to commercial release. Participation is voluntary and subject\r\nto eligibility requirements determined by Logitech.\r\n</p>\r\n\r\n<h2>2. Eligibility and Selection</h2>\r\n\r\n<p>\r\nSubmission of an application or completion of onboarding does not guarantee\r\nselection for a user trial. Logitech reserves the right to select, reject, or\r\nremove participants at its sole discretion.\r\n</p>\r\n\r\n<h2>3. Participant Responsibilities</h2>\r\n\r\n<p>\r\nIf selected, participants agree to:\r\n</p>\r\n\r\n<ul>\r\n    <li>Use trial products in accordance with provided instructions</li>\r\n    <li>Complete required surveys or feedback requests in a timely manner</li>\r\n    <li>Refrain from sharing confidential information or materials</li>\r\n    <li>Return trial products when requested, if applicable</li>\r\n</ul>\r\n\r\n<h2>4. Confidentiality and NDA</h2>\r\n\r\n<p>\r\nParticipation may require acceptance of a Non-Disclosure Agreement (NDA).\r\nFailure to comply with confidentiality obligations may result in removal from\r\nthe trial and exclusion from future trials.\r\n</p>\r\n\r\n<h2>5. Product Handling and Liability</h2>\r\n\r\n<p>\r\nTrial products may be pre-production and provided “as is.” Logitech is not\r\nresponsible for damages arising from use of trial products, except where\r\nrequired by applicable law.\r\n</p>\r\n\r\n<h2>6. Feedback and Usage Data</h2>\r\n\r\n<p>\r\nBy participating, you grant Logitech permission to collect and use feedback,\r\nusage data, and survey responses for research and product improvement purposes.\r\n</p>\r\n\r\n<h2>7. Termination of Participation</h2>\r\n\r\n<p>\r\nLogitech reserves the right to terminate participation at any time for any\r\nreason, including non-compliance with these terms.\r\n</p>\r\n\r\n<h2>8. Changes to These Terms</h2>\r\n\r\n<p>\r\nThese Trial Participation Terms may be updated from time to time. Continued\r\nparticipation after an update constitutes acceptance of the revised terms.\r\n</p>\r\n','1.0','active','2026-01-11 00:00:00','2026-01-11 05:35:59','userid_4fec82c7eea61',NULL),(3,'data_handling','Logitech User Trials – Data Handling Statement','\r\n<h2>1. Purpose of Data Handling</h2>\r\n\r\n<p>\r\nThis Data Handling Statement describes how personal data collected through the\r\nLogitech User Trials website is stored, processed, accessed, and retained for\r\nthe purpose of managing user trial participation.\r\n</p>\r\n\r\n<h2>2. Data Storage and Security</h2>\r\n\r\n<p>\r\nPersonal data collected through the User Trials platform is stored in secure\r\nsystems with access restricted to authorized personnel only. Logitech applies\r\nappropriate technical and organizational measures to protect personal data\r\nagainst unauthorized access, loss, or misuse.\r\n</p>\r\n\r\n<h2>3. Access Controls</h2>\r\n\r\n<p>\r\nAccess to personal data is granted on a role-based basis. Only individuals who\r\nrequire access to perform trial administration, logistics, legal review, or\r\nanalysis functions are permitted to view or modify data.\r\n</p>\r\n\r\n<h2>4. Data Retention</h2>\r\n\r\n<p>\r\nPersonal data is retained only for as long as necessary to fulfill the purposes\r\nof user trial management, comply with legal obligations, or resolve disputes.\r\nRetention periods may vary depending on the nature of the data and applicable\r\nregulatory requirements.\r\n</p>\r\n\r\n<h2>5. Data Sharing</h2>\r\n\r\n<p>\r\nPersonal data may be shared internally within Logitech for the purposes of\r\nproduct research, logistics, and compliance. Data is not shared with external\r\nthird parties except where necessary to fulfill trial operations (such as\r\nshipping providers) or where required by law.\r\n</p>\r\n\r\n<h2>6. International Data Transfers</h2>\r\n\r\n<p>\r\nUser Trials data may be processed or accessed in countries other than the\r\nparticipant’s country of residence. Where applicable, Logitech ensures\r\nappropriate safeguards are in place to protect personal data during such\r\ntransfers.\r\n</p>\r\n\r\n<h2>7. Participant Rights</h2>\r\n\r\n<p>\r\nParticipants may request access to, correction of, or deletion of their personal\r\ndata, subject to applicable laws and internal retention requirements.\r\n</p>\r\n\r\n<h2>8. Changes to This Statement</h2>\r\n\r\n<p>\r\nThis Data Handling Statement may be updated periodically. The version and\r\neffective date displayed on this page indicate the currently active version.\r\n</p>\r\n','1.0','active','2026-01-11 00:00:00','2026-01-11 05:37:11','userid_4fec82c7eea61',NULL),(4,'terms_of_service','Logitech User Trials – Terms of Service','\r\n<h2>1. Acceptance of Terms</h2>\r\n\r\n<p>\r\nBy accessing or using the Logitech User Trials website (the “Site”), you agree to\r\nbe bound by these Terms of Service. If you do not agree to these terms, you should\r\nnot use the Site or participate in user trials.\r\n</p>\r\n\r\n<h2>2. Scope of the Service</h2>\r\n\r\n<p>\r\nThe Site is provided for the purpose of managing participation in Logitech user\r\ntrials and research programs. The Site does not constitute a consumer-facing\r\ncommerce platform and does not offer products for sale.\r\n</p>\r\n\r\n<h2>3. Account Registration and Access</h2>\r\n\r\n<p>\r\nUsers may be required to register an account to access certain features of the\r\nSite. You are responsible for maintaining the confidentiality of your account\r\ncredentials and for all activity that occurs under your account.\r\n</p>\r\n\r\n<p>\r\nLogitech reserves the right to suspend or terminate accounts that violate these\r\nTerms or misuse the Site.\r\n</p>\r\n\r\n<h2>4. User Conduct</h2>\r\n\r\n<p>\r\nYou agree not to:\r\n</p>\r\n\r\n<ul>\r\n    <li>Provide false or misleading information</li>\r\n    <li>Attempt to gain unauthorized access to the Site or its systems</li>\r\n    <li>Interfere with the operation or security of the Site</li>\r\n    <li>Use the Site for purposes unrelated to authorized user trials</li>\r\n</ul>\r\n\r\n<h2>5. Intellectual Property</h2>\r\n\r\n<p>\r\nAll content, trademarks, and materials on the Site are owned by or licensed to\r\nLogitech. Use of the Site does not grant you any ownership or intellectual\r\nproperty rights.\r\n</p>\r\n\r\n<h2>6. Disclaimers</h2>\r\n\r\n<p>\r\nThe Site is provided on an “as is” and “as available” basis. Logitech makes no\r\nwarranties regarding availability, accuracy, or uninterrupted operation of the\r\nSite.\r\n</p>\r\n\r\n<h2>7. Limitation of Liability</h2>\r\n\r\n<p>\r\nTo the maximum extent permitted by law, Logitech shall not be liable for any\r\nindirect, incidental, or consequential damages arising out of or related to use\r\nof the Site.\r\n</p>\r\n\r\n<h2>8. Modifications to the Service or Terms</h2>\r\n\r\n<p>\r\nLogitech may modify these Terms of Service at any time. Updated terms will be\r\neffective as of the date indicated. Continued use of the Site constitutes\r\nacceptance of the revised terms.\r\n</p>\r\n\r\n<h2>9. Governing Law</h2>\r\n\r\n<p>\r\nThese Terms of Service are governed by and construed in accordance with\r\napplicable laws, without regard to conflict of law principles.\r\n</p>\r\n','1.0','active','2026-01-11 00:00:00','2026-01-11 05:38:18','userid_4fec82c7eea61',NULL),(5,'accessibility_statement','Logitech User Trials – Accessibility Statement','\r\n<h2>1. Commitment to Accessibility</h2>\r\n\r\n<p>\r\nLogitech is committed to ensuring digital accessibility for all users, including\r\nindividuals with disabilities. We strive to improve the user experience for\r\neveryone and to apply relevant accessibility standards to the Logitech User\r\nTrials website.\r\n</p>\r\n\r\n<h2>2. Accessibility Standards</h2>\r\n\r\n<p>\r\nThe User Trials website is designed with consideration for accessibility best\r\npractices and aims to conform, where feasible, to applicable accessibility\r\nguidelines such as the Web Content Accessibility Guidelines (WCAG).\r\n</p>\r\n\r\n<h2>3. Accessibility Features</h2>\r\n\r\n<p>\r\nAccessibility considerations may include:\r\n</p>\r\n\r\n<ul>\r\n    <li>Semantic HTML structure for improved screen reader compatibility</li>\r\n    <li>Keyboard-navigable interactive elements</li>\r\n    <li>Readable text contrast and scalable layouts</li>\r\n    <li>Clear and consistent navigation patterns</li>\r\n</ul>\r\n\r\n<h2>4. Limitations</h2>\r\n\r\n<p>\r\nWhile we make reasonable efforts to ensure accessibility, some content or\r\nfeatures may not yet be fully accessible due to technical constraints or ongoing\r\ndevelopment. Accessibility improvements are addressed as part of continuous\r\nsite enhancements.\r\n</p>\r\n\r\n<h2>5. Feedback and Assistance</h2>\r\n\r\n<p>\r\nIf you encounter accessibility barriers while using the User Trials website or\r\nrequire assistance, please contact us through the provided support or contact\r\nchannels. Feedback helps us identify areas for improvement.\r\n</p>\r\n\r\n<h2>6. Updates to This Statement</h2>\r\n\r\n<p>\r\nThis Accessibility Statement may be updated periodically to reflect improvements\r\nor changes to accessibility practices. The version and effective date displayed\r\non this page indicate the currently active version.\r\n</p>\r\n','1.0','active','2026-01-11 00:00:00','2026-01-11 05:38:48','userid_4fec82c7eea61',NULL),(6,'nda','Global Non-Disclosure Agreement','<p class=\"MsoNormal\"><strong>GLOBAL NON-DISCLOSURE AGREEMENT</strong></p>\n<p class=\"MsoNormal\">This Global Non-Disclosure Agreement (&ldquo;Agreement&rdquo;) is entered into between the participant (&ldquo;Participant&rdquo;) and the Company (&ldquo;Company&rdquo; or &ldquo;Logitech&rdquo;) as of the Effective Date listed below.</p>\n<p class=\"MsoNormal\"><strong>1. PURPOSE</strong></p>\n<p class=\"MsoNormal\">The purpose of this Agreement is to allow the Participant to access the Company&rsquo;s user trial platform, communications, and related materials for the limited purpose of evaluating, applying for, or participating in product research activities (&ldquo;Trials&rdquo;).</p>\n<p class=\"MsoNormal\"><strong>2. CONFIDENTIAL INFORMATION</strong></p>\n<p class=\"MsoNormal\">&ldquo;Confidential Information&rdquo; includes, but is not limited to:</p>\n<ul style=\"margin-top: 0in;\" type=\"disc\">\n<li class=\"MsoNormal\" style=\"mso-list: l5 level1 lfo1; tab-stops: list .5in;\">The existence of Trials</li>\n<li class=\"MsoNormal\" style=\"mso-list: l5 level1 lfo1; tab-stops: list .5in;\">Access to the user trial platform</li>\n<li class=\"MsoNormal\" style=\"mso-list: l5 level1 lfo1; tab-stops: list .5in;\">Pre-release products, software, services, or features</li>\n<li class=\"MsoNormal\" style=\"mso-list: l5 level1 lfo1; tab-stops: list .5in;\">Trial invitations, communications, instructions, and materials</li>\n<li class=\"MsoNormal\" style=\"mso-list: l5 level1 lfo1; tab-stops: list .5in;\">Any non-public information disclosed by the Company</li>\n</ul>\n<p class=\"MsoNormal\">Confidential Information does not include information that is publicly available through no fault of the Participant.</p>\n<p class=\"MsoNormal\"><strong>3. OBLIGATIONS OF PARTICIPANT</strong></p>\n<p class=\"MsoNormal\">The Participant agrees to:</p>\n<ul style=\"margin-top: 0in;\" type=\"disc\">\n<li class=\"MsoNormal\" style=\"mso-list: l1 level1 lfo2; tab-stops: list .5in;\">Keep all Confidential Information strictly confidential</li>\n<li class=\"MsoNormal\" style=\"mso-list: l1 level1 lfo2; tab-stops: list .5in;\">Not disclose, share, publish, or discuss Confidential Information with&nbsp;any third party</li>\n<li class=\"MsoNormal\" style=\"mso-list: l1 level1 lfo2; tab-stops: list .5in;\">Not publicly acknowledge participation in Trials unless explicitly&nbsp;permitted by the Company</li>\n<li class=\"MsoNormal\" style=\"mso-list: l1 level1 lfo2; tab-stops: list .5in;\">Use Confidential Information solely for purposes related to Trials</li>\n</ul>\n<p class=\"MsoNormal\"><strong>4. ACCESS AND PARTICIPATION</strong></p>\n<ul style=\"margin-top: 0in;\" type=\"disc\">\n<li class=\"MsoNormal\" style=\"mso-list: l6 level1 lfo3; tab-stops: list .5in;\">This Agreement does not guarantee selection for any Trial.<br>The Company may grant or revoke access to the platform or any Trial at its sole discretion.</li>\n</ul>\n<p class=\"MsoNormal\"><strong>5. OWNERSHIP</strong></p>\n<ul style=\"margin-top: 0in;\" type=\"disc\">\n<li class=\"MsoNormal\" style=\"mso-list: l4 level1 lfo4; tab-stops: list .5in;\">All Confidential Information remains the exclusive property of the Company.</li>\n<li class=\"MsoNormal\" style=\"mso-list: l4 level1 lfo4; tab-stops: list .5in;\">No license or ownership rights are granted under this Agreement.</li>\n</ul>\n<p class=\"MsoNormal\"><strong>6. DURATION</strong></p>\n<ul style=\"margin-top: 0in;\" type=\"disc\">\n<li class=\"MsoNormal\" style=\"mso-list: l0 level1 lfo5; tab-stops: list .5in;\">The obligations under this Agreement remain in effect until the&nbsp;Confidential Information becomes publicly available through authorized means or the Company provides written release.</li>\n</ul>\n<p class=\"MsoNormal\"><strong>7. NO OBLIGATION</strong></p>\n<ul style=\"margin-top: 0in;\" type=\"disc\">\n<li class=\"MsoNormal\" style=\"mso-list: l2 level1 lfo6; tab-stops: list .5in;\">Nothing in this Agreement obligates the Company to conduct any Trial or provide any compensation.</li>\n</ul>\n<p class=\"MsoNormal\"><strong>8. GOVERNING LAW</strong></p>\n<ul style=\"margin-top: 0in;\" type=\"disc\">\n<li class=\"MsoNormal\" style=\"mso-list: l3 level1 lfo7; tab-stops: list .5in;\">This Agreement is governed by the laws applicable to the Company&rsquo;s primary place of business, without regard to conflict-of-law principles.</li>\n<li class=\"MsoNormal\" style=\"mso-list: l3 level1 lfo7; tab-stops: list .5in;\">By accessing the platform or participating in any Trial, the Participant acknowledges that they have read, understood, and agree to this Agreement.</li>\n</ul>','1.0','archived','2026-01-20 07:43:23','2026-01-21 01:39:35','userid_4fec82c7eea61',NULL),(9,'nda','Global Non-Disclosure Agreement','<p class=\"MsoNormal\"><strong>GLOBAL NON-DISCLOSURE AGREEMENT</strong></p>\n<p class=\"MsoNormal\">This Global Non-Disclosure Agreement (&ldquo;Agreement&rdquo;) is entered into between the participant (&ldquo;Participant&rdquo;) and the Company (&ldquo;Company&rdquo; or &ldquo;Logitech&rdquo;) as of the Effective Date listed below.</p>\n<p class=\"MsoNormal\"><strong>1. PURPOSE OF AGREEMENT</strong></p>\n<p class=\"MsoNormal\">The purpose of this Agreement is to allow the Participant to access the Company&rsquo;s user trial platform, communications, and related materials for the limited purpose of evaluating, applying for, or participating in product research activities (&ldquo;Trials&rdquo;).</p>\n<p class=\"MsoNormal\"><strong>2. CONFIDENTIAL INFORMATION</strong></p>\n<p class=\"MsoNormal\">&ldquo;Confidential Information&rdquo; includes, but is not limited to:</p>\n<ul style=\"margin-top: 0in;\" type=\"disc\">\n<li class=\"MsoNormal\" style=\"mso-list: l5 level1 lfo1; tab-stops: list .5in;\">The existence of Trials (or User Trials)</li>\n<li class=\"MsoNormal\" style=\"mso-list: l5 level1 lfo1; tab-stops: list .5in;\">Access to the user trial platform</li>\n<li class=\"MsoNormal\" style=\"mso-list: l5 level1 lfo1; tab-stops: list .5in;\">Pre-release products, software, services, or features</li>\n<li class=\"MsoNormal\" style=\"mso-list: l5 level1 lfo1; tab-stops: list .5in;\">Trial invitations, communications, instructions, and materials</li>\n<li class=\"MsoNormal\" style=\"mso-list: l5 level1 lfo1; tab-stops: list .5in;\">Any non-public information disclosed by the Company</li>\n</ul>\n<p class=\"MsoNormal\">Confidential Information does not include information that is publicly available through no fault of the Participant.</p>\n<p class=\"MsoNormal\"><strong>3. OBLIGATIONS OF PARTICIPANT</strong></p>\n<p class=\"MsoNormal\">The Participant agrees to:</p>\n<ul style=\"margin-top: 0in;\" type=\"disc\">\n<li class=\"MsoNormal\" style=\"mso-list: l1 level1 lfo2; tab-stops: list .5in;\">Keep all Confidential Information strictly confidential</li>\n<li class=\"MsoNormal\" style=\"mso-list: l1 level1 lfo2; tab-stops: list .5in;\">Not disclose, share, publish, or discuss Confidential Information with&nbsp;any third party</li>\n<li class=\"MsoNormal\" style=\"mso-list: l1 level1 lfo2; tab-stops: list .5in;\">Not publicly acknowledge participation in Trials unless explicitly&nbsp;permitted by the Company</li>\n<li class=\"MsoNormal\" style=\"mso-list: l1 level1 lfo2; tab-stops: list .5in;\">Use Confidential Information solely for purposes related to Trials</li>\n</ul>\n<p class=\"MsoNormal\"><strong>4. ACCESS AND PARTICIPATION</strong></p>\n<ul style=\"margin-top: 0in;\" type=\"disc\">\n<li class=\"MsoNormal\" style=\"mso-list: l6 level1 lfo3; tab-stops: list .5in;\">This Agreement does not guarantee selection for any Trial.<br>The Company may grant or revoke access to the platform or any Trial at its sole discretion.</li>\n</ul>\n<p class=\"MsoNormal\"><strong>5. OWNERSHIP</strong></p>\n<ul style=\"margin-top: 0in;\" type=\"disc\">\n<li class=\"MsoNormal\" style=\"mso-list: l4 level1 lfo4; tab-stops: list .5in;\">All Confidential Information remains the exclusive property of the Company.</li>\n<li class=\"MsoNormal\" style=\"mso-list: l4 level1 lfo4; tab-stops: list .5in;\">No license or ownership rights are granted under this Agreement.</li>\n</ul>\n<p class=\"MsoNormal\"><strong>6. DURATION</strong></p>\n<ul style=\"margin-top: 0in;\" type=\"disc\">\n<li class=\"MsoNormal\" style=\"mso-list: l0 level1 lfo5; tab-stops: list .5in;\">The obligations under this Agreement remain in effect until the&nbsp;Confidential Information becomes publicly available through authorized means or the Company provides written release.</li>\n</ul>\n<p class=\"MsoNormal\"><strong>7. NO OBLIGATION</strong></p>\n<ul style=\"margin-top: 0in;\" type=\"disc\">\n<li class=\"MsoNormal\" style=\"mso-list: l2 level1 lfo6; tab-stops: list .5in;\">Nothing in this Agreement obligates the Company to conduct any Trial or provide any compensation.</li>\n</ul>\n<p class=\"MsoNormal\"><strong>8. GOVERNING LAW</strong></p>\n<ul style=\"margin-top: 0in;\" type=\"disc\">\n<li class=\"MsoNormal\" style=\"mso-list: l3 level1 lfo7; tab-stops: list .5in;\">This Agreement is governed by the laws applicable to the Company&rsquo;s primary place of business, without regard to conflict-of-law principles.</li>\n<li class=\"MsoNormal\" style=\"mso-list: l3 level1 lfo7; tab-stops: list .5in;\">By accessing the platform or participating in any Trial, the Participant acknowledges that they have read, understood, and agree to this Agreement.</li>\n</ul>','2.0','active','2026-01-21 10:43:23','2026-01-21 02:19:53','userid_4fec82c7eea61',6),(10,'terms_of_service','Logitech User Trials – Terms of Service','<h2>1. Acceptance of Terms</h2>\n<p>By accessing or using the Logitech User Trials website (the &ldquo;Site&rdquo;), you agree to be bound by these Terms of Service. If you do not agree to these terms, you should not use the Site or participate in user trials.</p>\n<h2>2. Scope of the Service</h2>\n<p>The Site is provided for the purpose of managing participation in Logitech user trials and research programs. The Site does not constitute a consumer-facing commerce platform and does not offer products for sale, nor does it commit to a garauntee of selection in a trial.</p>\n<h2>3. Account Registration and Access</h2>\n<p>Users may be required to register an account to access certain features of the Site. You are responsible for maintaining the confidentiality of your account credentials and for all activity that occurs under your account.</p>\n<p>Logitech reserves the right to suspend or terminate accounts that violate these Terms or misuse the Site.</p>\n<h2>4. User Conduct</h2>\n<p>You agree not to:</p>\n<ul>\n<li>Provide false or misleading information</li>\n<li>Attempt to gain unauthorized access to the Site or its systems</li>\n<li>Interfere with the operation or security of the Site</li>\n<li>Use the Site for purposes unrelated to authorized user trials</li>\n</ul>\n<h2>5. Intellectual Property</h2>\n<p>All content, trademarks, and materials on the Site are owned by or licensed to Logitech. Use of the Site does not grant you any ownership or intellectual property rights.</p>\n<h2>6. Disclaimers</h2>\n<p>The Site is provided on an &ldquo;as is&rdquo; and &ldquo;as available&rdquo; basis. Logitech makes no warranties regarding availability, accuracy, or uninterrupted operation of the Site.</p>\n<h2>7. Limitation of Liability</h2>\n<p>To the maximum extent permitted by law, Logitech shall not be liable for any indirect, incidental, or consequential damages arising out of or related to use of the Site.</p>\n<h2>8. Modifications to the Service or Terms</h2>\n<p>Logitech may modify these Terms of Service at any time. Updated terms will be effective as of the date indicated. Continued use of the Site constitutes acceptance of the revised terms.</p>\n<h2>9. Governing Law</h2>\n<p>These Terms of Service are governed by and construed in accordance with applicable laws, without regard to conflict of law principles.</p>','2.0','draft','2026-01-11 00:00:00','2026-01-21 02:46:49','userid_4fec82c7eea61',4);
/*!40000 ALTER TABLE `site_legal_documents` ENABLE KEYS */;
UNLOCK TABLES;

--
-- Table structure for table `survey_answers`
--

DROP TABLE IF EXISTS `survey_answers`;
/*!40101 SET @saved_cs_client     = @@character_set_client */;
/*!50503 SET character_set_client = utf8mb4 */;
CREATE TABLE `survey_answers` (
  `AnswerID` bigint unsigned NOT NULL AUTO_INCREMENT,
  `SurveyID` bigint unsigned NOT NULL,
  `DistributionID` bigint unsigned NOT NULL,
  `user_id` varchar(20) NOT NULL,
  `ProjectID` varchar(20) NOT NULL,
  `RoundID` int NOT NULL,
  `SurveyTypeID` varchar(20) NOT NULL,
  `QuestionID` varchar(100) NOT NULL,
  `QuestionText` text,
  `AnswerValue` text,
  `AnswerNumeric` decimal(10,2) DEFAULT NULL,
  `SubmittedAt` datetime NOT NULL,
  `CreatedAt` datetime DEFAULT CURRENT_TIMESTAMP,
  `UpdatedAt` datetime DEFAULT CURRENT_TIMESTAMP ON UPDATE CURRENT_TIMESTAMP,
  PRIMARY KEY (`AnswerID`),
  KEY `idx_user` (`user_id`),
  KEY `idx_question` (`QuestionID`),
  KEY `idx_survey` (`SurveyID`),
  KEY `idx_project_round` (`ProjectID`,`RoundID`),
  KEY `fk_ans_distribution` (`DistributionID`),
  CONSTRAINT `fk_ans_distribution` FOREIGN KEY (`DistributionID`) REFERENCES `survey_distribution` (`DistributionID`) ON DELETE CASCADE,
  CONSTRAINT `fk_ans_survey` FOREIGN KEY (`SurveyID`) REFERENCES `survey_tracker` (`SurveyID`) ON DELETE CASCADE,
  CONSTRAINT `fk_ans_user` FOREIGN KEY (`user_id`) REFERENCES `user_pool` (`user_id`) ON DELETE CASCADE
) ENGINE=InnoDB AUTO_INCREMENT=1190 DEFAULT CHARSET=utf8mb4 COLLATE=utf8mb4_0900_ai_ci;
/*!40101 SET character_set_client = @saved_cs_client */;

--
-- Dumping data for table `survey_answers`
--

LOCK TABLES `survey_answers` WRITE;
/*!40000 ALTER TABLE `survey_answers` DISABLE KEYS */;
INSERT INTO `survey_answers` VALUES (1,12,2,'userid_fb8b506807e01','c18b9f2a-e2f5-477f-9',14,'UTSurveyType0006','Q_21eb497b66eb1a1a','What is your name?','Sophia Wu',NULL,'2025-08-27 13:19:00','2026-02-13 03:08:48','2026-02-13 03:08:48'),(2,12,2,'userid_fb8b506807e01','c18b9f2a-e2f5-477f-9',14,'UTSurveyType0006','Q_6ca3809bc801ea0c','What gender do you identify with?','Female',NULL,'2025-08-27 13:19:00','2026-02-13 03:08:48','2026-02-13 03:08:48'),(3,12,2,'userid_fb8b506807e01','c18b9f2a-e2f5-477f-9',14,'UTSurveyType0006','Q_cca57fe036393e59','What is your age range?','41 - 50',NULL,'2025-08-27 13:19:00','2026-02-13 03:08:48','2026-02-13 03:08:48'),(4,12,2,'userid_fb8b506807e01','c18b9f2a-e2f5-477f-9',14,'UTSurveyType0006','Q_7bc5e7f6b5915a1e','Where are you from?','Taiwan',NULL,'2025-08-27 13:19:00','2026-02-13 03:08:48','2026-02-13 03:08:48'),(5,12,2,'userid_fb8b506807e01','c18b9f2a-e2f5-477f-9',14,'UTSurveyType0006','Q_43daedac0a08cf8c','What OS are you using?','Windows',NULL,'2025-08-27 13:19:00','2026-02-13 03:08:48','2026-02-13 03:08:48'),(6,12,2,'userid_fb8b506807e01','c18b9f2a-e2f5-477f-9',14,'UTSurveyType0006','Q_fb99225770e4860f','Have you ever used a mechanical keyboard before?','Yes - I liked it',NULL,'2025-08-27 13:19:00','2026-02-13 03:08:48','2026-02-13 03:08:48'),(7,12,2,'userid_fb8b506807e01','c18b9f2a-e2f5-477f-9',14,'UTSurveyType0006','Q_912b7c9823702d30','How would you rate this product on a scale of 1 - 5?','5',5.00,'2025-08-27 13:19:00','2026-02-13 03:08:48','2026-02-13 03:08:48'),(8,12,2,'userid_fb8b506807e01','c18b9f2a-e2f5-477f-9',14,'UTSurveyType0006','Q_4f186aae6dfa147f','Briefly, can you tell us why you\'ve rated it this way.','The overall product is comfortable and easy to use',NULL,'2025-08-27 13:19:00','2026-02-13 03:08:48','2026-02-13 03:08:48'),(9,12,2,'userid_fb8b506807e01','c18b9f2a-e2f5-477f-9',14,'UTSurveyType0006','Q_a9b70e9268acdf03','Overall how would you rate the software experience?','5',5.00,'2025-08-27 13:19:00','2026-02-13 03:08:48','2026-02-13 03:08:48'),(10,12,2,'userid_fb8b506807e01','c18b9f2a-e2f5-477f-9',14,'UTSurveyType0006','Q_44297eef83590efd','Can you share more?','Easy to understand',NULL,'2025-08-27 13:19:00','2026-02-13 03:08:48','2026-02-13 03:08:48'),(11,12,2,'userid_fb8b506807e01','c18b9f2a-e2f5-477f-9',14,'UTSurveyType0006','Q_939652c6f1af35de','How easy to follow was the onboarding for Fujian? (1 = Very difficult)','5',5.00,'2025-08-27 13:19:00','2026-02-13 03:08:48','2026-02-13 03:08:48'),(12,12,2,'userid_fb8b506807e01','c18b9f2a-e2f5-477f-9',14,'UTSurveyType0006','Q_654f809d7dae0168','Did you customize the Action keys?','No, but I knew I could',NULL,'2025-08-27 13:19:00','2026-02-13 03:08:48','2026-02-13 03:08:48'),(13,12,2,'userid_fb8b506807e01','c18b9f2a-e2f5-477f-9',14,'UTSurveyType0006','Q_4b4d5ae4d5ffb626','Can you tell us more?','None',NULL,'2025-08-27 13:19:00','2026-02-13 03:08:48','2026-02-13 03:08:48'),(14,12,2,'userid_fb8b506807e01','c18b9f2a-e2f5-477f-9',14,'UTSurveyType0006','Q_008c7d2b7f3a3d77','How would your rate the overall typing experience with this keyboard?','5',5.00,'2025-08-27 13:19:00','2026-02-13 03:08:48','2026-02-13 03:08:48'),(15,12,2,'userid_fb8b506807e01','c18b9f2a-e2f5-477f-9',14,'UTSurveyType0006','Q_866037fcddacafe6','How do you feel about the sound while typing?','5',5.00,'2025-08-27 13:19:00','2026-02-13 03:08:48','2026-02-13 03:08:48'),(16,12,2,'userid_fb8b506807e01','c18b9f2a-e2f5-477f-9',14,'UTSurveyType0006','Q_0f078b1d055e3736','Please tell us more','None',NULL,'2025-08-27 13:19:00','2026-02-13 03:08:48','2026-02-13 03:08:48'),(17,12,2,'userid_fb8b506807e01','c18b9f2a-e2f5-477f-9',14,'UTSurveyType0006','Q_57c116fc87b3693b','This keyboard feels sturdy','3',3.00,'2025-08-27 13:19:00','2026-02-13 03:08:48','2026-02-13 03:08:48'),(18,12,2,'userid_fb8b506807e01','c18b9f2a-e2f5-477f-9',14,'UTSurveyType0006','Q_fe53237382c01c82','How did you feel about the keyboard legs? (1= Very poor)','4',4.00,'2025-08-27 13:19:00','2026-02-13 03:08:48','2026-02-13 03:08:48'),(19,12,2,'userid_fb8b506807e01','c18b9f2a-e2f5-477f-9',14,'UTSurveyType0006','Q_abcf1cc199f381e3','How secure did the USB dongle feel in the USB storage space on the back of the keyboard? (1 = Not very secure)','0',0.00,'2025-08-27 13:19:00','2026-02-13 03:08:48','2026-02-13 03:08:48'),(20,12,2,'userid_fb8b506807e01','c18b9f2a-e2f5-477f-9',14,'UTSurveyType0006','Q_0f078b1d055e3736','Please tell us more','None',NULL,'2025-08-27 13:19:00','2026-02-13 03:08:48','2026-02-13 03:08:48'),(21,12,2,'userid_fb8b506807e01','c18b9f2a-e2f5-477f-9',14,'UTSurveyType0006','Q_ad77dfaf113ba7a8','How satisfied are you with the battery life of the keyboard ?','5',5.00,'2025-08-27 13:19:00','2026-02-13 03:08:48','2026-02-13 03:08:48'),(22,12,2,'userid_fb8b506807e01','c18b9f2a-e2f5-477f-9',14,'UTSurveyType0006','Q_08a83026b7b0749d','How satisfied are you with the charging of the keyboard ?','5',5.00,'2025-08-27 13:19:00','2026-02-13 03:08:48','2026-02-13 03:08:48'),(23,12,2,'userid_fb8b506807e01','c18b9f2a-e2f5-477f-9',14,'UTSurveyType0006','Q_0f078b1d055e3736','Please tell us more','None',NULL,'2025-08-27 13:19:00','2026-02-13 03:08:48','2026-02-13 03:08:48'),(24,12,2,'userid_fb8b506807e01','c18b9f2a-e2f5-477f-9',14,'UTSurveyType0006','Q_3818fe0ae092f1b6','How would you rate the backlit keys overall?','5',5.00,'2025-08-27 13:19:00','2026-02-13 03:08:48','2026-02-13 03:08:48'),(25,12,2,'userid_fb8b506807e01','c18b9f2a-e2f5-477f-9',14,'UTSurveyType0006','Q_d0fd335936075623','How would you rate the brightness of the backlighting?','5',5.00,'2025-08-27 13:19:00','2026-02-13 03:08:48','2026-02-13 03:08:48'),(26,12,2,'userid_fb8b506807e01','c18b9f2a-e2f5-477f-9',14,'UTSurveyType0006','Q_5d118267976b3797','Tell us more','The backlight level can be customized through the software, which is pretty good!',NULL,'2025-08-27 13:19:00','2026-02-13 03:08:48','2026-02-13 03:08:48'),(27,12,2,'userid_fb8b506807e01','c18b9f2a-e2f5-477f-9',14,'UTSurveyType0006','Q_6bb5008eb1542066','How often did you turn the backlit keys off?','I occasionally turned the backlight off',NULL,'2025-08-27 13:19:00','2026-02-13 03:08:48','2026-02-13 03:08:48'),(28,12,2,'userid_fb8b506807e01','c18b9f2a-e2f5-477f-9',14,'UTSurveyType0006','Q_0cec647b3dbe9ee3','What level (brightness) of backlighting did you choose?','My backlighting was at the mid-brightness setting',NULL,'2025-08-27 13:19:00','2026-02-13 03:08:48','2026-02-13 03:08:48'),(29,12,2,'userid_fb8b506807e01','c18b9f2a-e2f5-477f-9',14,'UTSurveyType0006','Q_7fc40c8ecd98b168','How intuitive was it to change the backlight brightness? (1 = Very unintuitive)','2',2.00,'2025-08-27 13:19:00','2026-02-13 03:08:48','2026-02-13 03:08:48'),(30,12,2,'userid_fb8b506807e01','c18b9f2a-e2f5-477f-9',14,'UTSurveyType0006','Q_4b4d5ae4d5ffb626','Can you tell us more?','None',NULL,'2025-08-27 13:19:00','2026-02-13 03:08:48','2026-02-13 03:08:48'),(31,12,2,'userid_fb8b506807e01','c18b9f2a-e2f5-477f-9',14,'UTSurveyType0006','Q_32aa8dd2e7f94875','Can you rate the look of the keycaps?','5',5.00,'2025-08-27 13:19:00','2026-02-13 03:08:48','2026-02-13 03:08:48'),(32,12,2,'userid_fb8b506807e01','c18b9f2a-e2f5-477f-9',14,'UTSurveyType0006','Q_a7b8b58f255317bf','Can you rate the feel of the keycaps?','5',5.00,'2025-08-27 13:19:00','2026-02-13 03:08:48','2026-02-13 03:08:48'),(33,12,2,'userid_fb8b506807e01','c18b9f2a-e2f5-477f-9',14,'UTSurveyType0006','Q_e620d43d83722587','Can you elaborate?','None',NULL,'2025-08-27 13:19:00','2026-02-13 03:08:48','2026-02-13 03:08:48'),(34,12,2,'userid_fb8b506807e01','c18b9f2a-e2f5-477f-9',14,'UTSurveyType0006','Q_52564b4f93bb450d','I would recommend this product to a friend.','10',10.00,'2025-08-27 13:19:00','2026-02-13 03:08:48','2026-02-13 03:08:48'),(35,12,2,'userid_fb8b506807e01','c18b9f2a-e2f5-477f-9',14,'UTSurveyType0006','Q_e620d43d83722587','Can you elaborate?','None',NULL,'2025-08-27 13:19:00','2026-02-13 03:08:48','2026-02-13 03:08:48'),(36,12,2,'userid_fb8b506807e01','c18b9f2a-e2f5-477f-9',14,'UTSurveyType0006','Q_8d9429894f670a3e','Taking into consideration any functional hurdles you\'ve come across with this device, do you believe it\'s ready for a market release?','Yes',NULL,'2025-08-27 13:19:00','2026-02-13 03:08:48','2026-02-13 03:08:48'),(37,12,2,'userid_fb8b506807e01','c18b9f2a-e2f5-477f-9',14,'UTSurveyType0006','Q_e620d43d83722587','Can you elaborate?','None',NULL,'2025-08-27 13:19:00','2026-02-13 03:08:48','2026-02-13 03:08:48'),(38,12,2,'userid_fb8b506807e01','c18b9f2a-e2f5-477f-9',14,'UTSurveyType0006','Q_54fdfe83950615c9','Please let us know any other comments you have about your experience with this device.',NULL,NULL,'2025-08-27 13:19:00','2026-02-13 03:08:48','2026-02-13 03:08:48'),(39,12,2,'userid_fb8b506807e01','c18b9f2a-e2f5-477f-9',14,'UTSurveyType0006','Q_7144c9a9217c2254','What was your favorite thing about this product?','Keyboard experience is good',NULL,'2025-08-27 13:19:00','2026-02-13 03:08:48','2026-02-13 03:08:48'),(40,12,2,'userid_fb8b506807e01','c18b9f2a-e2f5-477f-9',14,'UTSurveyType0006','Q_ec4274a61b6ab8d5','What\'s one thing that you think we can still improve on this product?','None',NULL,'2025-08-27 13:19:00','2026-02-13 03:08:48','2026-02-13 03:08:48'),(41,12,2,'userid_fb8b506807e01','c18b9f2a-e2f5-477f-9',14,'UTSurveyType0006','Q_0d1e464662a6ec23','Do you agree to be contacted for follow up questions from the internal teams?','I agree, I\'m willing to help!',NULL,'2025-08-27 13:19:00','2026-02-13 03:08:48','2026-02-13 03:08:48'),(42,12,3,'userid_fb8b508e07e01','c18b9f2a-e2f5-477f-9',14,'UTSurveyType0006','Q_21eb497b66eb1a1a','What is your name?','Morgan',NULL,'2025-08-27 14:27:00','2026-02-13 03:08:52','2026-02-13 03:08:52'),(43,12,3,'userid_fb8b508e07e01','c18b9f2a-e2f5-477f-9',14,'UTSurveyType0006','Q_6ca3809bc801ea0c','What gender do you identify with?','Male',NULL,'2025-08-27 14:27:00','2026-02-13 03:08:52','2026-02-13 03:08:52'),(44,12,3,'userid_fb8b508e07e01','c18b9f2a-e2f5-477f-9',14,'UTSurveyType0006','Q_cca57fe036393e59','What is your age range?','31 - 40',NULL,'2025-08-27 14:27:00','2026-02-13 03:08:52','2026-02-13 03:08:52'),(45,12,3,'userid_fb8b508e07e01','c18b9f2a-e2f5-477f-9',14,'UTSurveyType0006','Q_7bc5e7f6b5915a1e','Where are you from?','Taiwan',NULL,'2025-08-27 14:27:00','2026-02-13 03:08:52','2026-02-13 03:08:52'),(46,12,3,'userid_fb8b508e07e01','c18b9f2a-e2f5-477f-9',14,'UTSurveyType0006','Q_43daedac0a08cf8c','What OS are you using?','Windows',NULL,'2025-08-27 14:27:00','2026-02-13 03:08:52','2026-02-13 03:08:52'),(47,12,3,'userid_fb8b508e07e01','c18b9f2a-e2f5-477f-9',14,'UTSurveyType0006','Q_fb99225770e4860f','Have you ever used a mechanical keyboard before?','Yes - I liked it',NULL,'2025-08-27 14:27:00','2026-02-13 03:08:52','2026-02-13 03:08:52'),(48,12,3,'userid_fb8b508e07e01','c18b9f2a-e2f5-477f-9',14,'UTSurveyType0006','Q_912b7c9823702d30','How would you rate this product on a scale of 1 - 5?','4',4.00,'2025-08-27 14:27:00','2026-02-13 03:08:52','2026-02-13 03:08:52'),(49,12,3,'userid_fb8b508e07e01','c18b9f2a-e2f5-477f-9',14,'UTSurveyType0006','Q_4f186aae6dfa147f','Briefly, can you tell us why you\'ve rated it this way.','It\'s perfect, however I wish there will be a 75% version of it. The number pad always makes the mouse hand not in the right place for ergo reason.',NULL,'2025-08-27 14:27:00','2026-02-13 03:08:52','2026-02-13 03:08:52'),(50,12,3,'userid_fb8b508e07e01','c18b9f2a-e2f5-477f-9',14,'UTSurveyType0006','Q_a9b70e9268acdf03','Overall how would you rate the software experience?','5',5.00,'2025-08-27 14:27:00','2026-02-13 03:08:52','2026-02-13 03:08:52'),(51,12,3,'userid_fb8b508e07e01','c18b9f2a-e2f5-477f-9',14,'UTSurveyType0006','Q_44297eef83590efd','Can you share more?',NULL,NULL,'2025-08-27 14:27:00','2026-02-13 03:08:52','2026-02-13 03:08:52'),(52,12,3,'userid_fb8b508e07e01','c18b9f2a-e2f5-477f-9',14,'UTSurveyType0006','Q_939652c6f1af35de','How easy to follow was the onboarding for Fujian? (1 = Very difficult)','5',5.00,'2025-08-27 14:27:00','2026-02-13 03:08:52','2026-02-13 03:08:52'),(53,12,3,'userid_fb8b508e07e01','c18b9f2a-e2f5-477f-9',14,'UTSurveyType0006','Q_654f809d7dae0168','Did you customize the Action keys?','Yes',NULL,'2025-08-27 14:27:00','2026-02-13 03:08:52','2026-02-13 03:08:52'),(54,12,3,'userid_fb8b508e07e01','c18b9f2a-e2f5-477f-9',14,'UTSurveyType0006','Q_4b4d5ae4d5ffb626','Can you tell us more?',NULL,NULL,'2025-08-27 14:27:00','2026-02-13 03:08:52','2026-02-13 03:08:52'),(55,12,3,'userid_fb8b508e07e01','c18b9f2a-e2f5-477f-9',14,'UTSurveyType0006','Q_008c7d2b7f3a3d77','How would your rate the overall typing experience with this keyboard?','4',4.00,'2025-08-27 14:27:00','2026-02-13 03:08:52','2026-02-13 03:08:52'),(56,12,3,'userid_fb8b508e07e01','c18b9f2a-e2f5-477f-9',14,'UTSurveyType0006','Q_866037fcddacafe6','How do you feel about the sound while typing?','3',3.00,'2025-08-27 14:27:00','2026-02-13 03:08:52','2026-02-13 03:08:52'),(57,12,3,'userid_fb8b508e07e01','c18b9f2a-e2f5-477f-9',14,'UTSurveyType0006','Q_0f078b1d055e3736','Please tell us more','I found the backlight LED consume much on battery life. If I set it brighter and time longer, it cannot survive 2~3 work days.',NULL,'2025-08-27 14:27:00','2026-02-13 03:08:52','2026-02-13 03:08:52'),(58,12,3,'userid_fb8b508e07e01','c18b9f2a-e2f5-477f-9',14,'UTSurveyType0006','Q_57c116fc87b3693b','This keyboard feels sturdy','5',5.00,'2025-08-27 14:27:00','2026-02-13 03:08:52','2026-02-13 03:08:52'),(59,12,3,'userid_fb8b508e07e01','c18b9f2a-e2f5-477f-9',14,'UTSurveyType0006','Q_fe53237382c01c82','How did you feel about the keyboard legs? (1= Very poor)','0',0.00,'2025-08-27 14:27:00','2026-02-13 03:08:52','2026-02-13 03:08:52'),(60,12,3,'userid_fb8b508e07e01','c18b9f2a-e2f5-477f-9',14,'UTSurveyType0006','Q_abcf1cc199f381e3','How secure did the USB dongle feel in the USB storage space on the back of the keyboard? (1 = Not very secure)','0',0.00,'2025-08-27 14:27:00','2026-02-13 03:08:52','2026-02-13 03:08:52'),(61,12,3,'userid_fb8b508e07e01','c18b9f2a-e2f5-477f-9',14,'UTSurveyType0006','Q_0f078b1d055e3736','Please tell us more','I found the backlight LED consume much on battery life. If I set it brighter and time longer, it cannot survive 2~3 work days.',NULL,'2025-08-27 14:27:00','2026-02-13 03:08:52','2026-02-13 03:08:52'),(62,12,3,'userid_fb8b508e07e01','c18b9f2a-e2f5-477f-9',14,'UTSurveyType0006','Q_ad77dfaf113ba7a8','How satisfied are you with the battery life of the keyboard ?','1',1.00,'2025-08-27 14:27:00','2026-02-13 03:08:52','2026-02-13 03:08:52'),(63,12,3,'userid_fb8b508e07e01','c18b9f2a-e2f5-477f-9',14,'UTSurveyType0006','Q_08a83026b7b0749d','How satisfied are you with the charging of the keyboard ?','3',3.00,'2025-08-27 14:27:00','2026-02-13 03:08:52','2026-02-13 03:08:52'),(64,12,3,'userid_fb8b508e07e01','c18b9f2a-e2f5-477f-9',14,'UTSurveyType0006','Q_0f078b1d055e3736','Please tell us more','I found the backlight LED consume much on battery life. If I set it brighter and time longer, it cannot survive 2~3 work days.',NULL,'2025-08-27 14:27:00','2026-02-13 03:08:52','2026-02-13 03:08:52'),(65,12,3,'userid_fb8b508e07e01','c18b9f2a-e2f5-477f-9',14,'UTSurveyType0006','Q_3818fe0ae092f1b6','How would you rate the backlit keys overall?','5',5.00,'2025-08-27 14:27:00','2026-02-13 03:08:52','2026-02-13 03:08:52'),(66,12,3,'userid_fb8b508e07e01','c18b9f2a-e2f5-477f-9',14,'UTSurveyType0006','Q_d0fd335936075623','How would you rate the brightness of the backlighting?','5',5.00,'2025-08-27 14:27:00','2026-02-13 03:08:52','2026-02-13 03:08:52'),(67,12,3,'userid_fb8b508e07e01','c18b9f2a-e2f5-477f-9',14,'UTSurveyType0006','Q_5d118267976b3797','Tell us more',NULL,NULL,'2025-08-27 14:27:00','2026-02-13 03:08:52','2026-02-13 03:08:52'),(68,12,3,'userid_fb8b508e07e01','c18b9f2a-e2f5-477f-9',14,'UTSurveyType0006','Q_6bb5008eb1542066','How often did you turn the backlit keys off?','I never turned the backlight off',NULL,'2025-08-27 14:27:00','2026-02-13 03:08:52','2026-02-13 03:08:52'),(69,12,3,'userid_fb8b508e07e01','c18b9f2a-e2f5-477f-9',14,'UTSurveyType0006','Q_0cec647b3dbe9ee3','What level (brightness) of backlighting did you choose?','level 5 or 6, the default 4 is a little weak for me.',NULL,'2025-08-27 14:27:00','2026-02-13 03:08:52','2026-02-13 03:08:52'),(70,12,3,'userid_fb8b508e07e01','c18b9f2a-e2f5-477f-9',14,'UTSurveyType0006','Q_7fc40c8ecd98b168','How intuitive was it to change the backlight brightness? (1 = Very unintuitive)','5',5.00,'2025-08-27 14:27:00','2026-02-13 03:08:52','2026-02-13 03:08:52'),(71,12,3,'userid_fb8b508e07e01','c18b9f2a-e2f5-477f-9',14,'UTSurveyType0006','Q_4b4d5ae4d5ffb626','Can you tell us more?',NULL,NULL,'2025-08-27 14:27:00','2026-02-13 03:08:52','2026-02-13 03:08:52'),(72,12,3,'userid_fb8b508e07e01','c18b9f2a-e2f5-477f-9',14,'UTSurveyType0006','Q_32aa8dd2e7f94875','Can you rate the look of the keycaps?','3',3.00,'2025-08-27 14:27:00','2026-02-13 03:08:52','2026-02-13 03:08:52'),(73,12,3,'userid_fb8b508e07e01','c18b9f2a-e2f5-477f-9',14,'UTSurveyType0006','Q_a7b8b58f255317bf','Can you rate the feel of the keycaps?','3',3.00,'2025-08-27 14:27:00','2026-02-13 03:08:52','2026-02-13 03:08:52'),(74,12,3,'userid_fb8b508e07e01','c18b9f2a-e2f5-477f-9',14,'UTSurveyType0006','Q_e620d43d83722587','Can you elaborate?',NULL,NULL,'2025-08-27 14:27:00','2026-02-13 03:08:52','2026-02-13 03:08:52'),(75,12,3,'userid_fb8b508e07e01','c18b9f2a-e2f5-477f-9',14,'UTSurveyType0006','Q_52564b4f93bb450d','I would recommend this product to a friend.','8',8.00,'2025-08-27 14:27:00','2026-02-13 03:08:52','2026-02-13 03:08:52'),(76,12,3,'userid_fb8b508e07e01','c18b9f2a-e2f5-477f-9',14,'UTSurveyType0006','Q_e620d43d83722587','Can you elaborate?',NULL,NULL,'2025-08-27 14:27:00','2026-02-13 03:08:52','2026-02-13 03:08:52'),(77,12,3,'userid_fb8b508e07e01','c18b9f2a-e2f5-477f-9',14,'UTSurveyType0006','Q_8d9429894f670a3e','Taking into consideration any functional hurdles you\'ve come across with this device, do you believe it\'s ready for a market release?','Yes',NULL,'2025-08-27 14:27:00','2026-02-13 03:08:52','2026-02-13 03:08:52'),(78,12,3,'userid_fb8b508e07e01','c18b9f2a-e2f5-477f-9',14,'UTSurveyType0006','Q_e620d43d83722587','Can you elaborate?',NULL,NULL,'2025-08-27 14:27:00','2026-02-13 03:08:52','2026-02-13 03:08:52'),(79,12,3,'userid_fb8b508e07e01','c18b9f2a-e2f5-477f-9',14,'UTSurveyType0006','Q_54fdfe83950615c9','Please let us know any other comments you have about your experience with this device.',NULL,NULL,'2025-08-27 14:27:00','2026-02-13 03:08:52','2026-02-13 03:08:52'),(80,12,3,'userid_fb8b508e07e01','c18b9f2a-e2f5-477f-9',14,'UTSurveyType0006','Q_7144c9a9217c2254','What was your favorite thing about this product?','Keycaps can be easily switched.',NULL,'2025-08-27 14:27:00','2026-02-13 03:08:52','2026-02-13 03:08:52'),(81,12,3,'userid_fb8b508e07e01','c18b9f2a-e2f5-477f-9',14,'UTSurveyType0006','Q_ec4274a61b6ab8d5','What\'s one thing that you think we can still improve on this product?','the battery life',NULL,'2025-08-27 14:27:00','2026-02-13 03:08:52','2026-02-13 03:08:52'),(82,12,3,'userid_fb8b508e07e01','c18b9f2a-e2f5-477f-9',14,'UTSurveyType0006','Q_0d1e464662a6ec23','Do you agree to be contacted for follow up questions from the internal teams?','I agree, I\'m willing to help!',NULL,'2025-08-27 14:27:00','2026-02-13 03:08:52','2026-02-13 03:08:52'),(83,12,4,'userid_fb8b50ac07e01','c18b9f2a-e2f5-477f-9',14,'UTSurveyType0006','Q_21eb497b66eb1a1a','What is your name?','Lawrence Lu',NULL,'2025-08-27 15:00:00','2026-02-13 03:08:54','2026-02-13 03:08:54'),(84,12,4,'userid_fb8b50ac07e01','c18b9f2a-e2f5-477f-9',14,'UTSurveyType0006','Q_6ca3809bc801ea0c','What gender do you identify with?','Male',NULL,'2025-08-27 15:00:00','2026-02-13 03:08:54','2026-02-13 03:08:54'),(85,12,4,'userid_fb8b50ac07e01','c18b9f2a-e2f5-477f-9',14,'UTSurveyType0006','Q_cca57fe036393e59','What is your age range?','31 - 40',NULL,'2025-08-27 15:00:00','2026-02-13 03:08:54','2026-02-13 03:08:54'),(86,12,4,'userid_fb8b50ac07e01','c18b9f2a-e2f5-477f-9',14,'UTSurveyType0006','Q_7bc5e7f6b5915a1e','Where are you from?','Taiwan',NULL,'2025-08-27 15:00:00','2026-02-13 03:08:54','2026-02-13 03:08:54'),(87,12,4,'userid_fb8b50ac07e01','c18b9f2a-e2f5-477f-9',14,'UTSurveyType0006','Q_43daedac0a08cf8c','What OS are you using?','Chrome OS',NULL,'2025-08-27 15:00:00','2026-02-13 03:08:54','2026-02-13 03:08:54'),(88,12,4,'userid_fb8b50ac07e01','c18b9f2a-e2f5-477f-9',14,'UTSurveyType0006','Q_fb99225770e4860f','Have you ever used a mechanical keyboard before?','Yes - I liked it',NULL,'2025-08-27 15:00:00','2026-02-13 03:08:54','2026-02-13 03:08:54'),(89,12,4,'userid_fb8b50ac07e01','c18b9f2a-e2f5-477f-9',14,'UTSurveyType0006','Q_912b7c9823702d30','How would you rate this product on a scale of 1 - 5?','5',5.00,'2025-08-27 15:00:00','2026-02-13 03:08:54','2026-02-13 03:08:54'),(90,12,4,'userid_fb8b50ac07e01','c18b9f2a-e2f5-477f-9',14,'UTSurveyType0006','Q_4f186aae6dfa147f','Briefly, can you tell us why you\'ve rated it this way.','Smooth keystroke, great texture and finish on the surface,',NULL,'2025-08-27 15:00:00','2026-02-13 03:08:54','2026-02-13 03:08:54'),(91,12,4,'userid_fb8b50ac07e01','c18b9f2a-e2f5-477f-9',14,'UTSurveyType0006','Q_a9b70e9268acdf03','Overall how would you rate the software experience?','5',5.00,'2025-08-27 15:00:00','2026-02-13 03:08:54','2026-02-13 03:08:54'),(92,12,4,'userid_fb8b50ac07e01','c18b9f2a-e2f5-477f-9',14,'UTSurveyType0006','Q_44297eef83590efd','Can you share more?','I love the custom function keys on the top right, the platform is intuitive',NULL,'2025-08-27 15:00:00','2026-02-13 03:08:54','2026-02-13 03:08:54'),(93,12,4,'userid_fb8b50ac07e01','c18b9f2a-e2f5-477f-9',14,'UTSurveyType0006','Q_939652c6f1af35de','How easy to follow was the onboarding for Fujian? (1 = Very difficult)','5',5.00,'2025-08-27 15:00:00','2026-02-13 03:08:54','2026-02-13 03:08:54'),(94,12,4,'userid_fb8b50ac07e01','c18b9f2a-e2f5-477f-9',14,'UTSurveyType0006','Q_654f809d7dae0168','Did you customize the Action keys?','Yes',NULL,'2025-08-27 15:00:00','2026-02-13 03:08:54','2026-02-13 03:08:54'),(95,12,4,'userid_fb8b50ac07e01','c18b9f2a-e2f5-477f-9',14,'UTSurveyType0006','Q_4b4d5ae4d5ffb626','Can you tell us more?','It\'s very intuitive to do the setting of backlighting on Logi Options+.',NULL,'2025-08-27 15:00:00','2026-02-13 03:08:54','2026-02-13 03:08:54'),(96,12,4,'userid_fb8b50ac07e01','c18b9f2a-e2f5-477f-9',14,'UTSurveyType0006','Q_008c7d2b7f3a3d77','How would your rate the overall typing experience with this keyboard?','5',5.00,'2025-08-27 15:00:00','2026-02-13 03:08:54','2026-02-13 03:08:54'),(97,12,4,'userid_fb8b50ac07e01','c18b9f2a-e2f5-477f-9',14,'UTSurveyType0006','Q_866037fcddacafe6','How do you feel about the sound while typing?','5',5.00,'2025-08-27 15:00:00','2026-02-13 03:08:54','2026-02-13 03:08:54'),(98,12,4,'userid_fb8b50ac07e01','c18b9f2a-e2f5-477f-9',14,'UTSurveyType0006','Q_0f078b1d055e3736','Please tell us more','Very intuitive with type C, the battery last long.',NULL,'2025-08-27 15:00:00','2026-02-13 03:08:54','2026-02-13 03:08:54'),(99,12,4,'userid_fb8b50ac07e01','c18b9f2a-e2f5-477f-9',14,'UTSurveyType0006','Q_57c116fc87b3693b','This keyboard feels sturdy','4',4.00,'2025-08-27 15:00:00','2026-02-13 03:08:54','2026-02-13 03:08:54'),(100,12,4,'userid_fb8b50ac07e01','c18b9f2a-e2f5-477f-9',14,'UTSurveyType0006','Q_fe53237382c01c82','How did you feel about the keyboard legs? (1= Very poor)','4',4.00,'2025-08-27 15:00:00','2026-02-13 03:08:54','2026-02-13 03:08:54'),(101,12,4,'userid_fb8b50ac07e01','c18b9f2a-e2f5-477f-9',14,'UTSurveyType0006','Q_abcf1cc199f381e3','How secure did the USB dongle feel in the USB storage space on the back of the keyboard? (1 = Not very secure)','0',0.00,'2025-08-27 15:00:00','2026-02-13 03:08:54','2026-02-13 03:08:54'),(102,12,4,'userid_fb8b50ac07e01','c18b9f2a-e2f5-477f-9',14,'UTSurveyType0006','Q_0f078b1d055e3736','Please tell us more','Very intuitive with type C, the battery last long.',NULL,'2025-08-27 15:00:00','2026-02-13 03:08:54','2026-02-13 03:08:54'),(103,12,4,'userid_fb8b50ac07e01','c18b9f2a-e2f5-477f-9',14,'UTSurveyType0006','Q_ad77dfaf113ba7a8','How satisfied are you with the battery life of the keyboard ?','5',5.00,'2025-08-27 15:00:00','2026-02-13 03:08:54','2026-02-13 03:08:54'),(104,12,4,'userid_fb8b50ac07e01','c18b9f2a-e2f5-477f-9',14,'UTSurveyType0006','Q_08a83026b7b0749d','How satisfied are you with the charging of the keyboard ?','4',4.00,'2025-08-27 15:00:00','2026-02-13 03:08:54','2026-02-13 03:08:54'),(105,12,4,'userid_fb8b50ac07e01','c18b9f2a-e2f5-477f-9',14,'UTSurveyType0006','Q_0f078b1d055e3736','Please tell us more','Very intuitive with type C, the battery last long.',NULL,'2025-08-27 15:00:00','2026-02-13 03:08:54','2026-02-13 03:08:54'),(106,12,4,'userid_fb8b50ac07e01','c18b9f2a-e2f5-477f-9',14,'UTSurveyType0006','Q_3818fe0ae092f1b6','How would you rate the backlit keys overall?','5',5.00,'2025-08-27 15:00:00','2026-02-13 03:08:54','2026-02-13 03:08:54'),(107,12,4,'userid_fb8b50ac07e01','c18b9f2a-e2f5-477f-9',14,'UTSurveyType0006','Q_d0fd335936075623','How would you rate the brightness of the backlighting?','4',4.00,'2025-08-27 15:00:00','2026-02-13 03:08:54','2026-02-13 03:08:54'),(108,12,4,'userid_fb8b50ac07e01','c18b9f2a-e2f5-477f-9',14,'UTSurveyType0006','Q_5d118267976b3797','Tell us more','I used to turn on the backlighting on my black G512, probably because of the color, so I can\'t see the keyboard clear with the blacklight on, on my desk with sufficient lighting. I guess the blacklight works better in dimmer lighting.',NULL,'2025-08-27 15:00:00','2026-02-13 03:08:54','2026-02-13 03:08:54'),(109,12,4,'userid_fb8b50ac07e01','c18b9f2a-e2f5-477f-9',14,'UTSurveyType0006','Q_6bb5008eb1542066','How often did you turn the backlit keys off?','I always kept the backlight keys off',NULL,'2025-08-27 15:00:00','2026-02-13 03:08:54','2026-02-13 03:08:54'),(110,12,4,'userid_fb8b50ac07e01','c18b9f2a-e2f5-477f-9',14,'UTSurveyType0006','Q_0cec647b3dbe9ee3','What level (brightness) of backlighting did you choose?','My backlighting was off',NULL,'2025-08-27 15:00:00','2026-02-13 03:08:54','2026-02-13 03:08:54'),(111,12,4,'userid_fb8b50ac07e01','c18b9f2a-e2f5-477f-9',14,'UTSurveyType0006','Q_7fc40c8ecd98b168','How intuitive was it to change the backlight brightness? (1 = Very unintuitive)','5',5.00,'2025-08-27 15:00:00','2026-02-13 03:08:54','2026-02-13 03:08:54'),(112,12,4,'userid_fb8b50ac07e01','c18b9f2a-e2f5-477f-9',14,'UTSurveyType0006','Q_4b4d5ae4d5ffb626','Can you tell us more?','It\'s very intuitive to do the setting of backlighting on Logi Options+.',NULL,'2025-08-27 15:00:00','2026-02-13 03:08:54','2026-02-13 03:08:54'),(113,12,4,'userid_fb8b50ac07e01','c18b9f2a-e2f5-477f-9',14,'UTSurveyType0006','Q_32aa8dd2e7f94875','Can you rate the look of the keycaps?','5',5.00,'2025-08-27 15:00:00','2026-02-13 03:08:54','2026-02-13 03:08:54'),(114,12,4,'userid_fb8b50ac07e01','c18b9f2a-e2f5-477f-9',14,'UTSurveyType0006','Q_a7b8b58f255317bf','Can you rate the feel of the keycaps?','5',5.00,'2025-08-27 15:00:00','2026-02-13 03:08:54','2026-02-13 03:08:54'),(115,12,4,'userid_fb8b50ac07e01','c18b9f2a-e2f5-477f-9',14,'UTSurveyType0006','Q_e620d43d83722587','Can you elaborate?','I think it\'s ready because current products are either too girly or too gaming, for me, this is the product somewhere in between. I\'m not going to fancy/ pinky on the colour or too RGB gaming, I want my keyboard to tone down a bit and be functional. This is it! Not to mention that it comes in different colours, love it!',NULL,'2025-08-27 15:00:00','2026-02-13 03:08:54','2026-02-13 03:08:54'),(116,12,4,'userid_fb8b50ac07e01','c18b9f2a-e2f5-477f-9',14,'UTSurveyType0006','Q_52564b4f93bb450d','I would recommend this product to a friend.','10',10.00,'2025-08-27 15:00:00','2026-02-13 03:08:54','2026-02-13 03:08:54'),(117,12,4,'userid_fb8b50ac07e01','c18b9f2a-e2f5-477f-9',14,'UTSurveyType0006','Q_e620d43d83722587','Can you elaborate?','I think it\'s ready because current products are either too girly or too gaming, for me, this is the product somewhere in between. I\'m not going to fancy/ pinky on the colour or too RGB gaming, I want my keyboard to tone down a bit and be functional. This is it! Not to mention that it comes in different colours, love it!',NULL,'2025-08-27 15:00:00','2026-02-13 03:08:54','2026-02-13 03:08:54'),(118,12,4,'userid_fb8b50ac07e01','c18b9f2a-e2f5-477f-9',14,'UTSurveyType0006','Q_8d9429894f670a3e','Taking into consideration any functional hurdles you\'ve come across with this device, do you believe it\'s ready for a market release?','Yes',NULL,'2025-08-27 15:00:00','2026-02-13 03:08:54','2026-02-13 03:08:54'),(119,12,4,'userid_fb8b50ac07e01','c18b9f2a-e2f5-477f-9',14,'UTSurveyType0006','Q_e620d43d83722587','Can you elaborate?','I think it\'s ready because current products are either too girly or too gaming, for me, this is the product somewhere in between. I\'m not going to fancy/ pinky on the colour or too RGB gaming, I want my keyboard to tone down a bit and be functional. This is it! Not to mention that it comes in different colours, love it!',NULL,'2025-08-27 15:00:00','2026-02-13 03:08:54','2026-02-13 03:08:54'),(120,12,4,'userid_fb8b50ac07e01','c18b9f2a-e2f5-477f-9',14,'UTSurveyType0006','Q_54fdfe83950615c9','Please let us know any other comments you have about your experience with this device.',NULL,NULL,'2025-08-27 15:00:00','2026-02-13 03:08:54','2026-02-13 03:08:54'),(121,12,4,'userid_fb8b50ac07e01','c18b9f2a-e2f5-477f-9',14,'UTSurveyType0006','Q_7144c9a9217c2254','What was your favorite thing about this product?','The finishing on the surface and the keystroke. Also the little icons on the top of the keyboard.',NULL,'2025-08-27 15:00:00','2026-02-13 03:08:54','2026-02-13 03:08:54'),(122,12,4,'userid_fb8b50ac07e01','c18b9f2a-e2f5-477f-9',14,'UTSurveyType0006','Q_ec4274a61b6ab8d5','What\'s one thing that you think we can still improve on this product?','Delete and home key. It\'s not very intuitive comparin to the full size keyboard.',NULL,'2025-08-27 15:00:00','2026-02-13 03:08:54','2026-02-13 03:08:54'),(123,12,4,'userid_fb8b50ac07e01','c18b9f2a-e2f5-477f-9',14,'UTSurveyType0006','Q_0d1e464662a6ec23','Do you agree to be contacted for follow up questions from the internal teams?','I agree, I\'m willing to help!',NULL,'2025-08-27 15:00:00','2026-02-13 03:08:54','2026-02-13 03:08:54'),(124,12,5,'userid_fb8b50c807e01','c18b9f2a-e2f5-477f-9',14,'UTSurveyType0006','Q_21eb497b66eb1a1a','What is your name?','Vankley Yi',NULL,'2025-08-28 09:45:00','2026-02-13 03:08:57','2026-02-13 03:08:57'),(125,12,5,'userid_fb8b50c807e01','c18b9f2a-e2f5-477f-9',14,'UTSurveyType0006','Q_6ca3809bc801ea0c','What gender do you identify with?','Female',NULL,'2025-08-28 09:45:00','2026-02-13 03:08:57','2026-02-13 03:08:57'),(126,12,5,'userid_fb8b50c807e01','c18b9f2a-e2f5-477f-9',14,'UTSurveyType0006','Q_cca57fe036393e59','What is your age range?','18 - 23',NULL,'2025-08-28 09:45:00','2026-02-13 03:08:57','2026-02-13 03:08:57'),(127,12,5,'userid_fb8b50c807e01','c18b9f2a-e2f5-477f-9',14,'UTSurveyType0006','Q_7bc5e7f6b5915a1e','Where are you from?','Taiwan',NULL,'2025-08-28 09:45:00','2026-02-13 03:08:57','2026-02-13 03:08:57'),(128,12,5,'userid_fb8b50c807e01','c18b9f2a-e2f5-477f-9',14,'UTSurveyType0006','Q_43daedac0a08cf8c','What OS are you using?','Windows',NULL,'2025-08-28 09:45:00','2026-02-13 03:08:57','2026-02-13 03:08:57'),(129,12,5,'userid_fb8b50c807e01','c18b9f2a-e2f5-477f-9',14,'UTSurveyType0006','Q_fb99225770e4860f','Have you ever used a mechanical keyboard before?','Yes - I liked it',NULL,'2025-08-28 09:45:00','2026-02-13 03:08:57','2026-02-13 03:08:57'),(130,12,5,'userid_fb8b50c807e01','c18b9f2a-e2f5-477f-9',14,'UTSurveyType0006','Q_912b7c9823702d30','How would you rate this product on a scale of 1 - 5?','5',5.00,'2025-08-28 09:45:00','2026-02-13 03:08:57','2026-02-13 03:08:57'),(131,12,5,'userid_fb8b50c807e01','c18b9f2a-e2f5-477f-9',14,'UTSurveyType0006','Q_4f186aae6dfa147f','Briefly, can you tell us why you\'ve rated it this way.',NULL,NULL,'2025-08-28 09:45:00','2026-02-13 03:08:57','2026-02-13 03:08:57'),(132,12,5,'userid_fb8b50c807e01','c18b9f2a-e2f5-477f-9',14,'UTSurveyType0006','Q_a9b70e9268acdf03','Overall how would you rate the software experience?','4',4.00,'2025-08-28 09:45:00','2026-02-13 03:08:57','2026-02-13 03:08:57'),(133,12,5,'userid_fb8b50c807e01','c18b9f2a-e2f5-477f-9',14,'UTSurveyType0006','Q_44297eef83590efd','Can you share more?','I personally would love to have more adjustments on the lightings like RGB etc',NULL,'2025-08-28 09:45:00','2026-02-13 03:08:57','2026-02-13 03:08:57'),(134,12,5,'userid_fb8b50c807e01','c18b9f2a-e2f5-477f-9',14,'UTSurveyType0006','Q_939652c6f1af35de','How easy to follow was the onboarding for Fujian? (1 = Very difficult)','5',5.00,'2025-08-28 09:45:00','2026-02-13 03:08:57','2026-02-13 03:08:57'),(135,12,5,'userid_fb8b50c807e01','c18b9f2a-e2f5-477f-9',14,'UTSurveyType0006','Q_654f809d7dae0168','Did you customize the Action keys?','Yes',NULL,'2025-08-28 09:45:00','2026-02-13 03:08:57','2026-02-13 03:08:57'),(136,12,5,'userid_fb8b50c807e01','c18b9f2a-e2f5-477f-9',14,'UTSurveyType0006','Q_4b4d5ae4d5ffb626','Can you tell us more?',NULL,NULL,'2025-08-28 09:45:00','2026-02-13 03:08:57','2026-02-13 03:08:57'),(137,12,5,'userid_fb8b50c807e01','c18b9f2a-e2f5-477f-9',14,'UTSurveyType0006','Q_008c7d2b7f3a3d77','How would your rate the overall typing experience with this keyboard?','5',5.00,'2025-08-28 09:45:00','2026-02-13 03:08:57','2026-02-13 03:08:57'),(138,12,5,'userid_fb8b50c807e01','c18b9f2a-e2f5-477f-9',14,'UTSurveyType0006','Q_866037fcddacafe6','How do you feel about the sound while typing?','5',5.00,'2025-08-28 09:45:00','2026-02-13 03:08:57','2026-02-13 03:08:57'),(139,12,5,'userid_fb8b50c807e01','c18b9f2a-e2f5-477f-9',14,'UTSurveyType0006','Q_0f078b1d055e3736','Please tell us more',NULL,NULL,'2025-08-28 09:45:00','2026-02-13 03:08:57','2026-02-13 03:08:57'),(140,12,5,'userid_fb8b50c807e01','c18b9f2a-e2f5-477f-9',14,'UTSurveyType0006','Q_57c116fc87b3693b','This keyboard feels sturdy','5',5.00,'2025-08-28 09:45:00','2026-02-13 03:08:57','2026-02-13 03:08:57'),(141,12,5,'userid_fb8b50c807e01','c18b9f2a-e2f5-477f-9',14,'UTSurveyType0006','Q_fe53237382c01c82','How did you feel about the keyboard legs? (1= Very poor)','5',5.00,'2025-08-28 09:45:00','2026-02-13 03:08:57','2026-02-13 03:08:57'),(142,12,5,'userid_fb8b50c807e01','c18b9f2a-e2f5-477f-9',14,'UTSurveyType0006','Q_abcf1cc199f381e3','How secure did the USB dongle feel in the USB storage space on the back of the keyboard? (1 = Not very secure)','5',5.00,'2025-08-28 09:45:00','2026-02-13 03:08:57','2026-02-13 03:08:57'),(143,12,5,'userid_fb8b50c807e01','c18b9f2a-e2f5-477f-9',14,'UTSurveyType0006','Q_0f078b1d055e3736','Please tell us more',NULL,NULL,'2025-08-28 09:45:00','2026-02-13 03:08:57','2026-02-13 03:08:57'),(144,12,5,'userid_fb8b50c807e01','c18b9f2a-e2f5-477f-9',14,'UTSurveyType0006','Q_ad77dfaf113ba7a8','How satisfied are you with the battery life of the keyboard ?','5',5.00,'2025-08-28 09:45:00','2026-02-13 03:08:57','2026-02-13 03:08:57'),(145,12,5,'userid_fb8b50c807e01','c18b9f2a-e2f5-477f-9',14,'UTSurveyType0006','Q_08a83026b7b0749d','How satisfied are you with the charging of the keyboard ?','5',5.00,'2025-08-28 09:45:00','2026-02-13 03:08:57','2026-02-13 03:08:57'),(146,12,5,'userid_fb8b50c807e01','c18b9f2a-e2f5-477f-9',14,'UTSurveyType0006','Q_0f078b1d055e3736','Please tell us more',NULL,NULL,'2025-08-28 09:45:00','2026-02-13 03:08:57','2026-02-13 03:08:57'),(147,12,5,'userid_fb8b50c807e01','c18b9f2a-e2f5-477f-9',14,'UTSurveyType0006','Q_3818fe0ae092f1b6','How would you rate the backlit keys overall?','5',5.00,'2025-08-28 09:45:00','2026-02-13 03:08:57','2026-02-13 03:08:57'),(148,12,5,'userid_fb8b50c807e01','c18b9f2a-e2f5-477f-9',14,'UTSurveyType0006','Q_d0fd335936075623','How would you rate the brightness of the backlighting?','5',5.00,'2025-08-28 09:45:00','2026-02-13 03:08:57','2026-02-13 03:08:57'),(149,12,5,'userid_fb8b50c807e01','c18b9f2a-e2f5-477f-9',14,'UTSurveyType0006','Q_5d118267976b3797','Tell us more',NULL,NULL,'2025-08-28 09:45:00','2026-02-13 03:08:57','2026-02-13 03:08:57'),(150,12,5,'userid_fb8b50c807e01','c18b9f2a-e2f5-477f-9',14,'UTSurveyType0006','Q_6bb5008eb1542066','How often did you turn the backlit keys off?','I never turned the backlight off',NULL,'2025-08-28 09:45:00','2026-02-13 03:08:57','2026-02-13 03:08:57'),(151,12,5,'userid_fb8b50c807e01','c18b9f2a-e2f5-477f-9',14,'UTSurveyType0006','Q_0cec647b3dbe9ee3','What level (brightness) of backlighting did you choose?','My backlighting was at the brightest setting',NULL,'2025-08-28 09:45:00','2026-02-13 03:08:57','2026-02-13 03:08:57'),(152,12,5,'userid_fb8b50c807e01','c18b9f2a-e2f5-477f-9',14,'UTSurveyType0006','Q_7fc40c8ecd98b168','How intuitive was it to change the backlight brightness? (1 = Very unintuitive)','4',4.00,'2025-08-28 09:45:00','2026-02-13 03:08:57','2026-02-13 03:08:57'),(153,12,5,'userid_fb8b50c807e01','c18b9f2a-e2f5-477f-9',14,'UTSurveyType0006','Q_4b4d5ae4d5ffb626','Can you tell us more?',NULL,NULL,'2025-08-28 09:45:00','2026-02-13 03:08:57','2026-02-13 03:08:57'),(154,12,5,'userid_fb8b50c807e01','c18b9f2a-e2f5-477f-9',14,'UTSurveyType0006','Q_32aa8dd2e7f94875','Can you rate the look of the keycaps?','4',4.00,'2025-08-28 09:45:00','2026-02-13 03:08:57','2026-02-13 03:08:57'),(155,12,5,'userid_fb8b50c807e01','c18b9f2a-e2f5-477f-9',14,'UTSurveyType0006','Q_a7b8b58f255317bf','Can you rate the feel of the keycaps?','5',5.00,'2025-08-28 09:45:00','2026-02-13 03:08:57','2026-02-13 03:08:57'),(156,12,5,'userid_fb8b50c807e01','c18b9f2a-e2f5-477f-9',14,'UTSurveyType0006','Q_e620d43d83722587','Can you elaborate?',NULL,NULL,'2025-08-28 09:45:00','2026-02-13 03:08:57','2026-02-13 03:08:57'),(157,12,5,'userid_fb8b50c807e01','c18b9f2a-e2f5-477f-9',14,'UTSurveyType0006','Q_52564b4f93bb450d','I would recommend this product to a friend.','9',9.00,'2025-08-28 09:45:00','2026-02-13 03:08:57','2026-02-13 03:08:57'),(158,12,5,'userid_fb8b50c807e01','c18b9f2a-e2f5-477f-9',14,'UTSurveyType0006','Q_e620d43d83722587','Can you elaborate?',NULL,NULL,'2025-08-28 09:45:00','2026-02-13 03:08:57','2026-02-13 03:08:57'),(159,12,5,'userid_fb8b50c807e01','c18b9f2a-e2f5-477f-9',14,'UTSurveyType0006','Q_8d9429894f670a3e','Taking into consideration any functional hurdles you\'ve come across with this device, do you believe it\'s ready for a market release?','Yes',NULL,'2025-08-28 09:45:00','2026-02-13 03:08:57','2026-02-13 03:08:57'),(160,12,5,'userid_fb8b50c807e01','c18b9f2a-e2f5-477f-9',14,'UTSurveyType0006','Q_e620d43d83722587','Can you elaborate?',NULL,NULL,'2025-08-28 09:45:00','2026-02-13 03:08:57','2026-02-13 03:08:57'),(161,12,5,'userid_fb8b50c807e01','c18b9f2a-e2f5-477f-9',14,'UTSurveyType0006','Q_54fdfe83950615c9','Please let us know any other comments you have about your experience with this device.',NULL,NULL,'2025-08-28 09:45:00','2026-02-13 03:08:57','2026-02-13 03:08:57'),(162,12,5,'userid_fb8b50c807e01','c18b9f2a-e2f5-477f-9',14,'UTSurveyType0006','Q_7144c9a9217c2254','What was your favorite thing about this product?','typing experience was good',NULL,'2025-08-28 09:45:00','2026-02-13 03:08:57','2026-02-13 03:08:57'),(163,12,5,'userid_fb8b50c807e01','c18b9f2a-e2f5-477f-9',14,'UTSurveyType0006','Q_ec4274a61b6ab8d5','What\'s one thing that you think we can still improve on this product?','I thought the unboxing experience wasn\'t so smooth because of the tape and the outside of the box didn\'t need that much information on what the product is about',NULL,'2025-08-28 09:45:00','2026-02-13 03:08:57','2026-02-13 03:08:57'),(164,12,5,'userid_fb8b50c807e01','c18b9f2a-e2f5-477f-9',14,'UTSurveyType0006','Q_0d1e464662a6ec23','Do you agree to be contacted for follow up questions from the internal teams?','I agree, I\'m willing to help!',NULL,'2025-08-28 09:45:00','2026-02-13 03:08:57','2026-02-13 03:08:57'),(165,12,6,'userid_fb8b4fd007e01','c18b9f2a-e2f5-477f-9',14,'UTSurveyType0006','Q_21eb497b66eb1a1a','What is your name?','Sean Lin',NULL,'2025-08-29 15:26:00','2026-02-13 03:09:00','2026-02-13 03:09:00'),(166,12,6,'userid_fb8b4fd007e01','c18b9f2a-e2f5-477f-9',14,'UTSurveyType0006','Q_6ca3809bc801ea0c','What gender do you identify with?','Male',NULL,'2025-08-29 15:26:00','2026-02-13 03:09:00','2026-02-13 03:09:00'),(167,12,6,'userid_fb8b4fd007e01','c18b9f2a-e2f5-477f-9',14,'UTSurveyType0006','Q_cca57fe036393e59','What is your age range?','31 - 40',NULL,'2025-08-29 15:26:00','2026-02-13 03:09:00','2026-02-13 03:09:00'),(168,12,6,'userid_fb8b4fd007e01','c18b9f2a-e2f5-477f-9',14,'UTSurveyType0006','Q_7bc5e7f6b5915a1e','Where are you from?','Taiwan',NULL,'2025-08-29 15:26:00','2026-02-13 03:09:00','2026-02-13 03:09:00'),(169,12,6,'userid_fb8b4fd007e01','c18b9f2a-e2f5-477f-9',14,'UTSurveyType0006','Q_43daedac0a08cf8c','What OS are you using?','MacOS',NULL,'2025-08-29 15:26:00','2026-02-13 03:09:00','2026-02-13 03:09:00'),(170,12,6,'userid_fb8b4fd007e01','c18b9f2a-e2f5-477f-9',14,'UTSurveyType0006','Q_fb99225770e4860f','Have you ever used a mechanical keyboard before?','No',NULL,'2025-08-29 15:26:00','2026-02-13 03:09:00','2026-02-13 03:09:00'),(171,12,6,'userid_fb8b4fd007e01','c18b9f2a-e2f5-477f-9',14,'UTSurveyType0006','Q_912b7c9823702d30','How would you rate this product on a scale of 1 - 5?','4',4.00,'2025-08-29 15:26:00','2026-02-13 03:09:00','2026-02-13 03:09:00'),(172,12,6,'userid_fb8b4fd007e01','c18b9f2a-e2f5-477f-9',14,'UTSurveyType0006','Q_4f186aae6dfa147f','Briefly, can you tell us why you\'ve rated it this way.','The keyboard excels in several areas, earning a perfect 5/5 for its design, typing experience, typing sound, and stable connection. However, the one area of concern is battery life, which lowers the overall rating.  I fully charged the keyboard to 80-90% on August 13, but by August 22, I received a \"low battery\" notification indicating it was at 25%. After charging it to 100% on August 22, the battery had dropped to 65% by August 28. Based on this usage pattern, it seems the keyboard may require charging approximately twice a month, which is more frequent than I had anticipated.',NULL,'2025-08-29 15:26:00','2026-02-13 03:09:00','2026-02-13 03:09:00'),(173,12,6,'userid_fb8b4fd007e01','c18b9f2a-e2f5-477f-9',14,'UTSurveyType0006','Q_a9b70e9268acdf03','Overall how would you rate the software experience?','5',5.00,'2025-08-29 15:26:00','2026-02-13 03:09:00','2026-02-13 03:09:00'),(174,12,6,'userid_fb8b4fd007e01','c18b9f2a-e2f5-477f-9',14,'UTSurveyType0006','Q_44297eef83590efd','Can you share more?','The software experience is exceptional. Upon connecting it to my MacBook, the keyboard is seamlessly recognized in both the Options+ and Tune. These apps provide a clear, detailed visual representation of the keyboard and offer a smooth, intuitive experience when navigating and interacting with their features.',NULL,'2025-08-29 15:26:00','2026-02-13 03:09:00','2026-02-13 03:09:00'),(175,12,6,'userid_fb8b4fd007e01','c18b9f2a-e2f5-477f-9',14,'UTSurveyType0006','Q_939652c6f1af35de','How easy to follow was the onboarding for Fujian? (1 = Very difficult)','5',5.00,'2025-08-29 15:26:00','2026-02-13 03:09:00','2026-02-13 03:09:00'),(176,12,6,'userid_fb8b4fd007e01','c18b9f2a-e2f5-477f-9',14,'UTSurveyType0006','Q_654f809d7dae0168','Did you customize the Action keys?','Yes',NULL,'2025-08-29 15:26:00','2026-02-13 03:09:00','2026-02-13 03:09:00'),(177,12,6,'userid_fb8b4fd007e01','c18b9f2a-e2f5-477f-9',14,'UTSurveyType0006','Q_4b4d5ae4d5ffb626','Can you tell us more?','Changing the brightness on this keyboard is easy and intuitive. When I press F4, a pop-up window appears, making it simple to see and select the desired brightness level.\n\nOne suggestion for improvement would be to include an ambient light sensor, similar to the MacBook keyboard\'s ability to automatically adjust brightness based on surrounding light conditions. On my MacBook keyboard, I rarely have to manually change brightness (and I just realized there’s no dedicated brightness key on it!).',NULL,'2025-08-29 15:26:00','2026-02-13 03:09:00','2026-02-13 03:09:00'),(178,12,6,'userid_fb8b4fd007e01','c18b9f2a-e2f5-477f-9',14,'UTSurveyType0006','Q_008c7d2b7f3a3d77','How would your rate the overall typing experience with this keyboard?','5',5.00,'2025-08-29 15:26:00','2026-02-13 03:09:00','2026-02-13 03:09:00'),(179,12,6,'userid_fb8b4fd007e01','c18b9f2a-e2f5-477f-9',14,'UTSurveyType0006','Q_866037fcddacafe6','How do you feel about the sound while typing?','5',5.00,'2025-08-29 15:26:00','2026-02-13 03:09:00','2026-02-13 03:09:00'),(180,12,6,'userid_fb8b4fd007e01','c18b9f2a-e2f5-477f-9',14,'UTSurveyType0006','Q_0f078b1d055e3736','Please tell us more','ompared to my previous keyboard, the MX Keys S, the new keyboard appears to require more frequent charging. However, charging it is hassle-free and convenient, as the keyboard uses a USB Type-C cable, which is widely available.',NULL,'2025-08-29 15:26:00','2026-02-13 03:09:00','2026-02-13 03:09:00'),(181,12,6,'userid_fb8b4fd007e01','c18b9f2a-e2f5-477f-9',14,'UTSurveyType0006','Q_57c116fc87b3693b','This keyboard feels sturdy','4',4.00,'2025-08-29 15:26:00','2026-02-13 03:09:00','2026-02-13 03:09:00'),(182,12,6,'userid_fb8b4fd007e01','c18b9f2a-e2f5-477f-9',14,'UTSurveyType0006','Q_fe53237382c01c82','How did you feel about the keyboard legs? (1= Very poor)','5',5.00,'2025-08-29 15:26:00','2026-02-13 03:09:00','2026-02-13 03:09:00'),(183,12,6,'userid_fb8b4fd007e01','c18b9f2a-e2f5-477f-9',14,'UTSurveyType0006','Q_abcf1cc199f381e3','How secure did the USB dongle feel in the USB storage space on the back of the keyboard? (1 = Not very secure)','5',5.00,'2025-08-29 15:26:00','2026-02-13 03:09:00','2026-02-13 03:09:00'),(184,12,6,'userid_fb8b4fd007e01','c18b9f2a-e2f5-477f-9',14,'UTSurveyType0006','Q_0f078b1d055e3736','Please tell us more','ompared to my previous keyboard, the MX Keys S, the new keyboard appears to require more frequent charging. However, charging it is hassle-free and convenient, as the keyboard uses a USB Type-C cable, which is widely available.',NULL,'2025-08-29 15:26:00','2026-02-13 03:09:00','2026-02-13 03:09:00'),(185,12,6,'userid_fb8b4fd007e01','c18b9f2a-e2f5-477f-9',14,'UTSurveyType0006','Q_ad77dfaf113ba7a8','How satisfied are you with the battery life of the keyboard ?','2',2.00,'2025-08-29 15:26:00','2026-02-13 03:09:00','2026-02-13 03:09:00'),(186,12,6,'userid_fb8b4fd007e01','c18b9f2a-e2f5-477f-9',14,'UTSurveyType0006','Q_08a83026b7b0749d','How satisfied are you with the charging of the keyboard ?','4',4.00,'2025-08-29 15:26:00','2026-02-13 03:09:00','2026-02-13 03:09:00'),(187,12,6,'userid_fb8b4fd007e01','c18b9f2a-e2f5-477f-9',14,'UTSurveyType0006','Q_0f078b1d055e3736','Please tell us more','ompared to my previous keyboard, the MX Keys S, the new keyboard appears to require more frequent charging. However, charging it is hassle-free and convenient, as the keyboard uses a USB Type-C cable, which is widely available.',NULL,'2025-08-29 15:26:00','2026-02-13 03:09:00','2026-02-13 03:09:00'),(188,12,6,'userid_fb8b4fd007e01','c18b9f2a-e2f5-477f-9',14,'UTSurveyType0006','Q_3818fe0ae092f1b6','How would you rate the backlit keys overall?','4',4.00,'2025-08-29 15:26:00','2026-02-13 03:09:00','2026-02-13 03:09:00'),(189,12,6,'userid_fb8b4fd007e01','c18b9f2a-e2f5-477f-9',14,'UTSurveyType0006','Q_d0fd335936075623','How would you rate the brightness of the backlighting?','4',4.00,'2025-08-29 15:26:00','2026-02-13 03:09:00','2026-02-13 03:09:00'),(190,12,6,'userid_fb8b4fd007e01','c18b9f2a-e2f5-477f-9',14,'UTSurveyType0006','Q_5d118267976b3797','Tell us more','I absolutely love the backlighting of this keyboard. Thanks to its crystal-like case, the backlighting not only illuminates the keycaps but also highlights most of the keyboard\'s components. I\'m using the graphite version, and the white lighting gives it a futuristic and cool aesthetic.\n\nOne detail worth noting is that the Bopomofo symbols are applied using stickers, which means they do not light up—this is a slight drawback compared to the MacBook keyboard.',NULL,'2025-08-29 15:26:00','2026-02-13 03:09:00','2026-02-13 03:09:00'),(191,12,6,'userid_fb8b4fd007e01','c18b9f2a-e2f5-477f-9',14,'UTSurveyType0006','Q_6bb5008eb1542066','How often did you turn the backlit keys off?','I never turned the backlight off',NULL,'2025-08-29 15:26:00','2026-02-13 03:09:00','2026-02-13 03:09:00'),(192,12,6,'userid_fb8b4fd007e01','c18b9f2a-e2f5-477f-9',14,'UTSurveyType0006','Q_0cec647b3dbe9ee3','What level (brightness) of backlighting did you choose?','My backlighting was at the mid-brightness setting',NULL,'2025-08-29 15:26:00','2026-02-13 03:09:00','2026-02-13 03:09:00'),(193,12,6,'userid_fb8b4fd007e01','c18b9f2a-e2f5-477f-9',14,'UTSurveyType0006','Q_7fc40c8ecd98b168','How intuitive was it to change the backlight brightness? (1 = Very unintuitive)','5',5.00,'2025-08-29 15:26:00','2026-02-13 03:09:00','2026-02-13 03:09:00'),(194,12,6,'userid_fb8b4fd007e01','c18b9f2a-e2f5-477f-9',14,'UTSurveyType0006','Q_4b4d5ae4d5ffb626','Can you tell us more?','Changing the brightness on this keyboard is easy and intuitive. When I press F4, a pop-up window appears, making it simple to see and select the desired brightness level.\n\nOne suggestion for improvement would be to include an ambient light sensor, similar to the MacBook keyboard\'s ability to automatically adjust brightness based on surrounding light conditions. On my MacBook keyboard, I rarely have to manually change brightness (and I just realized there’s no dedicated brightness key on it!).',NULL,'2025-08-29 15:26:00','2026-02-13 03:09:00','2026-02-13 03:09:00'),(195,12,6,'userid_fb8b4fd007e01','c18b9f2a-e2f5-477f-9',14,'UTSurveyType0006','Q_32aa8dd2e7f94875','Can you rate the look of the keycaps?','4',4.00,'2025-08-29 15:26:00','2026-02-13 03:09:00','2026-02-13 03:09:00'),(196,12,6,'userid_fb8b4fd007e01','c18b9f2a-e2f5-477f-9',14,'UTSurveyType0006','Q_a7b8b58f255317bf','Can you rate the feel of the keycaps?','5',5.00,'2025-08-29 15:26:00','2026-02-13 03:09:00','2026-02-13 03:09:00'),(197,12,6,'userid_fb8b4fd007e01','c18b9f2a-e2f5-477f-9',14,'UTSurveyType0006','Q_e620d43d83722587','Can you elaborate?','While I’ve encountered two major challenges—keyboard weight and battery life—I believe both are manageable and do not detract significantly from its overall quality.\n\nThe keyboard is quite heavy, but considering it’s not a device you’d typically carry around, the weight is acceptable. Regarding battery life, needing to charge it twice a week initially felt frequent to me. However, after researching further, I found that this is normal for mechanical keyboards, especially with the backlighting turned on.\n\nWith these considerations in mind, I think this is a well-designed product that is ready for market release.',NULL,'2025-08-29 15:26:00','2026-02-13 03:09:00','2026-02-13 03:09:00'),(198,12,6,'userid_fb8b4fd007e01','c18b9f2a-e2f5-477f-9',14,'UTSurveyType0006','Q_52564b4f93bb450d','I would recommend this product to a friend.','9',9.00,'2025-08-29 15:26:00','2026-02-13 03:09:00','2026-02-13 03:09:00'),(199,12,6,'userid_fb8b4fd007e01','c18b9f2a-e2f5-477f-9',14,'UTSurveyType0006','Q_e620d43d83722587','Can you elaborate?','While I’ve encountered two major challenges—keyboard weight and battery life—I believe both are manageable and do not detract significantly from its overall quality.\n\nThe keyboard is quite heavy, but considering it’s not a device you’d typically carry around, the weight is acceptable. Regarding battery life, needing to charge it twice a week initially felt frequent to me. However, after researching further, I found that this is normal for mechanical keyboards, especially with the backlighting turned on.\n\nWith these considerations in mind, I think this is a well-designed product that is ready for market release.',NULL,'2025-08-29 15:26:00','2026-02-13 03:09:00','2026-02-13 03:09:00'),(200,12,6,'userid_fb8b4fd007e01','c18b9f2a-e2f5-477f-9',14,'UTSurveyType0006','Q_8d9429894f670a3e','Taking into consideration any functional hurdles you\'ve come across with this device, do you believe it\'s ready for a market release?','Yes',NULL,'2025-08-29 15:26:00','2026-02-13 03:09:00','2026-02-13 03:09:00'),(201,12,6,'userid_fb8b4fd007e01','c18b9f2a-e2f5-477f-9',14,'UTSurveyType0006','Q_e620d43d83722587','Can you elaborate?','While I’ve encountered two major challenges—keyboard weight and battery life—I believe both are manageable and do not detract significantly from its overall quality.\n\nThe keyboard is quite heavy, but considering it’s not a device you’d typically carry around, the weight is acceptable. Regarding battery life, needing to charge it twice a week initially felt frequent to me. However, after researching further, I found that this is normal for mechanical keyboards, especially with the backlighting turned on.\n\nWith these considerations in mind, I think this is a well-designed product that is ready for market release.',NULL,'2025-08-29 15:26:00','2026-02-13 03:09:00','2026-02-13 03:09:00'),(202,12,6,'userid_fb8b4fd007e01','c18b9f2a-e2f5-477f-9',14,'UTSurveyType0006','Q_54fdfe83950615c9','Please let us know any other comments you have about your experience with this device.',NULL,NULL,'2025-08-29 15:26:00','2026-02-13 03:09:00','2026-02-13 03:09:00'),(203,12,6,'userid_fb8b4fd007e01','c18b9f2a-e2f5-477f-9',14,'UTSurveyType0006','Q_7144c9a9217c2254','What was your favorite thing about this product?','The typing sound is, without a doubt, my favorite feature. I haven’t used a mechanical keyboard since high school, and I’ve missed that familiar, satisfying sound. It transforms typing into a more vibrant and enjoyable experience. However, my wife occasionally complains about the noise whenever she walks by—though I can’t say I mind!',NULL,'2025-08-29 15:26:00','2026-02-13 03:09:00','2026-02-13 03:09:00'),(204,12,6,'userid_fb8b4fd007e01','c18b9f2a-e2f5-477f-9',14,'UTSurveyType0006','Q_ec4274a61b6ab8d5','What\'s one thing that you think we can still improve on this product?','I would say the battery life—it would be ideal if it could last for at least a month before needing a recharge. I understand that the backlighting consumes significant energy, but incorporating a sensor to automatically adjust brightness based on ambient light could make the keyboard more eco-friendly and user-friendly.',NULL,'2025-08-29 15:26:00','2026-02-13 03:09:00','2026-02-13 03:09:00'),(205,12,6,'userid_fb8b4fd007e01','c18b9f2a-e2f5-477f-9',14,'UTSurveyType0006','Q_0d1e464662a6ec23','Do you agree to be contacted for follow up questions from the internal teams?','I agree, I\'m willing to help!',NULL,'2025-08-29 15:26:00','2026-02-13 03:09:00','2026-02-13 03:09:00'),(206,12,7,'userid_fb8b50e707e01','c18b9f2a-e2f5-477f-9',14,'UTSurveyType0006','Q_21eb497b66eb1a1a','What is your name?','Atom Wu',NULL,'2025-08-29 15:48:00','2026-02-13 03:09:03','2026-02-13 03:09:03'),(207,12,7,'userid_fb8b50e707e01','c18b9f2a-e2f5-477f-9',14,'UTSurveyType0006','Q_6ca3809bc801ea0c','What gender do you identify with?','Male',NULL,'2025-08-29 15:48:00','2026-02-13 03:09:03','2026-02-13 03:09:03'),(208,12,7,'userid_fb8b50e707e01','c18b9f2a-e2f5-477f-9',14,'UTSurveyType0006','Q_cca57fe036393e59','What is your age range?','31 - 40',NULL,'2025-08-29 15:48:00','2026-02-13 03:09:03','2026-02-13 03:09:03'),(209,12,7,'userid_fb8b50e707e01','c18b9f2a-e2f5-477f-9',14,'UTSurveyType0006','Q_7bc5e7f6b5915a1e','Where are you from?','Taiwan',NULL,'2025-08-29 15:48:00','2026-02-13 03:09:03','2026-02-13 03:09:03'),(210,12,7,'userid_fb8b50e707e01','c18b9f2a-e2f5-477f-9',14,'UTSurveyType0006','Q_43daedac0a08cf8c','What OS are you using?','Windows',NULL,'2025-08-29 15:48:00','2026-02-13 03:09:03','2026-02-13 03:09:03'),(211,12,7,'userid_fb8b50e707e01','c18b9f2a-e2f5-477f-9',14,'UTSurveyType0006','Q_fb99225770e4860f','Have you ever used a mechanical keyboard before?','Yes - I liked it',NULL,'2025-08-29 15:48:00','2026-02-13 03:09:03','2026-02-13 03:09:03'),(212,12,7,'userid_fb8b50e707e01','c18b9f2a-e2f5-477f-9',14,'UTSurveyType0006','Q_912b7c9823702d30','How would you rate this product on a scale of 1 - 5?','5',5.00,'2025-08-29 15:48:00','2026-02-13 03:09:03','2026-02-13 03:09:03'),(213,12,7,'userid_fb8b50e707e01','c18b9f2a-e2f5-477f-9',14,'UTSurveyType0006','Q_4f186aae6dfa147f','Briefly, can you tell us why you\'ve rated it this way.',NULL,NULL,'2025-08-29 15:48:00','2026-02-13 03:09:03','2026-02-13 03:09:03'),(214,12,7,'userid_fb8b50e707e01','c18b9f2a-e2f5-477f-9',14,'UTSurveyType0006','Q_a9b70e9268acdf03','Overall how would you rate the software experience?','5',5.00,'2025-08-29 15:48:00','2026-02-13 03:09:03','2026-02-13 03:09:03'),(215,12,7,'userid_fb8b50e707e01','c18b9f2a-e2f5-477f-9',14,'UTSurveyType0006','Q_44297eef83590efd','Can you share more?',NULL,NULL,'2025-08-29 15:48:00','2026-02-13 03:09:03','2026-02-13 03:09:03'),(216,12,7,'userid_fb8b50e707e01','c18b9f2a-e2f5-477f-9',14,'UTSurveyType0006','Q_939652c6f1af35de','How easy to follow was the onboarding for Fujian? (1 = Very difficult)','5',5.00,'2025-08-29 15:48:00','2026-02-13 03:09:03','2026-02-13 03:09:03'),(217,12,7,'userid_fb8b50e707e01','c18b9f2a-e2f5-477f-9',14,'UTSurveyType0006','Q_654f809d7dae0168','Did you customize the Action keys?','No, I don\'t know what the action keys are',NULL,'2025-08-29 15:48:00','2026-02-13 03:09:03','2026-02-13 03:09:03'),(218,12,7,'userid_fb8b50e707e01','c18b9f2a-e2f5-477f-9',14,'UTSurveyType0006','Q_4b4d5ae4d5ffb626','Can you tell us more?',NULL,NULL,'2025-08-29 15:48:00','2026-02-13 03:09:03','2026-02-13 03:09:03'),(219,12,7,'userid_fb8b50e707e01','c18b9f2a-e2f5-477f-9',14,'UTSurveyType0006','Q_008c7d2b7f3a3d77','How would your rate the overall typing experience with this keyboard?','5',5.00,'2025-08-29 15:48:00','2026-02-13 03:09:03','2026-02-13 03:09:03'),(220,12,7,'userid_fb8b50e707e01','c18b9f2a-e2f5-477f-9',14,'UTSurveyType0006','Q_866037fcddacafe6','How do you feel about the sound while typing?','5',5.00,'2025-08-29 15:48:00','2026-02-13 03:09:03','2026-02-13 03:09:03'),(221,12,7,'userid_fb8b50e707e01','c18b9f2a-e2f5-477f-9',14,'UTSurveyType0006','Q_0f078b1d055e3736','Please tell us more',NULL,NULL,'2025-08-29 15:48:00','2026-02-13 03:09:03','2026-02-13 03:09:03'),(222,12,7,'userid_fb8b50e707e01','c18b9f2a-e2f5-477f-9',14,'UTSurveyType0006','Q_57c116fc87b3693b','This keyboard feels sturdy','5',5.00,'2025-08-29 15:48:00','2026-02-13 03:09:03','2026-02-13 03:09:03'),(223,12,7,'userid_fb8b50e707e01','c18b9f2a-e2f5-477f-9',14,'UTSurveyType0006','Q_fe53237382c01c82','How did you feel about the keyboard legs? (1= Very poor)','5',5.00,'2025-08-29 15:48:00','2026-02-13 03:09:03','2026-02-13 03:09:03'),(224,12,7,'userid_fb8b50e707e01','c18b9f2a-e2f5-477f-9',14,'UTSurveyType0006','Q_abcf1cc199f381e3','How secure did the USB dongle feel in the USB storage space on the back of the keyboard? (1 = Not very secure)','5',5.00,'2025-08-29 15:48:00','2026-02-13 03:09:03','2026-02-13 03:09:03'),(225,12,7,'userid_fb8b50e707e01','c18b9f2a-e2f5-477f-9',14,'UTSurveyType0006','Q_0f078b1d055e3736','Please tell us more',NULL,NULL,'2025-08-29 15:48:00','2026-02-13 03:09:03','2026-02-13 03:09:03'),(226,12,7,'userid_fb8b50e707e01','c18b9f2a-e2f5-477f-9',14,'UTSurveyType0006','Q_ad77dfaf113ba7a8','How satisfied are you with the battery life of the keyboard ?','5',5.00,'2025-08-29 15:48:00','2026-02-13 03:09:03','2026-02-13 03:09:03'),(227,12,7,'userid_fb8b50e707e01','c18b9f2a-e2f5-477f-9',14,'UTSurveyType0006','Q_08a83026b7b0749d','How satisfied are you with the charging of the keyboard ?','5',5.00,'2025-08-29 15:48:00','2026-02-13 03:09:03','2026-02-13 03:09:03'),(228,12,7,'userid_fb8b50e707e01','c18b9f2a-e2f5-477f-9',14,'UTSurveyType0006','Q_0f078b1d055e3736','Please tell us more',NULL,NULL,'2025-08-29 15:48:00','2026-02-13 03:09:03','2026-02-13 03:09:03'),(229,12,7,'userid_fb8b50e707e01','c18b9f2a-e2f5-477f-9',14,'UTSurveyType0006','Q_3818fe0ae092f1b6','How would you rate the backlit keys overall?','5',5.00,'2025-08-29 15:48:00','2026-02-13 03:09:03','2026-02-13 03:09:03'),(230,12,7,'userid_fb8b50e707e01','c18b9f2a-e2f5-477f-9',14,'UTSurveyType0006','Q_d0fd335936075623','How would you rate the brightness of the backlighting?','5',5.00,'2025-08-29 15:48:00','2026-02-13 03:09:03','2026-02-13 03:09:03'),(231,12,7,'userid_fb8b50e707e01','c18b9f2a-e2f5-477f-9',14,'UTSurveyType0006','Q_5d118267976b3797','Tell us more',NULL,NULL,'2025-08-29 15:48:00','2026-02-13 03:09:03','2026-02-13 03:09:03'),(232,12,7,'userid_fb8b50e707e01','c18b9f2a-e2f5-477f-9',14,'UTSurveyType0006','Q_6bb5008eb1542066','How often did you turn the backlit keys off?','I never turned the backlight off',NULL,'2025-08-29 15:48:00','2026-02-13 03:09:03','2026-02-13 03:09:03'),(233,12,7,'userid_fb8b50e707e01','c18b9f2a-e2f5-477f-9',14,'UTSurveyType0006','Q_0cec647b3dbe9ee3','What level (brightness) of backlighting did you choose?','My backlighting was at the brightest setting',NULL,'2025-08-29 15:48:00','2026-02-13 03:09:03','2026-02-13 03:09:03'),(234,12,7,'userid_fb8b50e707e01','c18b9f2a-e2f5-477f-9',14,'UTSurveyType0006','Q_7fc40c8ecd98b168','How intuitive was it to change the backlight brightness? (1 = Very unintuitive)','5',5.00,'2025-08-29 15:48:00','2026-02-13 03:09:03','2026-02-13 03:09:03'),(235,12,7,'userid_fb8b50e707e01','c18b9f2a-e2f5-477f-9',14,'UTSurveyType0006','Q_4b4d5ae4d5ffb626','Can you tell us more?',NULL,NULL,'2025-08-29 15:48:00','2026-02-13 03:09:03','2026-02-13 03:09:03'),(236,12,7,'userid_fb8b50e707e01','c18b9f2a-e2f5-477f-9',14,'UTSurveyType0006','Q_32aa8dd2e7f94875','Can you rate the look of the keycaps?','5',5.00,'2025-08-29 15:48:00','2026-02-13 03:09:03','2026-02-13 03:09:03'),(237,12,7,'userid_fb8b50e707e01','c18b9f2a-e2f5-477f-9',14,'UTSurveyType0006','Q_a7b8b58f255317bf','Can you rate the feel of the keycaps?','5',5.00,'2025-08-29 15:48:00','2026-02-13 03:09:03','2026-02-13 03:09:03'),(238,12,7,'userid_fb8b50e707e01','c18b9f2a-e2f5-477f-9',14,'UTSurveyType0006','Q_e620d43d83722587','Can you elaborate?','Although it\'s not as good-looking as a gaming keyboard, it\'s sufficient for business use.',NULL,'2025-08-29 15:48:00','2026-02-13 03:09:03','2026-02-13 03:09:03'),(239,12,7,'userid_fb8b50e707e01','c18b9f2a-e2f5-477f-9',14,'UTSurveyType0006','Q_52564b4f93bb450d','I would recommend this product to a friend.','8',8.00,'2025-08-29 15:48:00','2026-02-13 03:09:03','2026-02-13 03:09:03'),(240,12,7,'userid_fb8b50e707e01','c18b9f2a-e2f5-477f-9',14,'UTSurveyType0006','Q_e620d43d83722587','Can you elaborate?','Although it\'s not as good-looking as a gaming keyboard, it\'s sufficient for business use.',NULL,'2025-08-29 15:48:00','2026-02-13 03:09:03','2026-02-13 03:09:03'),(241,12,7,'userid_fb8b50e707e01','c18b9f2a-e2f5-477f-9',14,'UTSurveyType0006','Q_8d9429894f670a3e','Taking into consideration any functional hurdles you\'ve come across with this device, do you believe it\'s ready for a market release?','Yes',NULL,'2025-08-29 15:48:00','2026-02-13 03:09:03','2026-02-13 03:09:03'),(242,12,7,'userid_fb8b50e707e01','c18b9f2a-e2f5-477f-9',14,'UTSurveyType0006','Q_e620d43d83722587','Can you elaborate?','Although it\'s not as good-looking as a gaming keyboard, it\'s sufficient for business use.',NULL,'2025-08-29 15:48:00','2026-02-13 03:09:03','2026-02-13 03:09:03'),(243,12,7,'userid_fb8b50e707e01','c18b9f2a-e2f5-477f-9',14,'UTSurveyType0006','Q_54fdfe83950615c9','Please let us know any other comments you have about your experience with this device.',NULL,NULL,'2025-08-29 15:48:00','2026-02-13 03:09:03','2026-02-13 03:09:03'),(244,12,7,'userid_fb8b50e707e01','c18b9f2a-e2f5-477f-9',14,'UTSurveyType0006','Q_7144c9a9217c2254','What was your favorite thing about this product?',NULL,NULL,'2025-08-29 15:48:00','2026-02-13 03:09:03','2026-02-13 03:09:03'),(245,12,7,'userid_fb8b50e707e01','c18b9f2a-e2f5-477f-9',14,'UTSurveyType0006','Q_ec4274a61b6ab8d5','What\'s one thing that you think we can still improve on this product?',NULL,NULL,'2025-08-29 15:48:00','2026-02-13 03:09:03','2026-02-13 03:09:03'),(246,12,7,'userid_fb8b50e707e01','c18b9f2a-e2f5-477f-9',14,'UTSurveyType0006','Q_0d1e464662a6ec23','Do you agree to be contacted for follow up questions from the internal teams?','I agree, I\'m willing to help!',NULL,'2025-08-29 15:48:00','2026-02-13 03:09:03','2026-02-13 03:09:03'),(247,12,8,'userid_fb8b510307e01','c18b9f2a-e2f5-477f-9',14,'UTSurveyType0006','Q_21eb497b66eb1a1a','What is your name?','Ethan Lee',NULL,'2025-09-09 13:17:00','2026-02-13 03:09:06','2026-02-13 03:09:06'),(248,12,8,'userid_fb8b510307e01','c18b9f2a-e2f5-477f-9',14,'UTSurveyType0006','Q_6ca3809bc801ea0c','What gender do you identify with?','Male',NULL,'2025-09-09 13:17:00','2026-02-13 03:09:06','2026-02-13 03:09:06'),(249,12,8,'userid_fb8b510307e01','c18b9f2a-e2f5-477f-9',14,'UTSurveyType0006','Q_cca57fe036393e59','What is your age range?','31 - 40',NULL,'2025-09-09 13:17:00','2026-02-13 03:09:06','2026-02-13 03:09:06'),(250,12,8,'userid_fb8b510307e01','c18b9f2a-e2f5-477f-9',14,'UTSurveyType0006','Q_7bc5e7f6b5915a1e','Where are you from?','Korea',NULL,'2025-09-09 13:17:00','2026-02-13 03:09:06','2026-02-13 03:09:06'),(251,12,8,'userid_fb8b510307e01','c18b9f2a-e2f5-477f-9',14,'UTSurveyType0006','Q_43daedac0a08cf8c','What OS are you using?','Windows',NULL,'2025-09-09 13:17:00','2026-02-13 03:09:06','2026-02-13 03:09:06'),(252,12,8,'userid_fb8b510307e01','c18b9f2a-e2f5-477f-9',14,'UTSurveyType0006','Q_fb99225770e4860f','Have you ever used a mechanical keyboard before?','Yes - I liked it',NULL,'2025-09-09 13:17:00','2026-02-13 03:09:06','2026-02-13 03:09:06'),(253,12,8,'userid_fb8b510307e01','c18b9f2a-e2f5-477f-9',14,'UTSurveyType0006','Q_912b7c9823702d30','How would you rate this product on a scale of 1 - 5?','5',5.00,'2025-09-09 13:17:00','2026-02-13 03:09:06','2026-02-13 03:09:06'),(254,12,8,'userid_fb8b510307e01','c18b9f2a-e2f5-477f-9',14,'UTSurveyType0006','Q_4f186aae6dfa147f','Briefly, can you tell us why you\'ve rated it this way.','The keyboard had a great design, typing feel and sound.',NULL,'2025-09-09 13:17:00','2026-02-13 03:09:06','2026-02-13 03:09:06'),(255,12,8,'userid_fb8b510307e01','c18b9f2a-e2f5-477f-9',14,'UTSurveyType0006','Q_a9b70e9268acdf03','Overall how would you rate the software experience?','5',5.00,'2025-09-09 13:17:00','2026-02-13 03:09:06','2026-02-13 03:09:06'),(256,12,8,'userid_fb8b510307e01','c18b9f2a-e2f5-477f-9',14,'UTSurveyType0006','Q_44297eef83590efd','Can you share more?',NULL,NULL,'2025-09-09 13:17:00','2026-02-13 03:09:06','2026-02-13 03:09:06'),(257,12,8,'userid_fb8b510307e01','c18b9f2a-e2f5-477f-9',14,'UTSurveyType0006','Q_939652c6f1af35de','How easy to follow was the onboarding for Fujian? (1 = Very difficult)','5',5.00,'2025-09-09 13:17:00','2026-02-13 03:09:06','2026-02-13 03:09:06'),(258,12,8,'userid_fb8b510307e01','c18b9f2a-e2f5-477f-9',14,'UTSurveyType0006','Q_654f809d7dae0168','Did you customize the Action keys?','Yes',NULL,'2025-09-09 13:17:00','2026-02-13 03:09:06','2026-02-13 03:09:06'),(259,12,8,'userid_fb8b510307e01','c18b9f2a-e2f5-477f-9',14,'UTSurveyType0006','Q_4b4d5ae4d5ffb626','Can you tell us more?',NULL,NULL,'2025-09-09 13:17:00','2026-02-13 03:09:06','2026-02-13 03:09:06'),(260,12,8,'userid_fb8b510307e01','c18b9f2a-e2f5-477f-9',14,'UTSurveyType0006','Q_008c7d2b7f3a3d77','How would your rate the overall typing experience with this keyboard?','5',5.00,'2025-09-09 13:17:00','2026-02-13 03:09:06','2026-02-13 03:09:06'),(261,12,8,'userid_fb8b510307e01','c18b9f2a-e2f5-477f-9',14,'UTSurveyType0006','Q_866037fcddacafe6','How do you feel about the sound while typing?','5',5.00,'2025-09-09 13:17:00','2026-02-13 03:09:06','2026-02-13 03:09:06'),(262,12,8,'userid_fb8b510307e01','c18b9f2a-e2f5-477f-9',14,'UTSurveyType0006','Q_0f078b1d055e3736','Please tell us more','After charging, the keyboard\'s battery drains to 80% in 3 to 4 days with the light on at level 1 or 2.',NULL,'2025-09-09 13:17:00','2026-02-13 03:09:06','2026-02-13 03:09:06'),(263,12,8,'userid_fb8b510307e01','c18b9f2a-e2f5-477f-9',14,'UTSurveyType0006','Q_57c116fc87b3693b','This keyboard feels sturdy','5',5.00,'2025-09-09 13:17:00','2026-02-13 03:09:06','2026-02-13 03:09:06'),(264,12,8,'userid_fb8b510307e01','c18b9f2a-e2f5-477f-9',14,'UTSurveyType0006','Q_fe53237382c01c82','How did you feel about the keyboard legs? (1= Very poor)','5',5.00,'2025-09-09 13:17:00','2026-02-13 03:09:06','2026-02-13 03:09:06'),(265,12,8,'userid_fb8b510307e01','c18b9f2a-e2f5-477f-9',14,'UTSurveyType0006','Q_abcf1cc199f381e3','How secure did the USB dongle feel in the USB storage space on the back of the keyboard? (1 = Not very secure)','5',5.00,'2025-09-09 13:17:00','2026-02-13 03:09:06','2026-02-13 03:09:06'),(266,12,8,'userid_fb8b510307e01','c18b9f2a-e2f5-477f-9',14,'UTSurveyType0006','Q_0f078b1d055e3736','Please tell us more','After charging, the keyboard\'s battery drains to 80% in 3 to 4 days with the light on at level 1 or 2.',NULL,'2025-09-09 13:17:00','2026-02-13 03:09:06','2026-02-13 03:09:06'),(267,12,8,'userid_fb8b510307e01','c18b9f2a-e2f5-477f-9',14,'UTSurveyType0006','Q_ad77dfaf113ba7a8','How satisfied are you with the battery life of the keyboard ?','3',3.00,'2025-09-09 13:17:00','2026-02-13 03:09:06','2026-02-13 03:09:06'),(268,12,8,'userid_fb8b510307e01','c18b9f2a-e2f5-477f-9',14,'UTSurveyType0006','Q_08a83026b7b0749d','How satisfied are you with the charging of the keyboard ?','4',4.00,'2025-09-09 13:17:00','2026-02-13 03:09:06','2026-02-13 03:09:06'),(269,12,8,'userid_fb8b510307e01','c18b9f2a-e2f5-477f-9',14,'UTSurveyType0006','Q_0f078b1d055e3736','Please tell us more','After charging, the keyboard\'s battery drains to 80% in 3 to 4 days with the light on at level 1 or 2.',NULL,'2025-09-09 13:17:00','2026-02-13 03:09:06','2026-02-13 03:09:06'),(270,12,8,'userid_fb8b510307e01','c18b9f2a-e2f5-477f-9',14,'UTSurveyType0006','Q_3818fe0ae092f1b6','How would you rate the backlit keys overall?','5',5.00,'2025-09-09 13:17:00','2026-02-13 03:09:06','2026-02-13 03:09:06'),(271,12,8,'userid_fb8b510307e01','c18b9f2a-e2f5-477f-9',14,'UTSurveyType0006','Q_d0fd335936075623','How would you rate the brightness of the backlighting?','5',5.00,'2025-09-09 13:17:00','2026-02-13 03:09:06','2026-02-13 03:09:06'),(272,12,8,'userid_fb8b510307e01','c18b9f2a-e2f5-477f-9',14,'UTSurveyType0006','Q_5d118267976b3797','Tell us more',NULL,NULL,'2025-09-09 13:17:00','2026-02-13 03:09:06','2026-02-13 03:09:06'),(273,12,8,'userid_fb8b510307e01','c18b9f2a-e2f5-477f-9',14,'UTSurveyType0006','Q_6bb5008eb1542066','How often did you turn the backlit keys off?','I occasionally turned the backlight off',NULL,'2025-09-09 13:17:00','2026-02-13 03:09:06','2026-02-13 03:09:06'),(274,12,8,'userid_fb8b510307e01','c18b9f2a-e2f5-477f-9',14,'UTSurveyType0006','Q_0cec647b3dbe9ee3','What level (brightness) of backlighting did you choose?','My backlighting was at the low end of the brightness setting',NULL,'2025-09-09 13:17:00','2026-02-13 03:09:06','2026-02-13 03:09:06'),(275,12,8,'userid_fb8b510307e01','c18b9f2a-e2f5-477f-9',14,'UTSurveyType0006','Q_7fc40c8ecd98b168','How intuitive was it to change the backlight brightness? (1 = Very unintuitive)','5',5.00,'2025-09-09 13:17:00','2026-02-13 03:09:06','2026-02-13 03:09:06'),(276,12,8,'userid_fb8b510307e01','c18b9f2a-e2f5-477f-9',14,'UTSurveyType0006','Q_4b4d5ae4d5ffb626','Can you tell us more?',NULL,NULL,'2025-09-09 13:17:00','2026-02-13 03:09:06','2026-02-13 03:09:06'),(277,12,8,'userid_fb8b510307e01','c18b9f2a-e2f5-477f-9',14,'UTSurveyType0006','Q_32aa8dd2e7f94875','Can you rate the look of the keycaps?','5',5.00,'2025-09-09 13:17:00','2026-02-13 03:09:06','2026-02-13 03:09:06'),(278,12,8,'userid_fb8b510307e01','c18b9f2a-e2f5-477f-9',14,'UTSurveyType0006','Q_a7b8b58f255317bf','Can you rate the feel of the keycaps?','5',5.00,'2025-09-09 13:17:00','2026-02-13 03:09:06','2026-02-13 03:09:06'),(279,12,8,'userid_fb8b510307e01','c18b9f2a-e2f5-477f-9',14,'UTSurveyType0006','Q_e620d43d83722587','Can you elaborate?','This mechanical typing feel is the best I\'ve had compared to ours.',NULL,'2025-09-09 13:17:00','2026-02-13 03:09:06','2026-02-13 03:09:06'),(280,12,8,'userid_fb8b510307e01','c18b9f2a-e2f5-477f-9',14,'UTSurveyType0006','Q_52564b4f93bb450d','I would recommend this product to a friend.','9',9.00,'2025-09-09 13:17:00','2026-02-13 03:09:06','2026-02-13 03:09:06'),(281,12,8,'userid_fb8b510307e01','c18b9f2a-e2f5-477f-9',14,'UTSurveyType0006','Q_e620d43d83722587','Can you elaborate?','This mechanical typing feel is the best I\'ve had compared to ours.',NULL,'2025-09-09 13:17:00','2026-02-13 03:09:06','2026-02-13 03:09:06'),(282,12,8,'userid_fb8b510307e01','c18b9f2a-e2f5-477f-9',14,'UTSurveyType0006','Q_8d9429894f670a3e','Taking into consideration any functional hurdles you\'ve come across with this device, do you believe it\'s ready for a market release?','Yes',NULL,'2025-09-09 13:17:00','2026-02-13 03:09:06','2026-02-13 03:09:06'),(283,12,8,'userid_fb8b510307e01','c18b9f2a-e2f5-477f-9',14,'UTSurveyType0006','Q_e620d43d83722587','Can you elaborate?','This mechanical typing feel is the best I\'ve had compared to ours.',NULL,'2025-09-09 13:17:00','2026-02-13 03:09:06','2026-02-13 03:09:06'),(284,12,8,'userid_fb8b510307e01','c18b9f2a-e2f5-477f-9',14,'UTSurveyType0006','Q_54fdfe83950615c9','Please let us know any other comments you have about your experience with this device.',NULL,NULL,'2025-09-09 13:17:00','2026-02-13 03:09:06','2026-02-13 03:09:06'),(285,12,8,'userid_fb8b510307e01','c18b9f2a-e2f5-477f-9',14,'UTSurveyType0006','Q_7144c9a9217c2254','What was your favorite thing about this product?','Typing feel and its design',NULL,'2025-09-09 13:17:00','2026-02-13 03:09:06','2026-02-13 03:09:06'),(286,12,8,'userid_fb8b510307e01','c18b9f2a-e2f5-477f-9',14,'UTSurveyType0006','Q_ec4274a61b6ab8d5','What\'s one thing that you think we can still improve on this product?','I\'d like to change the keyboard layout. It would be great to have dedicated keys for the camera and microphone in the upper-right corner, which would be really useful for video conferences. Also, I\'d like to see a dedicated key for display brightness added to the standard key set.',NULL,'2025-09-09 13:17:00','2026-02-13 03:09:06','2026-02-13 03:09:06'),(287,12,8,'userid_fb8b510307e01','c18b9f2a-e2f5-477f-9',14,'UTSurveyType0006','Q_0d1e464662a6ec23','Do you agree to be contacted for follow up questions from the internal teams?','I agree, I\'m willing to help!',NULL,'2025-09-09 13:17:00','2026-02-13 03:09:06','2026-02-13 03:09:06'),(288,12,9,'userid_fb8b51e107e01','c18b9f2a-e2f5-477f-9',14,'UTSurveyType0006','Q_21eb497b66eb1a1a','What is your name?','Claire Song',NULL,'2025-09-11 11:58:00','2026-02-13 03:09:09','2026-02-13 03:09:09'),(289,12,9,'userid_fb8b51e107e01','c18b9f2a-e2f5-477f-9',14,'UTSurveyType0006','Q_6ca3809bc801ea0c','What gender do you identify with?','Female',NULL,'2025-09-11 11:58:00','2026-02-13 03:09:09','2026-02-13 03:09:09'),(290,12,9,'userid_fb8b51e107e01','c18b9f2a-e2f5-477f-9',14,'UTSurveyType0006','Q_cca57fe036393e59','What is your age range?','41 - 50',NULL,'2025-09-11 11:58:00','2026-02-13 03:09:09','2026-02-13 03:09:09'),(291,12,9,'userid_fb8b51e107e01','c18b9f2a-e2f5-477f-9',14,'UTSurveyType0006','Q_7bc5e7f6b5915a1e','Where are you from?','Korea',NULL,'2025-09-11 11:58:00','2026-02-13 03:09:09','2026-02-13 03:09:09'),(292,12,9,'userid_fb8b51e107e01','c18b9f2a-e2f5-477f-9',14,'UTSurveyType0006','Q_43daedac0a08cf8c','What OS are you using?','Windows',NULL,'2025-09-11 11:58:00','2026-02-13 03:09:09','2026-02-13 03:09:09'),(293,12,9,'userid_fb8b51e107e01','c18b9f2a-e2f5-477f-9',14,'UTSurveyType0006','Q_fb99225770e4860f','Have you ever used a mechanical keyboard before?','No',NULL,'2025-09-11 11:58:00','2026-02-13 03:09:09','2026-02-13 03:09:09'),(294,12,9,'userid_fb8b51e107e01','c18b9f2a-e2f5-477f-9',14,'UTSurveyType0006','Q_912b7c9823702d30','How would you rate this product on a scale of 1 - 5?','4',4.00,'2025-09-11 11:58:00','2026-02-13 03:09:09','2026-02-13 03:09:09'),(295,12,9,'userid_fb8b51e107e01','c18b9f2a-e2f5-477f-9',14,'UTSurveyType0006','Q_4f186aae6dfa147f','Briefly, can you tell us why you\'ve rated it this way.','This product has a good keyboard feel and outstanding color and lighting.',NULL,'2025-09-11 11:58:00','2026-02-13 03:09:09','2026-02-13 03:09:09'),(296,12,9,'userid_fb8b51e107e01','c18b9f2a-e2f5-477f-9',14,'UTSurveyType0006','Q_a9b70e9268acdf03','Overall how would you rate the software experience?','3',3.00,'2025-09-11 11:58:00','2026-02-13 03:09:09','2026-02-13 03:09:09'),(297,12,9,'userid_fb8b51e107e01','c18b9f2a-e2f5-477f-9',14,'UTSurveyType0006','Q_44297eef83590efd','Can you share more?','its software is useful to customize for me.',NULL,'2025-09-11 11:58:00','2026-02-13 03:09:09','2026-02-13 03:09:09'),(298,12,9,'userid_fb8b51e107e01','c18b9f2a-e2f5-477f-9',14,'UTSurveyType0006','Q_939652c6f1af35de','How easy to follow was the onboarding for Fujian? (1 = Very difficult)','3',3.00,'2025-09-11 11:58:00','2026-02-13 03:09:09','2026-02-13 03:09:09'),(299,12,9,'userid_fb8b51e107e01','c18b9f2a-e2f5-477f-9',14,'UTSurveyType0006','Q_654f809d7dae0168','Did you customize the Action keys?','No, but I knew I could',NULL,'2025-09-11 11:58:00','2026-02-13 03:09:09','2026-02-13 03:09:09'),(300,12,9,'userid_fb8b51e107e01','c18b9f2a-e2f5-477f-9',14,'UTSurveyType0006','Q_4b4d5ae4d5ffb626','Can you tell us more?',NULL,NULL,'2025-09-11 11:58:00','2026-02-13 03:09:09','2026-02-13 03:09:09'),(301,12,9,'userid_fb8b51e107e01','c18b9f2a-e2f5-477f-9',14,'UTSurveyType0006','Q_008c7d2b7f3a3d77','How would your rate the overall typing experience with this keyboard?','3',3.00,'2025-09-11 11:58:00','2026-02-13 03:09:09','2026-02-13 03:09:09'),(302,12,9,'userid_fb8b51e107e01','c18b9f2a-e2f5-477f-9',14,'UTSurveyType0006','Q_866037fcddacafe6','How do you feel about the sound while typing?','5',5.00,'2025-09-11 11:58:00','2026-02-13 03:09:09','2026-02-13 03:09:09'),(303,12,9,'userid_fb8b51e107e01','c18b9f2a-e2f5-477f-9',14,'UTSurveyType0006','Q_0f078b1d055e3736','Please tell us more','As it is always using the backlight, it\'s running out of the battery quickly.',NULL,'2025-09-11 11:58:00','2026-02-13 03:09:09','2026-02-13 03:09:09'),(304,12,9,'userid_fb8b51e107e01','c18b9f2a-e2f5-477f-9',14,'UTSurveyType0006','Q_57c116fc87b3693b','This keyboard feels sturdy','5',5.00,'2025-09-11 11:58:00','2026-02-13 03:09:09','2026-02-13 03:09:09'),(305,12,9,'userid_fb8b51e107e01','c18b9f2a-e2f5-477f-9',14,'UTSurveyType0006','Q_fe53237382c01c82','How did you feel about the keyboard legs? (1= Very poor)','5',5.00,'2025-09-11 11:58:00','2026-02-13 03:09:09','2026-02-13 03:09:09'),(306,12,9,'userid_fb8b51e107e01','c18b9f2a-e2f5-477f-9',14,'UTSurveyType0006','Q_abcf1cc199f381e3','How secure did the USB dongle feel in the USB storage space on the back of the keyboard? (1 = Not very secure)','4',4.00,'2025-09-11 11:58:00','2026-02-13 03:09:09','2026-02-13 03:09:09'),(307,12,9,'userid_fb8b51e107e01','c18b9f2a-e2f5-477f-9',14,'UTSurveyType0006','Q_0f078b1d055e3736','Please tell us more','As it is always using the backlight, it\'s running out of the battery quickly.',NULL,'2025-09-11 11:58:00','2026-02-13 03:09:09','2026-02-13 03:09:09'),(308,12,9,'userid_fb8b51e107e01','c18b9f2a-e2f5-477f-9',14,'UTSurveyType0006','Q_ad77dfaf113ba7a8','How satisfied are you with the battery life of the keyboard ?','3',3.00,'2025-09-11 11:58:00','2026-02-13 03:09:09','2026-02-13 03:09:09'),(309,12,9,'userid_fb8b51e107e01','c18b9f2a-e2f5-477f-9',14,'UTSurveyType0006','Q_08a83026b7b0749d','How satisfied are you with the charging of the keyboard ?','4',4.00,'2025-09-11 11:58:00','2026-02-13 03:09:09','2026-02-13 03:09:09'),(310,12,9,'userid_fb8b51e107e01','c18b9f2a-e2f5-477f-9',14,'UTSurveyType0006','Q_0f078b1d055e3736','Please tell us more','As it is always using the backlight, it\'s running out of the battery quickly.',NULL,'2025-09-11 11:58:00','2026-02-13 03:09:09','2026-02-13 03:09:09'),(311,12,9,'userid_fb8b51e107e01','c18b9f2a-e2f5-477f-9',14,'UTSurveyType0006','Q_3818fe0ae092f1b6','How would you rate the backlit keys overall?','3',3.00,'2025-09-11 11:58:00','2026-02-13 03:09:09','2026-02-13 03:09:09'),(312,12,9,'userid_fb8b51e107e01','c18b9f2a-e2f5-477f-9',14,'UTSurveyType0006','Q_d0fd335936075623','How would you rate the brightness of the backlighting?','3',3.00,'2025-09-11 11:58:00','2026-02-13 03:09:09','2026-02-13 03:09:09'),(313,12,9,'userid_fb8b51e107e01','c18b9f2a-e2f5-477f-9',14,'UTSurveyType0006','Q_5d118267976b3797','Tell us more','It\'s not easy to be aware of the number keys without the backlit keys.',NULL,'2025-09-11 11:58:00','2026-02-13 03:09:09','2026-02-13 03:09:09'),(314,12,9,'userid_fb8b51e107e01','c18b9f2a-e2f5-477f-9',14,'UTSurveyType0006','Q_6bb5008eb1542066','How often did you turn the backlit keys off?','I always kept the backlight keys off',NULL,'2025-09-11 11:58:00','2026-02-13 03:09:09','2026-02-13 03:09:09'),(315,12,9,'userid_fb8b51e107e01','c18b9f2a-e2f5-477f-9',14,'UTSurveyType0006','Q_0cec647b3dbe9ee3','What level (brightness) of backlighting did you choose?','My backlighting was at the brightest setting',NULL,'2025-09-11 11:58:00','2026-02-13 03:09:09','2026-02-13 03:09:09'),(316,12,9,'userid_fb8b51e107e01','c18b9f2a-e2f5-477f-9',14,'UTSurveyType0006','Q_7fc40c8ecd98b168','How intuitive was it to change the backlight brightness? (1 = Very unintuitive)','0',0.00,'2025-09-11 11:58:00','2026-02-13 03:09:09','2026-02-13 03:09:09'),(317,12,9,'userid_fb8b51e107e01','c18b9f2a-e2f5-477f-9',14,'UTSurveyType0006','Q_4b4d5ae4d5ffb626','Can you tell us more?',NULL,NULL,'2025-09-11 11:58:00','2026-02-13 03:09:09','2026-02-13 03:09:09'),(318,12,9,'userid_fb8b51e107e01','c18b9f2a-e2f5-477f-9',14,'UTSurveyType0006','Q_32aa8dd2e7f94875','Can you rate the look of the keycaps?','4',4.00,'2025-09-11 11:58:00','2026-02-13 03:09:09','2026-02-13 03:09:09'),(319,12,9,'userid_fb8b51e107e01','c18b9f2a-e2f5-477f-9',14,'UTSurveyType0006','Q_a7b8b58f255317bf','Can you rate the feel of the keycaps?','4',4.00,'2025-09-11 11:58:00','2026-02-13 03:09:09','2026-02-13 03:09:09'),(320,12,9,'userid_fb8b51e107e01','c18b9f2a-e2f5-477f-9',14,'UTSurveyType0006','Q_e620d43d83722587','Can you elaborate?','Unique design and color is very attractive to the market',NULL,'2025-09-11 11:58:00','2026-02-13 03:09:09','2026-02-13 03:09:09'),(321,12,9,'userid_fb8b51e107e01','c18b9f2a-e2f5-477f-9',14,'UTSurveyType0006','Q_52564b4f93bb450d','I would recommend this product to a friend.','7',7.00,'2025-09-11 11:58:00','2026-02-13 03:09:09','2026-02-13 03:09:09'),(322,12,9,'userid_fb8b51e107e01','c18b9f2a-e2f5-477f-9',14,'UTSurveyType0006','Q_e620d43d83722587','Can you elaborate?','Unique design and color is very attractive to the market',NULL,'2025-09-11 11:58:00','2026-02-13 03:09:09','2026-02-13 03:09:09'),(323,12,9,'userid_fb8b51e107e01','c18b9f2a-e2f5-477f-9',14,'UTSurveyType0006','Q_8d9429894f670a3e','Taking into consideration any functional hurdles you\'ve come across with this device, do you believe it\'s ready for a market release?','Yes',NULL,'2025-09-11 11:58:00','2026-02-13 03:09:09','2026-02-13 03:09:09'),(324,12,9,'userid_fb8b51e107e01','c18b9f2a-e2f5-477f-9',14,'UTSurveyType0006','Q_e620d43d83722587','Can you elaborate?','Unique design and color is very attractive to the market',NULL,'2025-09-11 11:58:00','2026-02-13 03:09:09','2026-02-13 03:09:09'),(325,12,9,'userid_fb8b51e107e01','c18b9f2a-e2f5-477f-9',14,'UTSurveyType0006','Q_54fdfe83950615c9','Please let us know any other comments you have about your experience with this device.',NULL,NULL,'2025-09-11 11:58:00','2026-02-13 03:09:09','2026-02-13 03:09:09'),(326,12,9,'userid_fb8b51e107e01','c18b9f2a-e2f5-477f-9',14,'UTSurveyType0006','Q_7144c9a9217c2254','What was your favorite thing about this product?','Unique design and the feeling of the keyboard typing',NULL,'2025-09-11 11:58:00','2026-02-13 03:09:09','2026-02-13 03:09:09'),(327,12,9,'userid_fb8b51e107e01','c18b9f2a-e2f5-477f-9',14,'UTSurveyType0006','Q_ec4274a61b6ab8d5','What\'s one thing that you think we can still improve on this product?','Number keys to have more visibility',NULL,'2025-09-11 11:58:00','2026-02-13 03:09:09','2026-02-13 03:09:09'),(328,12,9,'userid_fb8b51e107e01','c18b9f2a-e2f5-477f-9',14,'UTSurveyType0006','Q_0d1e464662a6ec23','Do you agree to be contacted for follow up questions from the internal teams?','I agree, I\'m willing to help!',NULL,'2025-09-11 11:58:00','2026-02-13 03:09:09','2026-02-13 03:09:09'),(329,12,10,'userid_fb8b512107e01','c18b9f2a-e2f5-477f-9',14,'UTSurveyType0006','Q_21eb497b66eb1a1a','What is your name?','Minsu Kim',NULL,'2025-09-11 17:45:00','2026-02-13 03:09:12','2026-02-13 03:09:12'),(330,12,10,'userid_fb8b512107e01','c18b9f2a-e2f5-477f-9',14,'UTSurveyType0006','Q_6ca3809bc801ea0c','What gender do you identify with?','Female',NULL,'2025-09-11 17:45:00','2026-02-13 03:09:12','2026-02-13 03:09:12'),(331,12,10,'userid_fb8b512107e01','c18b9f2a-e2f5-477f-9',14,'UTSurveyType0006','Q_cca57fe036393e59','What is your age range?','24 - 30',NULL,'2025-09-11 17:45:00','2026-02-13 03:09:12','2026-02-13 03:09:12'),(332,12,10,'userid_fb8b512107e01','c18b9f2a-e2f5-477f-9',14,'UTSurveyType0006','Q_7bc5e7f6b5915a1e','Where are you from?','Korea',NULL,'2025-09-11 17:45:00','2026-02-13 03:09:12','2026-02-13 03:09:12'),(333,12,10,'userid_fb8b512107e01','c18b9f2a-e2f5-477f-9',14,'UTSurveyType0006','Q_43daedac0a08cf8c','What OS are you using?','Windows',NULL,'2025-09-11 17:45:00','2026-02-13 03:09:12','2026-02-13 03:09:12'),(334,12,10,'userid_fb8b512107e01','c18b9f2a-e2f5-477f-9',14,'UTSurveyType0006','Q_fb99225770e4860f','Have you ever used a mechanical keyboard before?','Yes - I liked it',NULL,'2025-09-11 17:45:00','2026-02-13 03:09:12','2026-02-13 03:09:12'),(335,12,10,'userid_fb8b512107e01','c18b9f2a-e2f5-477f-9',14,'UTSurveyType0006','Q_912b7c9823702d30','How would you rate this product on a scale of 1 - 5?','4',4.00,'2025-09-11 17:45:00','2026-02-13 03:09:12','2026-02-13 03:09:12'),(336,12,10,'userid_fb8b512107e01','c18b9f2a-e2f5-477f-9',14,'UTSurveyType0006','Q_4f186aae6dfa147f','Briefly, can you tell us why you\'ve rated it this way.','Frame - I really like the transparent frame.',NULL,'2025-09-11 17:45:00','2026-02-13 03:09:12','2026-02-13 03:09:12'),(337,12,10,'userid_fb8b512107e01','c18b9f2a-e2f5-477f-9',14,'UTSurveyType0006','Q_a9b70e9268acdf03','Overall how would you rate the software experience?','2',2.00,'2025-09-11 17:45:00','2026-02-13 03:09:12','2026-02-13 03:09:12'),(338,12,10,'userid_fb8b512107e01','c18b9f2a-e2f5-477f-9',14,'UTSurveyType0006','Q_44297eef83590efd','Can you share more?','The Korean translation in Options + is not fully accurate, and the matter has been escalated to the relevant team.',NULL,'2025-09-11 17:45:00','2026-02-13 03:09:12','2026-02-13 03:09:12'),(339,12,10,'userid_fb8b512107e01','c18b9f2a-e2f5-477f-9',14,'UTSurveyType0006','Q_939652c6f1af35de','How easy to follow was the onboarding for Fujian? (1 = Very difficult)','5',5.00,'2025-09-11 17:45:00','2026-02-13 03:09:12','2026-02-13 03:09:12'),(340,12,10,'userid_fb8b512107e01','c18b9f2a-e2f5-477f-9',14,'UTSurveyType0006','Q_654f809d7dae0168','Did you customize the Action keys?','Yes',NULL,'2025-09-11 17:45:00','2026-02-13 03:09:12','2026-02-13 03:09:12'),(341,12,10,'userid_fb8b512107e01','c18b9f2a-e2f5-477f-9',14,'UTSurveyType0006','Q_4b4d5ae4d5ffb626','Can you tell us more?','It was very simple and convenient to adjust the backlight intuitively by pressing the backlight key. The ability to control the backlight also felt more technical.',NULL,'2025-09-11 17:45:00','2026-02-13 03:09:12','2026-02-13 03:09:12'),(342,12,10,'userid_fb8b512107e01','c18b9f2a-e2f5-477f-9',14,'UTSurveyType0006','Q_008c7d2b7f3a3d77','How would your rate the overall typing experience with this keyboard?','5',5.00,'2025-09-11 17:45:00','2026-02-13 03:09:12','2026-02-13 03:09:12'),(343,12,10,'userid_fb8b512107e01','c18b9f2a-e2f5-477f-9',14,'UTSurveyType0006','Q_866037fcddacafe6','How do you feel about the sound while typing?','5',5.00,'2025-09-11 17:45:00','2026-02-13 03:09:12','2026-02-13 03:09:12'),(344,12,10,'userid_fb8b512107e01','c18b9f2a-e2f5-477f-9',14,'UTSurveyType0006','Q_0f078b1d055e3736','Please tell us more','Because this product applies double-shot keycaps, the backlight is a key feature. However, enabling the backlight drastically shortens the battery life. Improved battery performance would be desirable, and the charging time also seems long. On the other hand, since the keyboard is not intended for mobility, simultaneous charging and usage can mitigate this issue.',NULL,'2025-09-11 17:45:00','2026-02-13 03:09:12','2026-02-13 03:09:12'),(345,12,10,'userid_fb8b512107e01','c18b9f2a-e2f5-477f-9',14,'UTSurveyType0006','Q_57c116fc87b3693b','This keyboard feels sturdy','5',5.00,'2025-09-11 17:45:00','2026-02-13 03:09:12','2026-02-13 03:09:12'),(346,12,10,'userid_fb8b512107e01','c18b9f2a-e2f5-477f-9',14,'UTSurveyType0006','Q_fe53237382c01c82','How did you feel about the keyboard legs? (1= Very poor)','5',5.00,'2025-09-11 17:45:00','2026-02-13 03:09:12','2026-02-13 03:09:12'),(347,12,10,'userid_fb8b512107e01','c18b9f2a-e2f5-477f-9',14,'UTSurveyType0006','Q_abcf1cc199f381e3','How secure did the USB dongle feel in the USB storage space on the back of the keyboard? (1 = Not very secure)','5',5.00,'2025-09-11 17:45:00','2026-02-13 03:09:12','2026-02-13 03:09:12'),(348,12,10,'userid_fb8b512107e01','c18b9f2a-e2f5-477f-9',14,'UTSurveyType0006','Q_0f078b1d055e3736','Please tell us more','Because this product applies double-shot keycaps, the backlight is a key feature. However, enabling the backlight drastically shortens the battery life. Improved battery performance would be desirable, and the charging time also seems long. On the other hand, since the keyboard is not intended for mobility, simultaneous charging and usage can mitigate this issue.',NULL,'2025-09-11 17:45:00','2026-02-13 03:09:12','2026-02-13 03:09:12'),(349,12,10,'userid_fb8b512107e01','c18b9f2a-e2f5-477f-9',14,'UTSurveyType0006','Q_ad77dfaf113ba7a8','How satisfied are you with the battery life of the keyboard ?','2',2.00,'2025-09-11 17:45:00','2026-02-13 03:09:12','2026-02-13 03:09:12'),(350,12,10,'userid_fb8b512107e01','c18b9f2a-e2f5-477f-9',14,'UTSurveyType0006','Q_08a83026b7b0749d','How satisfied are you with the charging of the keyboard ?','3',3.00,'2025-09-11 17:45:00','2026-02-13 03:09:12','2026-02-13 03:09:12'),(351,12,10,'userid_fb8b512107e01','c18b9f2a-e2f5-477f-9',14,'UTSurveyType0006','Q_0f078b1d055e3736','Please tell us more','Because this product applies double-shot keycaps, the backlight is a key feature. However, enabling the backlight drastically shortens the battery life. Improved battery performance would be desirable, and the charging time also seems long. On the other hand, since the keyboard is not intended for mobility, simultaneous charging and usage can mitigate this issue.',NULL,'2025-09-11 17:45:00','2026-02-13 03:09:12','2026-02-13 03:09:12'),(352,12,10,'userid_fb8b512107e01','c18b9f2a-e2f5-477f-9',14,'UTSurveyType0006','Q_3818fe0ae092f1b6','How would you rate the backlit keys overall?','5',5.00,'2025-09-11 17:45:00','2026-02-13 03:09:12','2026-02-13 03:09:12'),(353,12,10,'userid_fb8b512107e01','c18b9f2a-e2f5-477f-9',14,'UTSurveyType0006','Q_d0fd335936075623','How would you rate the brightness of the backlighting?','5',5.00,'2025-09-11 17:45:00','2026-02-13 03:09:12','2026-02-13 03:09:12'),(354,12,10,'userid_fb8b512107e01','c18b9f2a-e2f5-477f-9',14,'UTSurveyType0006','Q_5d118267976b3797','Tell us more','The backlight really complements the overall color scheme of the keyboard. Still, it would be great if there were more customization options—like partial backlighting or lighting effects.',NULL,'2025-09-11 17:45:00','2026-02-13 03:09:12','2026-02-13 03:09:12'),(355,12,10,'userid_fb8b512107e01','c18b9f2a-e2f5-477f-9',14,'UTSurveyType0006','Q_6bb5008eb1542066','How often did you turn the backlit keys off?','I never turned the backlight off',NULL,'2025-09-11 17:45:00','2026-02-13 03:09:12','2026-02-13 03:09:12'),(356,12,10,'userid_fb8b512107e01','c18b9f2a-e2f5-477f-9',14,'UTSurveyType0006','Q_0cec647b3dbe9ee3','What level (brightness) of backlighting did you choose?','My backlighting was at the mid-brightness setting',NULL,'2025-09-11 17:45:00','2026-02-13 03:09:12','2026-02-13 03:09:12'),(357,12,10,'userid_fb8b512107e01','c18b9f2a-e2f5-477f-9',14,'UTSurveyType0006','Q_7fc40c8ecd98b168','How intuitive was it to change the backlight brightness? (1 = Very unintuitive)','5',5.00,'2025-09-11 17:45:00','2026-02-13 03:09:12','2026-02-13 03:09:12'),(358,12,10,'userid_fb8b512107e01','c18b9f2a-e2f5-477f-9',14,'UTSurveyType0006','Q_4b4d5ae4d5ffb626','Can you tell us more?','It was very simple and convenient to adjust the backlight intuitively by pressing the backlight key. The ability to control the backlight also felt more technical.',NULL,'2025-09-11 17:45:00','2026-02-13 03:09:12','2026-02-13 03:09:12'),(359,12,10,'userid_fb8b512107e01','c18b9f2a-e2f5-477f-9',14,'UTSurveyType0006','Q_32aa8dd2e7f94875','Can you rate the look of the keycaps?','5',5.00,'2025-09-11 17:45:00','2026-02-13 03:09:12','2026-02-13 03:09:12'),(360,12,10,'userid_fb8b512107e01','c18b9f2a-e2f5-477f-9',14,'UTSurveyType0006','Q_a7b8b58f255317bf','Can you rate the feel of the keycaps?','5',5.00,'2025-09-11 17:45:00','2026-02-13 03:09:12','2026-02-13 03:09:12'),(361,12,10,'userid_fb8b512107e01','c18b9f2a-e2f5-477f-9',14,'UTSurveyType0006','Q_e620d43d83722587','Can you elaborate?','Except for the somewhat awkward Korean translation in Options+, and the issue where the color does not change in Options+ when a Korean product is installed after a C4C product (likely due to the system log being carried over), this product appears to be ready for market release without problems.',NULL,'2025-09-11 17:45:00','2026-02-13 03:09:12','2026-02-13 03:09:12'),(362,12,10,'userid_fb8b512107e01','c18b9f2a-e2f5-477f-9',14,'UTSurveyType0006','Q_52564b4f93bb450d','I would recommend this product to a friend.','10',10.00,'2025-09-11 17:45:00','2026-02-13 03:09:12','2026-02-13 03:09:12'),(363,12,10,'userid_fb8b512107e01','c18b9f2a-e2f5-477f-9',14,'UTSurveyType0006','Q_e620d43d83722587','Can you elaborate?','Except for the somewhat awkward Korean translation in Options+, and the issue where the color does not change in Options+ when a Korean product is installed after a C4C product (likely due to the system log being carried over), this product appears to be ready for market release without problems.',NULL,'2025-09-11 17:45:00','2026-02-13 03:09:12','2026-02-13 03:09:12'),(364,12,10,'userid_fb8b512107e01','c18b9f2a-e2f5-477f-9',14,'UTSurveyType0006','Q_8d9429894f670a3e','Taking into consideration any functional hurdles you\'ve come across with this device, do you believe it\'s ready for a market release?','Yes',NULL,'2025-09-11 17:45:00','2026-02-13 03:09:12','2026-02-13 03:09:12'),(365,12,10,'userid_fb8b512107e01','c18b9f2a-e2f5-477f-9',14,'UTSurveyType0006','Q_e620d43d83722587','Can you elaborate?','Except for the somewhat awkward Korean translation in Options+, and the issue where the color does not change in Options+ when a Korean product is installed after a C4C product (likely due to the system log being carried over), this product appears to be ready for market release without problems.',NULL,'2025-09-11 17:45:00','2026-02-13 03:09:12','2026-02-13 03:09:12'),(366,12,10,'userid_fb8b512107e01','c18b9f2a-e2f5-477f-9',14,'UTSurveyType0006','Q_54fdfe83950615c9','Please let us know any other comments you have about your experience with this device.',NULL,NULL,'2025-09-11 17:45:00','2026-02-13 03:09:12','2026-02-13 03:09:12'),(367,12,10,'userid_fb8b512107e01','c18b9f2a-e2f5-477f-9',14,'UTSurveyType0006','Q_7144c9a9217c2254','What was your favorite thing about this product?','A transparent frame that fits anywhere—still looks stunning even when you swap out the keycaps.',NULL,'2025-09-11 17:45:00','2026-02-13 03:09:12','2026-02-13 03:09:12'),(368,12,10,'userid_fb8b512107e01','c18b9f2a-e2f5-477f-9',14,'UTSurveyType0006','Q_ec4274a61b6ab8d5','What\'s one thing that you think we can still improve on this product?','A full-size layout dedicated to the Korean market would have been preferable. Furthermore, including official switches or packaging a puller and test keycaps, similar to competitors, would add significant value.',NULL,'2025-09-11 17:45:00','2026-02-13 03:09:12','2026-02-13 03:09:12'),(369,12,10,'userid_fb8b512107e01','c18b9f2a-e2f5-477f-9',14,'UTSurveyType0006','Q_0d1e464662a6ec23','Do you agree to be contacted for follow up questions from the internal teams?','I agree, I\'m willing to help!',NULL,'2025-09-11 17:45:00','2026-02-13 03:09:12','2026-02-13 03:09:12'),(370,12,11,'userid_fb8b513f07e01','c18b9f2a-e2f5-477f-9',14,'UTSurveyType0006','Q_21eb497b66eb1a1a','What is your name?','AERI LIM',NULL,'2025-09-11 22:57:00','2026-02-13 03:09:14','2026-02-13 03:09:14'),(371,12,11,'userid_fb8b513f07e01','c18b9f2a-e2f5-477f-9',14,'UTSurveyType0006','Q_6ca3809bc801ea0c','What gender do you identify with?','Female',NULL,'2025-09-11 22:57:00','2026-02-13 03:09:14','2026-02-13 03:09:14'),(372,12,11,'userid_fb8b513f07e01','c18b9f2a-e2f5-477f-9',14,'UTSurveyType0006','Q_cca57fe036393e59','What is your age range?','24 - 30',NULL,'2025-09-11 22:57:00','2026-02-13 03:09:14','2026-02-13 03:09:14'),(373,12,11,'userid_fb8b513f07e01','c18b9f2a-e2f5-477f-9',14,'UTSurveyType0006','Q_7bc5e7f6b5915a1e','Where are you from?','Korea',NULL,'2025-09-11 22:57:00','2026-02-13 03:09:14','2026-02-13 03:09:14'),(374,12,11,'userid_fb8b513f07e01','c18b9f2a-e2f5-477f-9',14,'UTSurveyType0006','Q_43daedac0a08cf8c','What OS are you using?','Window / MacOS',NULL,'2025-09-11 22:57:00','2026-02-13 03:09:14','2026-02-13 03:09:14'),(375,12,11,'userid_fb8b513f07e01','c18b9f2a-e2f5-477f-9',14,'UTSurveyType0006','Q_fb99225770e4860f','Have you ever used a mechanical keyboard before?','Yes - I liked it',NULL,'2025-09-11 22:57:00','2026-02-13 03:09:14','2026-02-13 03:09:14'),(376,12,11,'userid_fb8b513f07e01','c18b9f2a-e2f5-477f-9',14,'UTSurveyType0006','Q_912b7c9823702d30','How would you rate this product on a scale of 1 - 5?','4',4.00,'2025-09-11 22:57:00','2026-02-13 03:09:14','2026-02-13 03:09:14'),(377,12,11,'userid_fb8b513f07e01','c18b9f2a-e2f5-477f-9',14,'UTSurveyType0006','Q_4f186aae6dfa147f','Briefly, can you tell us why you\'ve rated it this way.','Nice typing feel and  sensible design',NULL,'2025-09-11 22:57:00','2026-02-13 03:09:14','2026-02-13 03:09:14'),(378,12,11,'userid_fb8b513f07e01','c18b9f2a-e2f5-477f-9',14,'UTSurveyType0006','Q_a9b70e9268acdf03','Overall how would you rate the software experience?','5',5.00,'2025-09-11 22:57:00','2026-02-13 03:09:14','2026-02-13 03:09:14'),(379,12,11,'userid_fb8b513f07e01','c18b9f2a-e2f5-477f-9',14,'UTSurveyType0006','Q_44297eef83590efd','Can you share more?',NULL,NULL,'2025-09-11 22:57:00','2026-02-13 03:09:14','2026-02-13 03:09:14'),(380,12,11,'userid_fb8b513f07e01','c18b9f2a-e2f5-477f-9',14,'UTSurveyType0006','Q_939652c6f1af35de','How easy to follow was the onboarding for Fujian? (1 = Very difficult)','5',5.00,'2025-09-11 22:57:00','2026-02-13 03:09:14','2026-02-13 03:09:14'),(381,12,11,'userid_fb8b513f07e01','c18b9f2a-e2f5-477f-9',14,'UTSurveyType0006','Q_654f809d7dae0168','Did you customize the Action keys?','No, but I knew I could',NULL,'2025-09-11 22:57:00','2026-02-13 03:09:14','2026-02-13 03:09:14'),(382,12,11,'userid_fb8b513f07e01','c18b9f2a-e2f5-477f-9',14,'UTSurveyType0006','Q_4b4d5ae4d5ffb626','Can you tell us more?',NULL,NULL,'2025-09-11 22:57:00','2026-02-13 03:09:14','2026-02-13 03:09:14'),(383,12,11,'userid_fb8b513f07e01','c18b9f2a-e2f5-477f-9',14,'UTSurveyType0006','Q_008c7d2b7f3a3d77','How would your rate the overall typing experience with this keyboard?','5',5.00,'2025-09-11 22:57:00','2026-02-13 03:09:14','2026-02-13 03:09:14'),(384,12,11,'userid_fb8b513f07e01','c18b9f2a-e2f5-477f-9',14,'UTSurveyType0006','Q_866037fcddacafe6','How do you feel about the sound while typing?','5',5.00,'2025-09-11 22:57:00','2026-02-13 03:09:14','2026-02-13 03:09:14'),(385,12,11,'userid_fb8b513f07e01','c18b9f2a-e2f5-477f-9',14,'UTSurveyType0006','Q_0f078b1d055e3736','Please tell us more','The battery life is relatively short. Compared to previous experiences with gaming keyboards such as the Pro X TKL and G715, the charging cycle occurs more frequently, which may lead to a degree of inconvenience',NULL,'2025-09-11 22:57:00','2026-02-13 03:09:14','2026-02-13 03:09:14'),(386,12,11,'userid_fb8b513f07e01','c18b9f2a-e2f5-477f-9',14,'UTSurveyType0006','Q_57c116fc87b3693b','This keyboard feels sturdy','4',4.00,'2025-09-11 22:57:00','2026-02-13 03:09:14','2026-02-13 03:09:14'),(387,12,11,'userid_fb8b513f07e01','c18b9f2a-e2f5-477f-9',14,'UTSurveyType0006','Q_fe53237382c01c82','How did you feel about the keyboard legs? (1= Very poor)','3',3.00,'2025-09-11 22:57:00','2026-02-13 03:09:14','2026-02-13 03:09:14'),(388,12,11,'userid_fb8b513f07e01','c18b9f2a-e2f5-477f-9',14,'UTSurveyType0006','Q_abcf1cc199f381e3','How secure did the USB dongle feel in the USB storage space on the back of the keyboard? (1 = Not very secure)','5',5.00,'2025-09-11 22:57:00','2026-02-13 03:09:14','2026-02-13 03:09:14'),(389,12,11,'userid_fb8b513f07e01','c18b9f2a-e2f5-477f-9',14,'UTSurveyType0006','Q_0f078b1d055e3736','Please tell us more','The battery life is relatively short. Compared to previous experiences with gaming keyboards such as the Pro X TKL and G715, the charging cycle occurs more frequently, which may lead to a degree of inconvenience',NULL,'2025-09-11 22:57:00','2026-02-13 03:09:14','2026-02-13 03:09:14'),(390,12,11,'userid_fb8b513f07e01','c18b9f2a-e2f5-477f-9',14,'UTSurveyType0006','Q_ad77dfaf113ba7a8','How satisfied are you with the battery life of the keyboard ?','2',2.00,'2025-09-11 22:57:00','2026-02-13 03:09:14','2026-02-13 03:09:14'),(391,12,11,'userid_fb8b513f07e01','c18b9f2a-e2f5-477f-9',14,'UTSurveyType0006','Q_08a83026b7b0749d','How satisfied are you with the charging of the keyboard ?','3',3.00,'2025-09-11 22:57:00','2026-02-13 03:09:14','2026-02-13 03:09:14'),(392,12,11,'userid_fb8b513f07e01','c18b9f2a-e2f5-477f-9',14,'UTSurveyType0006','Q_0f078b1d055e3736','Please tell us more','The battery life is relatively short. Compared to previous experiences with gaming keyboards such as the Pro X TKL and G715, the charging cycle occurs more frequently, which may lead to a degree of inconvenience',NULL,'2025-09-11 22:57:00','2026-02-13 03:09:14','2026-02-13 03:09:14'),(393,12,11,'userid_fb8b513f07e01','c18b9f2a-e2f5-477f-9',14,'UTSurveyType0006','Q_3818fe0ae092f1b6','How would you rate the backlit keys overall?','3',3.00,'2025-09-11 22:57:00','2026-02-13 03:09:14','2026-02-13 03:09:14'),(394,12,11,'userid_fb8b513f07e01','c18b9f2a-e2f5-477f-9',14,'UTSurveyType0006','Q_d0fd335936075623','How would you rate the brightness of the backlighting?','3',3.00,'2025-09-11 22:57:00','2026-02-13 03:09:14','2026-02-13 03:09:14'),(395,12,11,'userid_fb8b513f07e01','c18b9f2a-e2f5-477f-9',14,'UTSurveyType0006','Q_5d118267976b3797','Tell us more','Recognizing the limitations in adopting gaming-level backlighting, it would still be desirable to have slightly more advanced lighting features',NULL,'2025-09-11 22:57:00','2026-02-13 03:09:14','2026-02-13 03:09:14'),(396,12,11,'userid_fb8b513f07e01','c18b9f2a-e2f5-477f-9',14,'UTSurveyType0006','Q_6bb5008eb1542066','How often did you turn the backlit keys off?','I never turned the backlight off',NULL,'2025-09-11 22:57:00','2026-02-13 03:09:14','2026-02-13 03:09:14'),(397,12,11,'userid_fb8b513f07e01','c18b9f2a-e2f5-477f-9',14,'UTSurveyType0006','Q_0cec647b3dbe9ee3','What level (brightness) of backlighting did you choose?','My backlighting was at the mid-brightness setting',NULL,'2025-09-11 22:57:00','2026-02-13 03:09:14','2026-02-13 03:09:14'),(398,12,11,'userid_fb8b513f07e01','c18b9f2a-e2f5-477f-9',14,'UTSurveyType0006','Q_7fc40c8ecd98b168','How intuitive was it to change the backlight brightness? (1 = Very unintuitive)','4',4.00,'2025-09-11 22:57:00','2026-02-13 03:09:14','2026-02-13 03:09:14'),(399,12,11,'userid_fb8b513f07e01','c18b9f2a-e2f5-477f-9',14,'UTSurveyType0006','Q_4b4d5ae4d5ffb626','Can you tell us more?',NULL,NULL,'2025-09-11 22:57:00','2026-02-13 03:09:14','2026-02-13 03:09:14'),(400,12,11,'userid_fb8b513f07e01','c18b9f2a-e2f5-477f-9',14,'UTSurveyType0006','Q_32aa8dd2e7f94875','Can you rate the look of the keycaps?','5',5.00,'2025-09-11 22:57:00','2026-02-13 03:09:14','2026-02-13 03:09:14'),(401,12,11,'userid_fb8b513f07e01','c18b9f2a-e2f5-477f-9',14,'UTSurveyType0006','Q_a7b8b58f255317bf','Can you rate the feel of the keycaps?','5',5.00,'2025-09-11 22:57:00','2026-02-13 03:09:14','2026-02-13 03:09:14'),(402,12,11,'userid_fb8b513f07e01','c18b9f2a-e2f5-477f-9',14,'UTSurveyType0006','Q_e620d43d83722587','Can you elaborate?','Although the battery life is somewhat limited, the sophisticated design and satisfying key feel suggest that there will still be market demand. In addition, the inclusion of essential function keys (F1–F12) further enhances user satisfaction.',NULL,'2025-09-11 22:57:00','2026-02-13 03:09:14','2026-02-13 03:09:14'),(403,12,11,'userid_fb8b513f07e01','c18b9f2a-e2f5-477f-9',14,'UTSurveyType0006','Q_52564b4f93bb450d','I would recommend this product to a friend.','7',7.00,'2025-09-11 22:57:00','2026-02-13 03:09:14','2026-02-13 03:09:14'),(404,12,11,'userid_fb8b513f07e01','c18b9f2a-e2f5-477f-9',14,'UTSurveyType0006','Q_e620d43d83722587','Can you elaborate?','Although the battery life is somewhat limited, the sophisticated design and satisfying key feel suggest that there will still be market demand. In addition, the inclusion of essential function keys (F1–F12) further enhances user satisfaction.',NULL,'2025-09-11 22:57:00','2026-02-13 03:09:14','2026-02-13 03:09:14'),(405,12,11,'userid_fb8b513f07e01','c18b9f2a-e2f5-477f-9',14,'UTSurveyType0006','Q_8d9429894f670a3e','Taking into consideration any functional hurdles you\'ve come across with this device, do you believe it\'s ready for a market release?','Yes',NULL,'2025-09-11 22:57:00','2026-02-13 03:09:14','2026-02-13 03:09:14'),(406,12,11,'userid_fb8b513f07e01','c18b9f2a-e2f5-477f-9',14,'UTSurveyType0006','Q_e620d43d83722587','Can you elaborate?','Although the battery life is somewhat limited, the sophisticated design and satisfying key feel suggest that there will still be market demand. In addition, the inclusion of essential function keys (F1–F12) further enhances user satisfaction.',NULL,'2025-09-11 22:57:00','2026-02-13 03:09:14','2026-02-13 03:09:14'),(407,12,11,'userid_fb8b513f07e01','c18b9f2a-e2f5-477f-9',14,'UTSurveyType0006','Q_54fdfe83950615c9','Please let us know any other comments you have about your experience with this device.',NULL,NULL,'2025-09-11 22:57:00','2026-02-13 03:09:14','2026-02-13 03:09:14'),(408,12,11,'userid_fb8b513f07e01','c18b9f2a-e2f5-477f-9',14,'UTSurveyType0006','Q_7144c9a9217c2254','What was your favorite thing about this product?','design and typing feel',NULL,'2025-09-11 22:57:00','2026-02-13 03:09:14','2026-02-13 03:09:14'),(409,12,11,'userid_fb8b513f07e01','c18b9f2a-e2f5-477f-9',14,'UTSurveyType0006','Q_ec4274a61b6ab8d5','What\'s one thing that you think we can still improve on this product?','battery life',NULL,'2025-09-11 22:57:00','2026-02-13 03:09:14','2026-02-13 03:09:14'),(410,12,11,'userid_fb8b513f07e01','c18b9f2a-e2f5-477f-9',14,'UTSurveyType0006','Q_0d1e464662a6ec23','Do you agree to be contacted for follow up questions from the internal teams?','I agree, I\'m willing to help!',NULL,'2025-09-11 22:57:00','2026-02-13 03:09:14','2026-02-13 03:09:14'),(411,12,12,'userid_fb8b515907e01','c18b9f2a-e2f5-477f-9',14,'UTSurveyType0006','Q_21eb497b66eb1a1a','What is your name?','Minji Lee',NULL,'2025-09-14 11:30:00','2026-02-13 03:09:17','2026-02-13 03:09:17'),(412,12,12,'userid_fb8b515907e01','c18b9f2a-e2f5-477f-9',14,'UTSurveyType0006','Q_6ca3809bc801ea0c','What gender do you identify with?','Female',NULL,'2025-09-14 11:30:00','2026-02-13 03:09:17','2026-02-13 03:09:17'),(413,12,12,'userid_fb8b515907e01','c18b9f2a-e2f5-477f-9',14,'UTSurveyType0006','Q_cca57fe036393e59','What is your age range?','31 - 40',NULL,'2025-09-14 11:30:00','2026-02-13 03:09:17','2026-02-13 03:09:17'),(414,12,12,'userid_fb8b515907e01','c18b9f2a-e2f5-477f-9',14,'UTSurveyType0006','Q_7bc5e7f6b5915a1e','Where are you from?','Korea',NULL,'2025-09-14 11:30:00','2026-02-13 03:09:17','2026-02-13 03:09:17'),(415,12,12,'userid_fb8b515907e01','c18b9f2a-e2f5-477f-9',14,'UTSurveyType0006','Q_43daedac0a08cf8c','What OS are you using?','Windows',NULL,'2025-09-14 11:30:00','2026-02-13 03:09:17','2026-02-13 03:09:17'),(416,12,12,'userid_fb8b515907e01','c18b9f2a-e2f5-477f-9',14,'UTSurveyType0006','Q_fb99225770e4860f','Have you ever used a mechanical keyboard before?','Yes - I liked it',NULL,'2025-09-14 11:30:00','2026-02-13 03:09:17','2026-02-13 03:09:17'),(417,12,12,'userid_fb8b515907e01','c18b9f2a-e2f5-477f-9',14,'UTSurveyType0006','Q_912b7c9823702d30','How would you rate this product on a scale of 1 - 5?','3',3.00,'2025-09-14 11:30:00','2026-02-13 03:09:17','2026-02-13 03:09:17'),(418,12,12,'userid_fb8b515907e01','c18b9f2a-e2f5-477f-9',14,'UTSurveyType0006','Q_4f186aae6dfa147f','Briefly, can you tell us why you\'ve rated it this way.','Keyboard itself is not bad, but comparing the competitors\', there is nothing special about it.',NULL,'2025-09-14 11:30:00','2026-02-13 03:09:17','2026-02-13 03:09:17'),(419,12,12,'userid_fb8b515907e01','c18b9f2a-e2f5-477f-9',14,'UTSurveyType0006','Q_a9b70e9268acdf03','Overall how would you rate the software experience?','3',3.00,'2025-09-14 11:30:00','2026-02-13 03:09:17','2026-02-13 03:09:17'),(420,12,12,'userid_fb8b515907e01','c18b9f2a-e2f5-477f-9',14,'UTSurveyType0006','Q_44297eef83590efd','Can you share more?',NULL,NULL,'2025-09-14 11:30:00','2026-02-13 03:09:17','2026-02-13 03:09:17'),(421,12,12,'userid_fb8b515907e01','c18b9f2a-e2f5-477f-9',14,'UTSurveyType0006','Q_939652c6f1af35de','How easy to follow was the onboarding for Fujian? (1 = Very difficult)','3',3.00,'2025-09-14 11:30:00','2026-02-13 03:09:17','2026-02-13 03:09:17'),(422,12,12,'userid_fb8b515907e01','c18b9f2a-e2f5-477f-9',14,'UTSurveyType0006','Q_654f809d7dae0168','Did you customize the Action keys?','No, but I knew I could',NULL,'2025-09-14 11:30:00','2026-02-13 03:09:17','2026-02-13 03:09:17'),(423,12,12,'userid_fb8b515907e01','c18b9f2a-e2f5-477f-9',14,'UTSurveyType0006','Q_4b4d5ae4d5ffb626','Can you tell us more?',NULL,NULL,'2025-09-14 11:30:00','2026-02-13 03:09:17','2026-02-13 03:09:17'),(424,12,12,'userid_fb8b515907e01','c18b9f2a-e2f5-477f-9',14,'UTSurveyType0006','Q_008c7d2b7f3a3d77','How would your rate the overall typing experience with this keyboard?','5',5.00,'2025-09-14 11:30:00','2026-02-13 03:09:17','2026-02-13 03:09:17'),(425,12,12,'userid_fb8b515907e01','c18b9f2a-e2f5-477f-9',14,'UTSurveyType0006','Q_866037fcddacafe6','How do you feel about the sound while typing?','4',4.00,'2025-09-14 11:30:00','2026-02-13 03:09:17','2026-02-13 03:09:17'),(426,12,12,'userid_fb8b515907e01','c18b9f2a-e2f5-477f-9',14,'UTSurveyType0006','Q_0f078b1d055e3736','Please tell us more','With backlight on, it seems battery is consumed very fast',NULL,'2025-09-14 11:30:00','2026-02-13 03:09:17','2026-02-13 03:09:17'),(427,12,12,'userid_fb8b515907e01','c18b9f2a-e2f5-477f-9',14,'UTSurveyType0006','Q_57c116fc87b3693b','This keyboard feels sturdy','3',3.00,'2025-09-14 11:30:00','2026-02-13 03:09:17','2026-02-13 03:09:17'),(428,12,12,'userid_fb8b515907e01','c18b9f2a-e2f5-477f-9',14,'UTSurveyType0006','Q_fe53237382c01c82','How did you feel about the keyboard legs? (1= Very poor)','3',3.00,'2025-09-14 11:30:00','2026-02-13 03:09:17','2026-02-13 03:09:17'),(429,12,12,'userid_fb8b515907e01','c18b9f2a-e2f5-477f-9',14,'UTSurveyType0006','Q_abcf1cc199f381e3','How secure did the USB dongle feel in the USB storage space on the back of the keyboard? (1 = Not very secure)','3',3.00,'2025-09-14 11:30:00','2026-02-13 03:09:17','2026-02-13 03:09:17'),(430,12,12,'userid_fb8b515907e01','c18b9f2a-e2f5-477f-9',14,'UTSurveyType0006','Q_0f078b1d055e3736','Please tell us more','With backlight on, it seems battery is consumed very fast',NULL,'2025-09-14 11:30:00','2026-02-13 03:09:17','2026-02-13 03:09:17'),(431,12,12,'userid_fb8b515907e01','c18b9f2a-e2f5-477f-9',14,'UTSurveyType0006','Q_ad77dfaf113ba7a8','How satisfied are you with the battery life of the keyboard ?','1',1.00,'2025-09-14 11:30:00','2026-02-13 03:09:17','2026-02-13 03:09:17'),(432,12,12,'userid_fb8b515907e01','c18b9f2a-e2f5-477f-9',14,'UTSurveyType0006','Q_08a83026b7b0749d','How satisfied are you with the charging of the keyboard ?','2',2.00,'2025-09-14 11:30:00','2026-02-13 03:09:17','2026-02-13 03:09:17'),(433,12,12,'userid_fb8b515907e01','c18b9f2a-e2f5-477f-9',14,'UTSurveyType0006','Q_0f078b1d055e3736','Please tell us more','With backlight on, it seems battery is consumed very fast',NULL,'2025-09-14 11:30:00','2026-02-13 03:09:17','2026-02-13 03:09:17'),(434,12,12,'userid_fb8b515907e01','c18b9f2a-e2f5-477f-9',14,'UTSurveyType0006','Q_3818fe0ae092f1b6','How would you rate the backlit keys overall?','3',3.00,'2025-09-14 11:30:00','2026-02-13 03:09:17','2026-02-13 03:09:17'),(435,12,12,'userid_fb8b515907e01','c18b9f2a-e2f5-477f-9',14,'UTSurveyType0006','Q_d0fd335936075623','How would you rate the brightness of the backlighting?','3',3.00,'2025-09-14 11:30:00','2026-02-13 03:09:17','2026-02-13 03:09:17'),(436,12,12,'userid_fb8b515907e01','c18b9f2a-e2f5-477f-9',14,'UTSurveyType0006','Q_5d118267976b3797','Tell us more',NULL,NULL,'2025-09-14 11:30:00','2026-02-13 03:09:17','2026-02-13 03:09:17'),(437,12,12,'userid_fb8b515907e01','c18b9f2a-e2f5-477f-9',14,'UTSurveyType0006','Q_6bb5008eb1542066','How often did you turn the backlit keys off?','I never turned the backlight off',NULL,'2025-09-14 11:30:00','2026-02-13 03:09:17','2026-02-13 03:09:17'),(438,12,12,'userid_fb8b515907e01','c18b9f2a-e2f5-477f-9',14,'UTSurveyType0006','Q_0cec647b3dbe9ee3','What level (brightness) of backlighting did you choose?','My backlighting was at the mid-brightness setting',NULL,'2025-09-14 11:30:00','2026-02-13 03:09:17','2026-02-13 03:09:17'),(439,12,12,'userid_fb8b515907e01','c18b9f2a-e2f5-477f-9',14,'UTSurveyType0006','Q_7fc40c8ecd98b168','How intuitive was it to change the backlight brightness? (1 = Very unintuitive)','2',2.00,'2025-09-14 11:30:00','2026-02-13 03:09:17','2026-02-13 03:09:17'),(440,12,12,'userid_fb8b515907e01','c18b9f2a-e2f5-477f-9',14,'UTSurveyType0006','Q_4b4d5ae4d5ffb626','Can you tell us more?',NULL,NULL,'2025-09-14 11:30:00','2026-02-13 03:09:17','2026-02-13 03:09:17'),(441,12,12,'userid_fb8b515907e01','c18b9f2a-e2f5-477f-9',14,'UTSurveyType0006','Q_32aa8dd2e7f94875','Can you rate the look of the keycaps?','4',4.00,'2025-09-14 11:30:00','2026-02-13 03:09:17','2026-02-13 03:09:17'),(442,12,12,'userid_fb8b515907e01','c18b9f2a-e2f5-477f-9',14,'UTSurveyType0006','Q_a7b8b58f255317bf','Can you rate the feel of the keycaps?','5',5.00,'2025-09-14 11:30:00','2026-02-13 03:09:17','2026-02-13 03:09:17'),(443,12,12,'userid_fb8b515907e01','c18b9f2a-e2f5-477f-9',14,'UTSurveyType0006','Q_e620d43d83722587','Can you elaborate?','This product is well-made but nothing really new when comparing competitors\' on market already.',NULL,'2025-09-14 11:30:00','2026-02-13 03:09:17','2026-02-13 03:09:17'),(444,12,12,'userid_fb8b515907e01','c18b9f2a-e2f5-477f-9',14,'UTSurveyType0006','Q_52564b4f93bb450d','I would recommend this product to a friend.','6',6.00,'2025-09-14 11:30:00','2026-02-13 03:09:17','2026-02-13 03:09:17'),(445,12,12,'userid_fb8b515907e01','c18b9f2a-e2f5-477f-9',14,'UTSurveyType0006','Q_e620d43d83722587','Can you elaborate?','This product is well-made but nothing really new when comparing competitors\' on market already.',NULL,'2025-09-14 11:30:00','2026-02-13 03:09:17','2026-02-13 03:09:17'),(446,12,12,'userid_fb8b515907e01','c18b9f2a-e2f5-477f-9',14,'UTSurveyType0006','Q_8d9429894f670a3e','Taking into consideration any functional hurdles you\'ve come across with this device, do you believe it\'s ready for a market release?','Yes',NULL,'2025-09-14 11:30:00','2026-02-13 03:09:17','2026-02-13 03:09:17'),(447,12,12,'userid_fb8b515907e01','c18b9f2a-e2f5-477f-9',14,'UTSurveyType0006','Q_e620d43d83722587','Can you elaborate?','This product is well-made but nothing really new when comparing competitors\' on market already.',NULL,'2025-09-14 11:30:00','2026-02-13 03:09:17','2026-02-13 03:09:17'),(448,12,12,'userid_fb8b515907e01','c18b9f2a-e2f5-477f-9',14,'UTSurveyType0006','Q_54fdfe83950615c9','Please let us know any other comments you have about your experience with this device.',NULL,NULL,'2025-09-14 11:30:00','2026-02-13 03:09:17','2026-02-13 03:09:17'),(449,12,12,'userid_fb8b515907e01','c18b9f2a-e2f5-477f-9',14,'UTSurveyType0006','Q_7144c9a9217c2254','What was your favorite thing about this product?',NULL,NULL,'2025-09-14 11:30:00','2026-02-13 03:09:17','2026-02-13 03:09:17'),(450,12,12,'userid_fb8b515907e01','c18b9f2a-e2f5-477f-9',14,'UTSurveyType0006','Q_ec4274a61b6ab8d5','What\'s one thing that you think we can still improve on this product?','KB layout - KR consumers prefer standard / classic layout than this 98 keys',NULL,'2025-09-14 11:30:00','2026-02-13 03:09:17','2026-02-13 03:09:17'),(451,12,12,'userid_fb8b515907e01','c18b9f2a-e2f5-477f-9',14,'UTSurveyType0006','Q_0d1e464662a6ec23','Do you agree to be contacted for follow up questions from the internal teams?','I agree, I\'m willing to help!',NULL,'2025-09-14 11:30:00','2026-02-13 03:09:17','2026-02-13 03:09:17'),(452,12,13,'userid_fb8b517307e01','c18b9f2a-e2f5-477f-9',14,'UTSurveyType0006','Q_21eb497b66eb1a1a','What is your name?','Heejune Yang',NULL,'2025-09-15 10:35:00','2026-02-13 03:09:20','2026-02-13 03:09:20'),(453,12,13,'userid_fb8b517307e01','c18b9f2a-e2f5-477f-9',14,'UTSurveyType0006','Q_6ca3809bc801ea0c','What gender do you identify with?','Male',NULL,'2025-09-15 10:35:00','2026-02-13 03:09:20','2026-02-13 03:09:20'),(454,12,13,'userid_fb8b517307e01','c18b9f2a-e2f5-477f-9',14,'UTSurveyType0006','Q_cca57fe036393e59','What is your age range?','31 - 40',NULL,'2025-09-15 10:35:00','2026-02-13 03:09:20','2026-02-13 03:09:20'),(455,12,13,'userid_fb8b517307e01','c18b9f2a-e2f5-477f-9',14,'UTSurveyType0006','Q_7bc5e7f6b5915a1e','Where are you from?','Korea',NULL,'2025-09-15 10:35:00','2026-02-13 03:09:20','2026-02-13 03:09:20'),(456,12,13,'userid_fb8b517307e01','c18b9f2a-e2f5-477f-9',14,'UTSurveyType0006','Q_43daedac0a08cf8c','What OS are you using?','Windows',NULL,'2025-09-15 10:35:00','2026-02-13 03:09:20','2026-02-13 03:09:20'),(457,12,13,'userid_fb8b517307e01','c18b9f2a-e2f5-477f-9',14,'UTSurveyType0006','Q_fb99225770e4860f','Have you ever used a mechanical keyboard before?','Yes - I liked it',NULL,'2025-09-15 10:35:00','2026-02-13 03:09:20','2026-02-13 03:09:20'),(458,12,13,'userid_fb8b517307e01','c18b9f2a-e2f5-477f-9',14,'UTSurveyType0006','Q_912b7c9823702d30','How would you rate this product on a scale of 1 - 5?','4',4.00,'2025-09-15 10:35:00','2026-02-13 03:09:20','2026-02-13 03:09:20'),(459,12,13,'userid_fb8b517307e01','c18b9f2a-e2f5-477f-9',14,'UTSurveyType0006','Q_4f186aae6dfa147f','Briefly, can you tell us why you\'ve rated it this way.','Overall, it feels good, but some layouts are a little uncomfortable.',NULL,'2025-09-15 10:35:00','2026-02-13 03:09:20','2026-02-13 03:09:20'),(460,12,13,'userid_fb8b517307e01','c18b9f2a-e2f5-477f-9',14,'UTSurveyType0006','Q_a9b70e9268acdf03','Overall how would you rate the software experience?','5',5.00,'2025-09-15 10:35:00','2026-02-13 03:09:20','2026-02-13 03:09:20'),(461,12,13,'userid_fb8b517307e01','c18b9f2a-e2f5-477f-9',14,'UTSurveyType0006','Q_44297eef83590efd','Can you share more?','Solid Logi Options+',NULL,'2025-09-15 10:35:00','2026-02-13 03:09:20','2026-02-13 03:09:20'),(462,12,13,'userid_fb8b517307e01','c18b9f2a-e2f5-477f-9',14,'UTSurveyType0006','Q_939652c6f1af35de','How easy to follow was the onboarding for Fujian? (1 = Very difficult)','5',5.00,'2025-09-15 10:35:00','2026-02-13 03:09:20','2026-02-13 03:09:20'),(463,12,13,'userid_fb8b517307e01','c18b9f2a-e2f5-477f-9',14,'UTSurveyType0006','Q_654f809d7dae0168','Did you customize the Action keys?','No, but I knew I could',NULL,'2025-09-15 10:35:00','2026-02-13 03:09:20','2026-02-13 03:09:20'),(464,12,13,'userid_fb8b517307e01','c18b9f2a-e2f5-477f-9',14,'UTSurveyType0006','Q_4b4d5ae4d5ffb626','Can you tell us more?','I am satisfied with the setting now, but I think it will be better for sales if it is more adjustable',NULL,'2025-09-15 10:35:00','2026-02-13 03:09:20','2026-02-13 03:09:20'),(465,12,13,'userid_fb8b517307e01','c18b9f2a-e2f5-477f-9',14,'UTSurveyType0006','Q_008c7d2b7f3a3d77','How would your rate the overall typing experience with this keyboard?','5',5.00,'2025-09-15 10:35:00','2026-02-13 03:09:20','2026-02-13 03:09:20'),(466,12,13,'userid_fb8b517307e01','c18b9f2a-e2f5-477f-9',14,'UTSurveyType0006','Q_866037fcddacafe6','How do you feel about the sound while typing?','5',5.00,'2025-09-15 10:35:00','2026-02-13 03:09:20','2026-02-13 03:09:20'),(467,12,13,'userid_fb8b517307e01','c18b9f2a-e2f5-477f-9',14,'UTSurveyType0006','Q_0f078b1d055e3736','Please tell us more','I don\'t know because I spent a short time',NULL,'2025-09-15 10:35:00','2026-02-13 03:09:20','2026-02-13 03:09:20'),(468,12,13,'userid_fb8b517307e01','c18b9f2a-e2f5-477f-9',14,'UTSurveyType0006','Q_57c116fc87b3693b','This keyboard feels sturdy','3',3.00,'2025-09-15 10:35:00','2026-02-13 03:09:20','2026-02-13 03:09:20'),(469,12,13,'userid_fb8b517307e01','c18b9f2a-e2f5-477f-9',14,'UTSurveyType0006','Q_fe53237382c01c82','How did you feel about the keyboard legs? (1= Very poor)','3',3.00,'2025-09-15 10:35:00','2026-02-13 03:09:20','2026-02-13 03:09:20'),(470,12,13,'userid_fb8b517307e01','c18b9f2a-e2f5-477f-9',14,'UTSurveyType0006','Q_abcf1cc199f381e3','How secure did the USB dongle feel in the USB storage space on the back of the keyboard? (1 = Not very secure)','5',5.00,'2025-09-15 10:35:00','2026-02-13 03:09:20','2026-02-13 03:09:20'),(471,12,13,'userid_fb8b517307e01','c18b9f2a-e2f5-477f-9',14,'UTSurveyType0006','Q_0f078b1d055e3736','Please tell us more','I don\'t know because I spent a short time',NULL,'2025-09-15 10:35:00','2026-02-13 03:09:20','2026-02-13 03:09:20'),(472,12,13,'userid_fb8b517307e01','c18b9f2a-e2f5-477f-9',14,'UTSurveyType0006','Q_ad77dfaf113ba7a8','How satisfied are you with the battery life of the keyboard ?','3',3.00,'2025-09-15 10:35:00','2026-02-13 03:09:20','2026-02-13 03:09:20'),(473,12,13,'userid_fb8b517307e01','c18b9f2a-e2f5-477f-9',14,'UTSurveyType0006','Q_08a83026b7b0749d','How satisfied are you with the charging of the keyboard ?','3',3.00,'2025-09-15 10:35:00','2026-02-13 03:09:20','2026-02-13 03:09:20'),(474,12,13,'userid_fb8b517307e01','c18b9f2a-e2f5-477f-9',14,'UTSurveyType0006','Q_0f078b1d055e3736','Please tell us more','I don\'t know because I spent a short time',NULL,'2025-09-15 10:35:00','2026-02-13 03:09:20','2026-02-13 03:09:20'),(475,12,13,'userid_fb8b517307e01','c18b9f2a-e2f5-477f-9',14,'UTSurveyType0006','Q_3818fe0ae092f1b6','How would you rate the backlit keys overall?','5',5.00,'2025-09-15 10:35:00','2026-02-13 03:09:20','2026-02-13 03:09:20'),(476,12,13,'userid_fb8b517307e01','c18b9f2a-e2f5-477f-9',14,'UTSurveyType0006','Q_d0fd335936075623','How would you rate the brightness of the backlighting?','5',5.00,'2025-09-15 10:35:00','2026-02-13 03:09:20','2026-02-13 03:09:20'),(477,12,13,'userid_fb8b517307e01','c18b9f2a-e2f5-477f-9',14,'UTSurveyType0006','Q_5d118267976b3797','Tell us more','satisfied with the backlight',NULL,'2025-09-15 10:35:00','2026-02-13 03:09:20','2026-02-13 03:09:20'),(478,12,13,'userid_fb8b517307e01','c18b9f2a-e2f5-477f-9',14,'UTSurveyType0006','Q_6bb5008eb1542066','How often did you turn the backlit keys off?','I never turned the backlight off',NULL,'2025-09-15 10:35:00','2026-02-13 03:09:20','2026-02-13 03:09:20'),(479,12,13,'userid_fb8b517307e01','c18b9f2a-e2f5-477f-9',14,'UTSurveyType0006','Q_0cec647b3dbe9ee3','What level (brightness) of backlighting did you choose?','My backlighting was at the mid-brightness setting',NULL,'2025-09-15 10:35:00','2026-02-13 03:09:20','2026-02-13 03:09:20'),(480,12,13,'userid_fb8b517307e01','c18b9f2a-e2f5-477f-9',14,'UTSurveyType0006','Q_7fc40c8ecd98b168','How intuitive was it to change the backlight brightness? (1 = Very unintuitive)','4',4.00,'2025-09-15 10:35:00','2026-02-13 03:09:20','2026-02-13 03:09:20'),(481,12,13,'userid_fb8b517307e01','c18b9f2a-e2f5-477f-9',14,'UTSurveyType0006','Q_4b4d5ae4d5ffb626','Can you tell us more?','I am satisfied with the setting now, but I think it will be better for sales if it is more adjustable',NULL,'2025-09-15 10:35:00','2026-02-13 03:09:20','2026-02-13 03:09:20'),(482,12,13,'userid_fb8b517307e01','c18b9f2a-e2f5-477f-9',14,'UTSurveyType0006','Q_32aa8dd2e7f94875','Can you rate the look of the keycaps?','5',5.00,'2025-09-15 10:35:00','2026-02-13 03:09:20','2026-02-13 03:09:20'),(483,12,13,'userid_fb8b517307e01','c18b9f2a-e2f5-477f-9',14,'UTSurveyType0006','Q_a7b8b58f255317bf','Can you rate the feel of the keycaps?','5',5.00,'2025-09-15 10:35:00','2026-02-13 03:09:20','2026-02-13 03:09:20'),(484,12,13,'userid_fb8b517307e01','c18b9f2a-e2f5-477f-9',14,'UTSurveyType0006','Q_e620d43d83722587','Can you elaborate?','It has already been released to Korea as of today.',NULL,'2025-09-15 10:35:00','2026-02-13 03:09:20','2026-02-13 03:09:20'),(485,12,13,'userid_fb8b517307e01','c18b9f2a-e2f5-477f-9',14,'UTSurveyType0006','Q_52564b4f93bb450d','I would recommend this product to a friend.','6',6.00,'2025-09-15 10:35:00','2026-02-13 03:09:20','2026-02-13 03:09:20'),(486,12,13,'userid_fb8b517307e01','c18b9f2a-e2f5-477f-9',14,'UTSurveyType0006','Q_e620d43d83722587','Can you elaborate?','It has already been released to Korea as of today.',NULL,'2025-09-15 10:35:00','2026-02-13 03:09:20','2026-02-13 03:09:20'),(487,12,13,'userid_fb8b517307e01','c18b9f2a-e2f5-477f-9',14,'UTSurveyType0006','Q_8d9429894f670a3e','Taking into consideration any functional hurdles you\'ve come across with this device, do you believe it\'s ready for a market release?','Yes',NULL,'2025-09-15 10:35:00','2026-02-13 03:09:20','2026-02-13 03:09:20'),(488,12,13,'userid_fb8b517307e01','c18b9f2a-e2f5-477f-9',14,'UTSurveyType0006','Q_e620d43d83722587','Can you elaborate?','It has already been released to Korea as of today.',NULL,'2025-09-15 10:35:00','2026-02-13 03:09:20','2026-02-13 03:09:20'),(489,12,13,'userid_fb8b517307e01','c18b9f2a-e2f5-477f-9',14,'UTSurveyType0006','Q_54fdfe83950615c9','Please let us know any other comments you have about your experience with this device.',NULL,NULL,'2025-09-15 10:35:00','2026-02-13 03:09:20','2026-02-13 03:09:20'),(490,12,13,'userid_fb8b517307e01','c18b9f2a-e2f5-477f-9',14,'UTSurveyType0006','Q_7144c9a9217c2254','What was your favorite thing about this product?',NULL,NULL,'2025-09-15 10:35:00','2026-02-13 03:09:20','2026-02-13 03:09:20'),(491,12,13,'userid_fb8b517307e01','c18b9f2a-e2f5-477f-9',14,'UTSurveyType0006','Q_ec4274a61b6ab8d5','What\'s one thing that you think we can still improve on this product?',NULL,NULL,'2025-09-15 10:35:00','2026-02-13 03:09:20','2026-02-13 03:09:20'),(492,12,13,'userid_fb8b517307e01','c18b9f2a-e2f5-477f-9',14,'UTSurveyType0006','Q_0d1e464662a6ec23','Do you agree to be contacted for follow up questions from the internal teams?','I agree, I\'m willing to help!',NULL,'2025-09-15 10:35:00','2026-02-13 03:09:20','2026-02-13 03:09:20'),(493,12,14,'userid_fb8b51aa07e01','c18b9f2a-e2f5-477f-9',14,'UTSurveyType0006','Q_21eb497b66eb1a1a','What is your name?','Robert Maloney',NULL,'2025-09-15 11:54:00','2026-02-13 03:09:23','2026-02-13 03:09:23'),(494,12,14,'userid_fb8b51aa07e01','c18b9f2a-e2f5-477f-9',14,'UTSurveyType0006','Q_6ca3809bc801ea0c','What gender do you identify with?','Male',NULL,'2025-09-15 11:54:00','2026-02-13 03:09:23','2026-02-13 03:09:23'),(495,12,14,'userid_fb8b51aa07e01','c18b9f2a-e2f5-477f-9',14,'UTSurveyType0006','Q_cca57fe036393e59','What is your age range?','41 - 50',NULL,'2025-09-15 11:54:00','2026-02-13 03:09:23','2026-02-13 03:09:23'),(496,12,14,'userid_fb8b51aa07e01','c18b9f2a-e2f5-477f-9',14,'UTSurveyType0006','Q_7bc5e7f6b5915a1e','Where are you from?','USA',NULL,'2025-09-15 11:54:00','2026-02-13 03:09:23','2026-02-13 03:09:23'),(497,12,14,'userid_fb8b51aa07e01','c18b9f2a-e2f5-477f-9',14,'UTSurveyType0006','Q_43daedac0a08cf8c','What OS are you using?','MacOS',NULL,'2025-09-15 11:54:00','2026-02-13 03:09:23','2026-02-13 03:09:23'),(498,12,14,'userid_fb8b51aa07e01','c18b9f2a-e2f5-477f-9',14,'UTSurveyType0006','Q_fb99225770e4860f','Have you ever used a mechanical keyboard before?','Yes - I liked it',NULL,'2025-09-15 11:54:00','2026-02-13 03:09:23','2026-02-13 03:09:23'),(499,12,14,'userid_fb8b51aa07e01','c18b9f2a-e2f5-477f-9',14,'UTSurveyType0006','Q_912b7c9823702d30','How would you rate this product on a scale of 1 - 5?','4',4.00,'2025-09-15 11:54:00','2026-02-13 03:09:23','2026-02-13 03:09:23'),(500,12,14,'userid_fb8b51aa07e01','c18b9f2a-e2f5-477f-9',14,'UTSurveyType0006','Q_4f186aae6dfa147f','Briefly, can you tell us why you\'ve rated it this way.','Over all look and feel are excellent, I really enjoy using it. But the battery life is very disappointing',NULL,'2025-09-15 11:54:00','2026-02-13 03:09:23','2026-02-13 03:09:23'),(501,12,14,'userid_fb8b51aa07e01','c18b9f2a-e2f5-477f-9',14,'UTSurveyType0006','Q_a9b70e9268acdf03','Overall how would you rate the software experience?','5',5.00,'2025-09-15 11:54:00','2026-02-13 03:09:23','2026-02-13 03:09:23'),(502,12,14,'userid_fb8b51aa07e01','c18b9f2a-e2f5-477f-9',14,'UTSurveyType0006','Q_44297eef83590efd','Can you share more?','All of what I would expect are in options plus and I was quite happy to see it in Tune.',NULL,'2025-09-15 11:54:00','2026-02-13 03:09:23','2026-02-13 03:09:23'),(503,12,14,'userid_fb8b51aa07e01','c18b9f2a-e2f5-477f-9',14,'UTSurveyType0006','Q_939652c6f1af35de','How easy to follow was the onboarding for Fujian? (1 = Very difficult)','4',4.00,'2025-09-15 11:54:00','2026-02-13 03:09:23','2026-02-13 03:09:23'),(504,12,14,'userid_fb8b51aa07e01','c18b9f2a-e2f5-477f-9',14,'UTSurveyType0006','Q_654f809d7dae0168','Did you customize the Action keys?','Yes',NULL,'2025-09-15 11:54:00','2026-02-13 03:09:23','2026-02-13 03:09:23'),(505,12,14,'userid_fb8b51aa07e01','c18b9f2a-e2f5-477f-9',14,'UTSurveyType0006','Q_4b4d5ae4d5ffb626','Can you tell us more?',NULL,NULL,'2025-09-15 11:54:00','2026-02-13 03:09:23','2026-02-13 03:09:23'),(506,12,14,'userid_fb8b51aa07e01','c18b9f2a-e2f5-477f-9',14,'UTSurveyType0006','Q_008c7d2b7f3a3d77','How would your rate the overall typing experience with this keyboard?','5',5.00,'2025-09-15 11:54:00','2026-02-13 03:09:23','2026-02-13 03:09:23'),(507,12,14,'userid_fb8b51aa07e01','c18b9f2a-e2f5-477f-9',14,'UTSurveyType0006','Q_866037fcddacafe6','How do you feel about the sound while typing?','5',5.00,'2025-09-15 11:54:00','2026-02-13 03:09:23','2026-02-13 03:09:23'),(508,12,14,'userid_fb8b51aa07e01','c18b9f2a-e2f5-477f-9',14,'UTSurveyType0006','Q_0f078b1d055e3736','Please tell us more',NULL,NULL,'2025-09-15 11:54:00','2026-02-13 03:09:23','2026-02-13 03:09:23'),(509,12,14,'userid_fb8b51aa07e01','c18b9f2a-e2f5-477f-9',14,'UTSurveyType0006','Q_57c116fc87b3693b','This keyboard feels sturdy','5',5.00,'2025-09-15 11:54:00','2026-02-13 03:09:23','2026-02-13 03:09:23'),(510,12,14,'userid_fb8b51aa07e01','c18b9f2a-e2f5-477f-9',14,'UTSurveyType0006','Q_fe53237382c01c82','How did you feel about the keyboard legs? (1= Very poor)','5',5.00,'2025-09-15 11:54:00','2026-02-13 03:09:23','2026-02-13 03:09:23'),(511,12,14,'userid_fb8b51aa07e01','c18b9f2a-e2f5-477f-9',14,'UTSurveyType0006','Q_abcf1cc199f381e3','How secure did the USB dongle feel in the USB storage space on the back of the keyboard? (1 = Not very secure)','0',0.00,'2025-09-15 11:54:00','2026-02-13 03:09:23','2026-02-13 03:09:23'),(512,12,14,'userid_fb8b51aa07e01','c18b9f2a-e2f5-477f-9',14,'UTSurveyType0006','Q_0f078b1d055e3736','Please tell us more',NULL,NULL,'2025-09-15 11:54:00','2026-02-13 03:09:23','2026-02-13 03:09:23'),(513,12,14,'userid_fb8b51aa07e01','c18b9f2a-e2f5-477f-9',14,'UTSurveyType0006','Q_ad77dfaf113ba7a8','How satisfied are you with the battery life of the keyboard ?','1',1.00,'2025-09-15 11:54:00','2026-02-13 03:09:23','2026-02-13 03:09:23'),(514,12,14,'userid_fb8b51aa07e01','c18b9f2a-e2f5-477f-9',14,'UTSurveyType0006','Q_08a83026b7b0749d','How satisfied are you with the charging of the keyboard ?','4',4.00,'2025-09-15 11:54:00','2026-02-13 03:09:23','2026-02-13 03:09:23'),(515,12,14,'userid_fb8b51aa07e01','c18b9f2a-e2f5-477f-9',14,'UTSurveyType0006','Q_0f078b1d055e3736','Please tell us more',NULL,NULL,'2025-09-15 11:54:00','2026-02-13 03:09:23','2026-02-13 03:09:23'),(516,12,14,'userid_fb8b51aa07e01','c18b9f2a-e2f5-477f-9',14,'UTSurveyType0006','Q_3818fe0ae092f1b6','How would you rate the backlit keys overall?','5',5.00,'2025-09-15 11:54:00','2026-02-13 03:09:23','2026-02-13 03:09:23'),(517,12,14,'userid_fb8b51aa07e01','c18b9f2a-e2f5-477f-9',14,'UTSurveyType0006','Q_d0fd335936075623','How would you rate the brightness of the backlighting?','5',5.00,'2025-09-15 11:54:00','2026-02-13 03:09:23','2026-02-13 03:09:23'),(518,12,14,'userid_fb8b51aa07e01','c18b9f2a-e2f5-477f-9',14,'UTSurveyType0006','Q_5d118267976b3797','Tell us more',NULL,NULL,'2025-09-15 11:54:00','2026-02-13 03:09:23','2026-02-13 03:09:23'),(519,12,14,'userid_fb8b51aa07e01','c18b9f2a-e2f5-477f-9',14,'UTSurveyType0006','Q_6bb5008eb1542066','How often did you turn the backlit keys off?','I never turned the backlight off',NULL,'2025-09-15 11:54:00','2026-02-13 03:09:23','2026-02-13 03:09:23'),(520,12,14,'userid_fb8b51aa07e01','c18b9f2a-e2f5-477f-9',14,'UTSurveyType0006','Q_0cec647b3dbe9ee3','What level (brightness) of backlighting did you choose?','I used the default then set the duration longer with no activity. I rest to default when I was having to recharge about 2 times a week',NULL,'2025-09-15 11:54:00','2026-02-13 03:09:23','2026-02-13 03:09:23'),(521,12,14,'userid_fb8b51aa07e01','c18b9f2a-e2f5-477f-9',14,'UTSurveyType0006','Q_7fc40c8ecd98b168','How intuitive was it to change the backlight brightness? (1 = Very unintuitive)','5',5.00,'2025-09-15 11:54:00','2026-02-13 03:09:23','2026-02-13 03:09:23'),(522,12,14,'userid_fb8b51aa07e01','c18b9f2a-e2f5-477f-9',14,'UTSurveyType0006','Q_4b4d5ae4d5ffb626','Can you tell us more?',NULL,NULL,'2025-09-15 11:54:00','2026-02-13 03:09:23','2026-02-13 03:09:23'),(523,12,14,'userid_fb8b51aa07e01','c18b9f2a-e2f5-477f-9',14,'UTSurveyType0006','Q_32aa8dd2e7f94875','Can you rate the look of the keycaps?','5',5.00,'2025-09-15 11:54:00','2026-02-13 03:09:23','2026-02-13 03:09:23'),(524,12,14,'userid_fb8b51aa07e01','c18b9f2a-e2f5-477f-9',14,'UTSurveyType0006','Q_a7b8b58f255317bf','Can you rate the feel of the keycaps?','5',5.00,'2025-09-15 11:54:00','2026-02-13 03:09:23','2026-02-13 03:09:23'),(525,12,14,'userid_fb8b51aa07e01','c18b9f2a-e2f5-477f-9',14,'UTSurveyType0006','Q_e620d43d83722587','Can you elaborate?','I feel like the battery life needs to be addressed, more in par with the MX mechanical should be the target I think',NULL,'2025-09-15 11:54:00','2026-02-13 03:09:23','2026-02-13 03:09:23'),(526,12,14,'userid_fb8b51aa07e01','c18b9f2a-e2f5-477f-9',14,'UTSurveyType0006','Q_52564b4f93bb450d','I would recommend this product to a friend.','10',10.00,'2025-09-15 11:54:00','2026-02-13 03:09:23','2026-02-13 03:09:23'),(527,12,14,'userid_fb8b51aa07e01','c18b9f2a-e2f5-477f-9',14,'UTSurveyType0006','Q_e620d43d83722587','Can you elaborate?','I feel like the battery life needs to be addressed, more in par with the MX mechanical should be the target I think',NULL,'2025-09-15 11:54:00','2026-02-13 03:09:23','2026-02-13 03:09:23'),(528,12,14,'userid_fb8b51aa07e01','c18b9f2a-e2f5-477f-9',14,'UTSurveyType0006','Q_8d9429894f670a3e','Taking into consideration any functional hurdles you\'ve come across with this device, do you believe it\'s ready for a market release?','No',NULL,'2025-09-15 11:54:00','2026-02-13 03:09:23','2026-02-13 03:09:23'),(529,12,14,'userid_fb8b51aa07e01','c18b9f2a-e2f5-477f-9',14,'UTSurveyType0006','Q_e620d43d83722587','Can you elaborate?','I feel like the battery life needs to be addressed, more in par with the MX mechanical should be the target I think',NULL,'2025-09-15 11:54:00','2026-02-13 03:09:23','2026-02-13 03:09:23'),(530,12,14,'userid_fb8b51aa07e01','c18b9f2a-e2f5-477f-9',14,'UTSurveyType0006','Q_54fdfe83950615c9','Please let us know any other comments you have about your experience with this device.',NULL,NULL,'2025-09-15 11:54:00','2026-02-13 03:09:23','2026-02-13 03:09:23'),(531,12,14,'userid_fb8b51aa07e01','c18b9f2a-e2f5-477f-9',14,'UTSurveyType0006','Q_7144c9a9217c2254','What was your favorite thing about this product?','The quality feel and the key action and sound, very satisfying',NULL,'2025-09-15 11:54:00','2026-02-13 03:09:23','2026-02-13 03:09:23'),(532,12,14,'userid_fb8b51aa07e01','c18b9f2a-e2f5-477f-9',14,'UTSurveyType0006','Q_ec4274a61b6ab8d5','What\'s one thing that you think we can still improve on this product?','Battery life and interchangeable keycaps',NULL,'2025-09-15 11:54:00','2026-02-13 03:09:23','2026-02-13 03:09:23'),(533,12,14,'userid_fb8b51aa07e01','c18b9f2a-e2f5-477f-9',14,'UTSurveyType0006','Q_0d1e464662a6ec23','Do you agree to be contacted for follow up questions from the internal teams?','I agree, I\'m willing to help!',NULL,'2025-09-15 11:54:00','2026-02-13 03:09:23','2026-02-13 03:09:23'),(534,12,15,'userid_fb8b51c507e01','c18b9f2a-e2f5-477f-9',14,'UTSurveyType0006','Q_21eb497b66eb1a1a','What is your name?','Eric Chi',NULL,'2025-09-15 23:21:00','2026-02-13 03:09:26','2026-02-13 03:09:26'),(535,12,15,'userid_fb8b51c507e01','c18b9f2a-e2f5-477f-9',14,'UTSurveyType0006','Q_6ca3809bc801ea0c','What gender do you identify with?','Male',NULL,'2025-09-15 23:21:00','2026-02-13 03:09:26','2026-02-13 03:09:26'),(536,12,15,'userid_fb8b51c507e01','c18b9f2a-e2f5-477f-9',14,'UTSurveyType0006','Q_cca57fe036393e59','What is your age range?','31 - 40',NULL,'2025-09-15 23:21:00','2026-02-13 03:09:26','2026-02-13 03:09:26'),(537,12,15,'userid_fb8b51c507e01','c18b9f2a-e2f5-477f-9',14,'UTSurveyType0006','Q_7bc5e7f6b5915a1e','Where are you from?','USA',NULL,'2025-09-15 23:21:00','2026-02-13 03:09:26','2026-02-13 03:09:26'),(538,12,15,'userid_fb8b51c507e01','c18b9f2a-e2f5-477f-9',14,'UTSurveyType0006','Q_43daedac0a08cf8c','What OS are you using?','Windows',NULL,'2025-09-15 23:21:00','2026-02-13 03:09:26','2026-02-13 03:09:26'),(539,12,15,'userid_fb8b51c507e01','c18b9f2a-e2f5-477f-9',14,'UTSurveyType0006','Q_fb99225770e4860f','Have you ever used a mechanical keyboard before?','Yes - I liked it',NULL,'2025-09-15 23:21:00','2026-02-13 03:09:26','2026-02-13 03:09:26'),(540,12,15,'userid_fb8b51c507e01','c18b9f2a-e2f5-477f-9',14,'UTSurveyType0006','Q_912b7c9823702d30','How would you rate this product on a scale of 1 - 5?','4',4.00,'2025-09-15 23:21:00','2026-02-13 03:09:26','2026-02-13 03:09:26'),(541,12,15,'userid_fb8b51c507e01','c18b9f2a-e2f5-477f-9',14,'UTSurveyType0006','Q_4f186aae6dfa147f','Briefly, can you tell us why you\'ve rated it this way.','The keyboard sounds and feels great, but the aesthetics aren\'t my particular taste and I don\'t typically use 100% keyboards.',NULL,'2025-09-15 23:21:00','2026-02-13 03:09:26','2026-02-13 03:09:26'),(542,12,15,'userid_fb8b51c507e01','c18b9f2a-e2f5-477f-9',14,'UTSurveyType0006','Q_a9b70e9268acdf03','Overall how would you rate the software experience?','5',5.00,'2025-09-15 23:21:00','2026-02-13 03:09:26','2026-02-13 03:09:26'),(543,12,15,'userid_fb8b51c507e01','c18b9f2a-e2f5-477f-9',14,'UTSurveyType0006','Q_44297eef83590efd','Can you share more?','It worked, simple as that.',NULL,'2025-09-15 23:21:00','2026-02-13 03:09:26','2026-02-13 03:09:26'),(544,12,15,'userid_fb8b51c507e01','c18b9f2a-e2f5-477f-9',14,'UTSurveyType0006','Q_939652c6f1af35de','How easy to follow was the onboarding for Fujian? (1 = Very difficult)','4',4.00,'2025-09-15 23:21:00','2026-02-13 03:09:26','2026-02-13 03:09:26'),(545,12,15,'userid_fb8b51c507e01','c18b9f2a-e2f5-477f-9',14,'UTSurveyType0006','Q_654f809d7dae0168','Did you customize the Action keys?','No, but I knew I could',NULL,'2025-09-15 23:21:00','2026-02-13 03:09:26','2026-02-13 03:09:26'),(546,12,15,'userid_fb8b51c507e01','c18b9f2a-e2f5-477f-9',14,'UTSurveyType0006','Q_4b4d5ae4d5ffb626','Can you tell us more?',NULL,NULL,'2025-09-15 23:21:00','2026-02-13 03:09:26','2026-02-13 03:09:26'),(547,12,15,'userid_fb8b51c507e01','c18b9f2a-e2f5-477f-9',14,'UTSurveyType0006','Q_008c7d2b7f3a3d77','How would your rate the overall typing experience with this keyboard?','5',5.00,'2025-09-15 23:21:00','2026-02-13 03:09:26','2026-02-13 03:09:26'),(548,12,15,'userid_fb8b51c507e01','c18b9f2a-e2f5-477f-9',14,'UTSurveyType0006','Q_866037fcddacafe6','How do you feel about the sound while typing?','5',5.00,'2025-09-15 23:21:00','2026-02-13 03:09:26','2026-02-13 03:09:26'),(549,12,15,'userid_fb8b51c507e01','c18b9f2a-e2f5-477f-9',14,'UTSurveyType0006','Q_0f078b1d055e3736','Please tell us more',NULL,NULL,'2025-09-15 23:21:00','2026-02-13 03:09:26','2026-02-13 03:09:26'),(550,12,15,'userid_fb8b51c507e01','c18b9f2a-e2f5-477f-9',14,'UTSurveyType0006','Q_57c116fc87b3693b','This keyboard feels sturdy','4',4.00,'2025-09-15 23:21:00','2026-02-13 03:09:26','2026-02-13 03:09:26'),(551,12,15,'userid_fb8b51c507e01','c18b9f2a-e2f5-477f-9',14,'UTSurveyType0006','Q_fe53237382c01c82','How did you feel about the keyboard legs? (1= Very poor)','0',0.00,'2025-09-15 23:21:00','2026-02-13 03:09:26','2026-02-13 03:09:26'),(552,12,15,'userid_fb8b51c507e01','c18b9f2a-e2f5-477f-9',14,'UTSurveyType0006','Q_abcf1cc199f381e3','How secure did the USB dongle feel in the USB storage space on the back of the keyboard? (1 = Not very secure)','5',5.00,'2025-09-15 23:21:00','2026-02-13 03:09:26','2026-02-13 03:09:26'),(553,12,15,'userid_fb8b51c507e01','c18b9f2a-e2f5-477f-9',14,'UTSurveyType0006','Q_0f078b1d055e3736','Please tell us more',NULL,NULL,'2025-09-15 23:21:00','2026-02-13 03:09:26','2026-02-13 03:09:26'),(554,12,15,'userid_fb8b51c507e01','c18b9f2a-e2f5-477f-9',14,'UTSurveyType0006','Q_ad77dfaf113ba7a8','How satisfied are you with the battery life of the keyboard ?','5',5.00,'2025-09-15 23:21:00','2026-02-13 03:09:26','2026-02-13 03:09:26'),(555,12,15,'userid_fb8b51c507e01','c18b9f2a-e2f5-477f-9',14,'UTSurveyType0006','Q_08a83026b7b0749d','How satisfied are you with the charging of the keyboard ?','5',5.00,'2025-09-15 23:21:00','2026-02-13 03:09:26','2026-02-13 03:09:26'),(556,12,15,'userid_fb8b51c507e01','c18b9f2a-e2f5-477f-9',14,'UTSurveyType0006','Q_0f078b1d055e3736','Please tell us more',NULL,NULL,'2025-09-15 23:21:00','2026-02-13 03:09:26','2026-02-13 03:09:26'),(557,12,15,'userid_fb8b51c507e01','c18b9f2a-e2f5-477f-9',14,'UTSurveyType0006','Q_3818fe0ae092f1b6','How would you rate the backlit keys overall?','4',4.00,'2025-09-15 23:21:00','2026-02-13 03:09:26','2026-02-13 03:09:26'),(558,12,15,'userid_fb8b51c507e01','c18b9f2a-e2f5-477f-9',14,'UTSurveyType0006','Q_d0fd335936075623','How would you rate the brightness of the backlighting?','4',4.00,'2025-09-15 23:21:00','2026-02-13 03:09:26','2026-02-13 03:09:26'),(559,12,15,'userid_fb8b51c507e01','c18b9f2a-e2f5-477f-9',14,'UTSurveyType0006','Q_5d118267976b3797','Tell us more',NULL,NULL,'2025-09-15 23:21:00','2026-02-13 03:09:26','2026-02-13 03:09:26'),(560,12,15,'userid_fb8b51c507e01','c18b9f2a-e2f5-477f-9',14,'UTSurveyType0006','Q_6bb5008eb1542066','How often did you turn the backlit keys off?','I occasionally turned the backlight off',NULL,'2025-09-15 23:21:00','2026-02-13 03:09:26','2026-02-13 03:09:26'),(561,12,15,'userid_fb8b51c507e01','c18b9f2a-e2f5-477f-9',14,'UTSurveyType0006','Q_0cec647b3dbe9ee3','What level (brightness) of backlighting did you choose?','My backlighting changed depending on the brightness of my environment',NULL,'2025-09-15 23:21:00','2026-02-13 03:09:26','2026-02-13 03:09:26'),(562,12,15,'userid_fb8b51c507e01','c18b9f2a-e2f5-477f-9',14,'UTSurveyType0006','Q_7fc40c8ecd98b168','How intuitive was it to change the backlight brightness? (1 = Very unintuitive)','4',4.00,'2025-09-15 23:21:00','2026-02-13 03:09:26','2026-02-13 03:09:26'),(563,12,15,'userid_fb8b51c507e01','c18b9f2a-e2f5-477f-9',14,'UTSurveyType0006','Q_4b4d5ae4d5ffb626','Can you tell us more?',NULL,NULL,'2025-09-15 23:21:00','2026-02-13 03:09:26','2026-02-13 03:09:26'),(564,12,15,'userid_fb8b51c507e01','c18b9f2a-e2f5-477f-9',14,'UTSurveyType0006','Q_32aa8dd2e7f94875','Can you rate the look of the keycaps?','4',4.00,'2025-09-15 23:21:00','2026-02-13 03:09:26','2026-02-13 03:09:26'),(565,12,15,'userid_fb8b51c507e01','c18b9f2a-e2f5-477f-9',14,'UTSurveyType0006','Q_a7b8b58f255317bf','Can you rate the feel of the keycaps?','4',4.00,'2025-09-15 23:21:00','2026-02-13 03:09:26','2026-02-13 03:09:26'),(566,12,15,'userid_fb8b51c507e01','c18b9f2a-e2f5-477f-9',14,'UTSurveyType0006','Q_e620d43d83722587','Can you elaborate?','This feels like a step in the right direction for Logi keyboards in general by taking cues from the custom keyboard community.',NULL,'2025-09-15 23:21:00','2026-02-13 03:09:26','2026-02-13 03:09:26'),(567,12,15,'userid_fb8b51c507e01','c18b9f2a-e2f5-477f-9',14,'UTSurveyType0006','Q_52564b4f93bb450d','I would recommend this product to a friend.','8',8.00,'2025-09-15 23:21:00','2026-02-13 03:09:26','2026-02-13 03:09:26'),(568,12,15,'userid_fb8b51c507e01','c18b9f2a-e2f5-477f-9',14,'UTSurveyType0006','Q_e620d43d83722587','Can you elaborate?','This feels like a step in the right direction for Logi keyboards in general by taking cues from the custom keyboard community.',NULL,'2025-09-15 23:21:00','2026-02-13 03:09:26','2026-02-13 03:09:26'),(569,12,15,'userid_fb8b51c507e01','c18b9f2a-e2f5-477f-9',14,'UTSurveyType0006','Q_8d9429894f670a3e','Taking into consideration any functional hurdles you\'ve come across with this device, do you believe it\'s ready for a market release?','Yes',NULL,'2025-09-15 23:21:00','2026-02-13 03:09:26','2026-02-13 03:09:26'),(570,12,15,'userid_fb8b51c507e01','c18b9f2a-e2f5-477f-9',14,'UTSurveyType0006','Q_e620d43d83722587','Can you elaborate?','This feels like a step in the right direction for Logi keyboards in general by taking cues from the custom keyboard community.',NULL,'2025-09-15 23:21:00','2026-02-13 03:09:26','2026-02-13 03:09:26'),(571,12,15,'userid_fb8b51c507e01','c18b9f2a-e2f5-477f-9',14,'UTSurveyType0006','Q_54fdfe83950615c9','Please let us know any other comments you have about your experience with this device.',NULL,NULL,'2025-09-15 23:21:00','2026-02-13 03:09:26','2026-02-13 03:09:26'),(572,12,15,'userid_fb8b51c507e01','c18b9f2a-e2f5-477f-9',14,'UTSurveyType0006','Q_7144c9a9217c2254','What was your favorite thing about this product?','Gasket mount in a logi keyboard and the sound',NULL,'2025-09-15 23:21:00','2026-02-13 03:09:26','2026-02-13 03:09:26'),(573,12,15,'userid_fb8b51c507e01','c18b9f2a-e2f5-477f-9',14,'UTSurveyType0006','Q_ec4274a61b6ab8d5','What\'s one thing that you think we can still improve on this product?',NULL,NULL,'2025-09-15 23:21:00','2026-02-13 03:09:26','2026-02-13 03:09:26'),(574,12,15,'userid_fb8b51c507e01','c18b9f2a-e2f5-477f-9',14,'UTSurveyType0006','Q_0d1e464662a6ec23','Do you agree to be contacted for follow up questions from the internal teams?','I agree, I\'m willing to help!',NULL,'2025-09-15 23:21:00','2026-02-13 03:09:26','2026-02-13 03:09:26'),(575,12,16,'userid_fb8b518f07e01','c18b9f2a-e2f5-477f-9',14,'UTSurveyType0006','Q_21eb497b66eb1a1a','What is your name?','Charles Marsh',NULL,'2025-09-16 04:35:00','2026-02-13 03:09:29','2026-02-13 03:09:29'),(576,12,16,'userid_fb8b518f07e01','c18b9f2a-e2f5-477f-9',14,'UTSurveyType0006','Q_6ca3809bc801ea0c','What gender do you identify with?','Male',NULL,'2025-09-16 04:35:00','2026-02-13 03:09:29','2026-02-13 03:09:29'),(577,12,16,'userid_fb8b518f07e01','c18b9f2a-e2f5-477f-9',14,'UTSurveyType0006','Q_cca57fe036393e59','What is your age range?','51 - 60',NULL,'2025-09-16 04:35:00','2026-02-13 03:09:29','2026-02-13 03:09:29'),(578,12,16,'userid_fb8b518f07e01','c18b9f2a-e2f5-477f-9',14,'UTSurveyType0006','Q_7bc5e7f6b5915a1e','Where are you from?','USA',NULL,'2025-09-16 04:35:00','2026-02-13 03:09:29','2026-02-13 03:09:29'),(579,12,16,'userid_fb8b518f07e01','c18b9f2a-e2f5-477f-9',14,'UTSurveyType0006','Q_43daedac0a08cf8c','What OS are you using?','MacOS',NULL,'2025-09-16 04:35:00','2026-02-13 03:09:29','2026-02-13 03:09:29'),(580,12,16,'userid_fb8b518f07e01','c18b9f2a-e2f5-477f-9',14,'UTSurveyType0006','Q_fb99225770e4860f','Have you ever used a mechanical keyboard before?','Yes - I liked it',NULL,'2025-09-16 04:35:00','2026-02-13 03:09:29','2026-02-13 03:09:29'),(581,12,16,'userid_fb8b518f07e01','c18b9f2a-e2f5-477f-9',14,'UTSurveyType0006','Q_912b7c9823702d30','How would you rate this product on a scale of 1 - 5?','4',4.00,'2025-09-16 04:35:00','2026-02-13 03:09:29','2026-02-13 03:09:29'),(582,12,16,'userid_fb8b518f07e01','c18b9f2a-e2f5-477f-9',14,'UTSurveyType0006','Q_4f186aae6dfa147f','Briefly, can you tell us why you\'ve rated it this way.','The feel is good, for the most part. For a large mechanical keyboard, this is solid.',NULL,'2025-09-16 04:35:00','2026-02-13 03:09:29','2026-02-13 03:09:29'),(583,12,16,'userid_fb8b518f07e01','c18b9f2a-e2f5-477f-9',14,'UTSurveyType0006','Q_a9b70e9268acdf03','Overall how would you rate the software experience?','3',3.00,'2025-09-16 04:35:00','2026-02-13 03:09:29','2026-02-13 03:09:29'),(584,12,16,'userid_fb8b518f07e01','c18b9f2a-e2f5-477f-9',14,'UTSurveyType0006','Q_44297eef83590efd','Can you share more?','Barely touched the software. Used it a little for setup, but I never really used the custom keys I setup.',NULL,'2025-09-16 04:35:00','2026-02-13 03:09:29','2026-02-13 03:09:29'),(585,12,16,'userid_fb8b518f07e01','c18b9f2a-e2f5-477f-9',14,'UTSurveyType0006','Q_939652c6f1af35de','How easy to follow was the onboarding for Fujian? (1 = Very difficult)','4',4.00,'2025-09-16 04:35:00','2026-02-13 03:09:29','2026-02-13 03:09:29'),(586,12,16,'userid_fb8b518f07e01','c18b9f2a-e2f5-477f-9',14,'UTSurveyType0006','Q_654f809d7dae0168','Did you customize the Action keys?','Yes',NULL,'2025-09-16 04:35:00','2026-02-13 03:09:29','2026-02-13 03:09:29'),(587,12,16,'userid_fb8b518f07e01','c18b9f2a-e2f5-477f-9',14,'UTSurveyType0006','Q_4b4d5ae4d5ffb626','Can you tell us more?','there is a key for it, but I usually modified that while in options+',NULL,'2025-09-16 04:35:00','2026-02-13 03:09:29','2026-02-13 03:09:29'),(588,12,16,'userid_fb8b518f07e01','c18b9f2a-e2f5-477f-9',14,'UTSurveyType0006','Q_008c7d2b7f3a3d77','How would your rate the overall typing experience with this keyboard?','4',4.00,'2025-09-16 04:35:00','2026-02-13 03:09:29','2026-02-13 03:09:29'),(589,12,16,'userid_fb8b518f07e01','c18b9f2a-e2f5-477f-9',14,'UTSurveyType0006','Q_866037fcddacafe6','How do you feel about the sound while typing?','4',4.00,'2025-09-16 04:35:00','2026-02-13 03:09:29','2026-02-13 03:09:29'),(590,12,16,'userid_fb8b518f07e01','c18b9f2a-e2f5-477f-9',14,'UTSurveyType0006','Q_0f078b1d055e3736','Please tell us more','I charged it once or twice. Never saw a message that it was low so forgot about it. more than adequate.',NULL,'2025-09-16 04:35:00','2026-02-13 03:09:29','2026-02-13 03:09:29'),(591,12,16,'userid_fb8b518f07e01','c18b9f2a-e2f5-477f-9',14,'UTSurveyType0006','Q_57c116fc87b3693b','This keyboard feels sturdy','5',5.00,'2025-09-16 04:35:00','2026-02-13 03:09:29','2026-02-13 03:09:29'),(592,12,16,'userid_fb8b518f07e01','c18b9f2a-e2f5-477f-9',14,'UTSurveyType0006','Q_fe53237382c01c82','How did you feel about the keyboard legs? (1= Very poor)','0',0.00,'2025-09-16 04:35:00','2026-02-13 03:09:29','2026-02-13 03:09:29'),(593,12,16,'userid_fb8b518f07e01','c18b9f2a-e2f5-477f-9',14,'UTSurveyType0006','Q_abcf1cc199f381e3','How secure did the USB dongle feel in the USB storage space on the back of the keyboard? (1 = Not very secure)','0',0.00,'2025-09-16 04:35:00','2026-02-13 03:09:29','2026-02-13 03:09:29'),(594,12,16,'userid_fb8b518f07e01','c18b9f2a-e2f5-477f-9',14,'UTSurveyType0006','Q_0f078b1d055e3736','Please tell us more','I charged it once or twice. Never saw a message that it was low so forgot about it. more than adequate.',NULL,'2025-09-16 04:35:00','2026-02-13 03:09:29','2026-02-13 03:09:29'),(595,12,16,'userid_fb8b518f07e01','c18b9f2a-e2f5-477f-9',14,'UTSurveyType0006','Q_ad77dfaf113ba7a8','How satisfied are you with the battery life of the keyboard ?','5',5.00,'2025-09-16 04:35:00','2026-02-13 03:09:29','2026-02-13 03:09:29'),(596,12,16,'userid_fb8b518f07e01','c18b9f2a-e2f5-477f-9',14,'UTSurveyType0006','Q_08a83026b7b0749d','How satisfied are you with the charging of the keyboard ?','5',5.00,'2025-09-16 04:35:00','2026-02-13 03:09:29','2026-02-13 03:09:29'),(597,12,16,'userid_fb8b518f07e01','c18b9f2a-e2f5-477f-9',14,'UTSurveyType0006','Q_0f078b1d055e3736','Please tell us more','I charged it once or twice. Never saw a message that it was low so forgot about it. more than adequate.',NULL,'2025-09-16 04:35:00','2026-02-13 03:09:29','2026-02-13 03:09:29'),(598,12,16,'userid_fb8b518f07e01','c18b9f2a-e2f5-477f-9',14,'UTSurveyType0006','Q_3818fe0ae092f1b6','How would you rate the backlit keys overall?','4',4.00,'2025-09-16 04:35:00','2026-02-13 03:09:29','2026-02-13 03:09:29'),(599,12,16,'userid_fb8b518f07e01','c18b9f2a-e2f5-477f-9',14,'UTSurveyType0006','Q_d0fd335936075623','How would you rate the brightness of the backlighting?','5',5.00,'2025-09-16 04:35:00','2026-02-13 03:09:29','2026-02-13 03:09:29'),(600,12,16,'userid_fb8b518f07e01','c18b9f2a-e2f5-477f-9',14,'UTSurveyType0006','Q_5d118267976b3797','Tell us more','I like the backlighting. colors could be fun. glad the \"logi\" on the space bar is not backlit. if you do backlight that, keep it subtle.',NULL,'2025-09-16 04:35:00','2026-02-13 03:09:29','2026-02-13 03:09:29'),(601,12,16,'userid_fb8b518f07e01','c18b9f2a-e2f5-477f-9',14,'UTSurveyType0006','Q_6bb5008eb1542066','How often did you turn the backlit keys off?','I never turned the backlight off',NULL,'2025-09-16 04:35:00','2026-02-13 03:09:29','2026-02-13 03:09:29'),(602,12,16,'userid_fb8b518f07e01','c18b9f2a-e2f5-477f-9',14,'UTSurveyType0006','Q_0cec647b3dbe9ee3','What level (brightness) of backlighting did you choose?','level 5, 30sec',NULL,'2025-09-16 04:35:00','2026-02-13 03:09:29','2026-02-13 03:09:29'),(603,12,16,'userid_fb8b518f07e01','c18b9f2a-e2f5-477f-9',14,'UTSurveyType0006','Q_7fc40c8ecd98b168','How intuitive was it to change the backlight brightness? (1 = Very unintuitive)','1',1.00,'2025-09-16 04:35:00','2026-02-13 03:09:29','2026-02-13 03:09:29'),(604,12,16,'userid_fb8b518f07e01','c18b9f2a-e2f5-477f-9',14,'UTSurveyType0006','Q_4b4d5ae4d5ffb626','Can you tell us more?','there is a key for it, but I usually modified that while in options+',NULL,'2025-09-16 04:35:00','2026-02-13 03:09:29','2026-02-13 03:09:29'),(605,12,16,'userid_fb8b518f07e01','c18b9f2a-e2f5-477f-9',14,'UTSurveyType0006','Q_32aa8dd2e7f94875','Can you rate the look of the keycaps?','4',4.00,'2025-09-16 04:35:00','2026-02-13 03:09:29','2026-02-13 03:09:29'),(606,12,16,'userid_fb8b518f07e01','c18b9f2a-e2f5-477f-9',14,'UTSurveyType0006','Q_a7b8b58f255317bf','Can you rate the feel of the keycaps?','3',3.00,'2025-09-16 04:35:00','2026-02-13 03:09:29','2026-02-13 03:09:29'),(607,12,16,'userid_fb8b518f07e01','c18b9f2a-e2f5-477f-9',14,'UTSurveyType0006','Q_e620d43d83722587','Can you elaborate?','It feels fully functional and ready to go. Maybe make the spacebar not have a \"logi\" sticker on it. That should be printed on the spacebar.',NULL,'2025-09-16 04:35:00','2026-02-13 03:09:29','2026-02-13 03:09:29'),(608,12,16,'userid_fb8b518f07e01','c18b9f2a-e2f5-477f-9',14,'UTSurveyType0006','Q_52564b4f93bb450d','I would recommend this product to a friend.','8',8.00,'2025-09-16 04:35:00','2026-02-13 03:09:29','2026-02-13 03:09:29'),(609,12,16,'userid_fb8b518f07e01','c18b9f2a-e2f5-477f-9',14,'UTSurveyType0006','Q_e620d43d83722587','Can you elaborate?','It feels fully functional and ready to go. Maybe make the spacebar not have a \"logi\" sticker on it. That should be printed on the spacebar.',NULL,'2025-09-16 04:35:00','2026-02-13 03:09:29','2026-02-13 03:09:29'),(610,12,16,'userid_fb8b518f07e01','c18b9f2a-e2f5-477f-9',14,'UTSurveyType0006','Q_8d9429894f670a3e','Taking into consideration any functional hurdles you\'ve come across with this device, do you believe it\'s ready for a market release?','Yes',NULL,'2025-09-16 04:35:00','2026-02-13 03:09:29','2026-02-13 03:09:29'),(611,12,16,'userid_fb8b518f07e01','c18b9f2a-e2f5-477f-9',14,'UTSurveyType0006','Q_e620d43d83722587','Can you elaborate?','It feels fully functional and ready to go. Maybe make the spacebar not have a \"logi\" sticker on it. That should be printed on the spacebar.',NULL,'2025-09-16 04:35:00','2026-02-13 03:09:29','2026-02-13 03:09:29'),(612,12,16,'userid_fb8b518f07e01','c18b9f2a-e2f5-477f-9',14,'UTSurveyType0006','Q_54fdfe83950615c9','Please let us know any other comments you have about your experience with this device.',NULL,NULL,'2025-09-16 04:35:00','2026-02-13 03:09:29','2026-02-13 03:09:29'),(613,12,16,'userid_fb8b518f07e01','c18b9f2a-e2f5-477f-9',14,'UTSurveyType0006','Q_7144c9a9217c2254','What was your favorite thing about this product?','numberpad. Great feel when working on a spreadsheet.',NULL,'2025-09-16 04:35:00','2026-02-13 03:09:29','2026-02-13 03:09:29'),(614,12,16,'userid_fb8b518f07e01','c18b9f2a-e2f5-477f-9',14,'UTSurveyType0006','Q_ec4274a61b6ab8d5','What\'s one thing that you think we can still improve on this product?','size/shape of the letter keycaps.',NULL,'2025-09-16 04:35:00','2026-02-13 03:09:29','2026-02-13 03:09:29'),(615,12,16,'userid_fb8b518f07e01','c18b9f2a-e2f5-477f-9',14,'UTSurveyType0006','Q_0d1e464662a6ec23','Do you agree to be contacted for follow up questions from the internal teams?','I agree, I\'m willing to help!',NULL,'2025-09-16 04:35:00','2026-02-13 03:09:29','2026-02-13 03:09:29'),(616,12,17,'userid_fb8b51fc07e01','c18b9f2a-e2f5-477f-9',14,'UTSurveyType0006','Q_21eb497b66eb1a1a','What is your name?','Daniel Nguyen',NULL,'2025-09-16 06:35:00','2026-02-13 03:09:32','2026-02-13 03:09:32'),(617,12,17,'userid_fb8b51fc07e01','c18b9f2a-e2f5-477f-9',14,'UTSurveyType0006','Q_6ca3809bc801ea0c','What gender do you identify with?','Male',NULL,'2025-09-16 06:35:00','2026-02-13 03:09:32','2026-02-13 03:09:32'),(618,12,17,'userid_fb8b51fc07e01','c18b9f2a-e2f5-477f-9',14,'UTSurveyType0006','Q_cca57fe036393e59','What is your age range?','31 - 40',NULL,'2025-09-16 06:35:00','2026-02-13 03:09:32','2026-02-13 03:09:32'),(619,12,17,'userid_fb8b51fc07e01','c18b9f2a-e2f5-477f-9',14,'UTSurveyType0006','Q_7bc5e7f6b5915a1e','Where are you from?','USA',NULL,'2025-09-16 06:35:00','2026-02-13 03:09:32','2026-02-13 03:09:32'),(620,12,17,'userid_fb8b51fc07e01','c18b9f2a-e2f5-477f-9',14,'UTSurveyType0006','Q_43daedac0a08cf8c','What OS are you using?','Windows',NULL,'2025-09-16 06:35:00','2026-02-13 03:09:32','2026-02-13 03:09:32'),(621,12,17,'userid_fb8b51fc07e01','c18b9f2a-e2f5-477f-9',14,'UTSurveyType0006','Q_fb99225770e4860f','Have you ever used a mechanical keyboard before?','Yes - I liked it',NULL,'2025-09-16 06:35:00','2026-02-13 03:09:32','2026-02-13 03:09:32'),(622,12,17,'userid_fb8b51fc07e01','c18b9f2a-e2f5-477f-9',14,'UTSurveyType0006','Q_912b7c9823702d30','How would you rate this product on a scale of 1 - 5?','4',4.00,'2025-09-16 06:35:00','2026-02-13 03:09:32','2026-02-13 03:09:32'),(623,12,17,'userid_fb8b51fc07e01','c18b9f2a-e2f5-477f-9',14,'UTSurveyType0006','Q_4f186aae6dfa147f','Briefly, can you tell us why you\'ve rated it this way.','4 because I think this really appeals to the keyboard enthusiasts who build their own keyboards and the sound profile of the keys give the impression of a higher quality. The only thing keeping this from a 5 is aesthetically, the screw stands get in the way of it looking extremely premium.',NULL,'2025-09-16 06:35:00','2026-02-13 03:09:32','2026-02-13 03:09:32'),(624,12,17,'userid_fb8b51fc07e01','c18b9f2a-e2f5-477f-9',14,'UTSurveyType0006','Q_a9b70e9268acdf03','Overall how would you rate the software experience?','4',4.00,'2025-09-16 06:35:00','2026-02-13 03:09:32','2026-02-13 03:09:32'),(625,12,17,'userid_fb8b51fc07e01','c18b9f2a-e2f5-477f-9',14,'UTSurveyType0006','Q_44297eef83590efd','Can you share more?','Software loaded without issue, but the black outlines around the customizable keys is a little bit hard to to read on graphite. Maybe it should be a different outlining color. Everything else seemed to be functional. User interface seems a little basic, but for me, it gets the job done.',NULL,'2025-09-16 06:35:00','2026-02-13 03:09:32','2026-02-13 03:09:32'),(626,12,17,'userid_fb8b51fc07e01','c18b9f2a-e2f5-477f-9',14,'UTSurveyType0006','Q_939652c6f1af35de','How easy to follow was the onboarding for Fujian? (1 = Very difficult)','5',5.00,'2025-09-16 06:35:00','2026-02-13 03:09:32','2026-02-13 03:09:32'),(627,12,17,'userid_fb8b51fc07e01','c18b9f2a-e2f5-477f-9',14,'UTSurveyType0006','Q_654f809d7dae0168','Did you customize the Action keys?','Yes',NULL,'2025-09-16 06:35:00','2026-02-13 03:09:32','2026-02-13 03:09:32'),(628,12,17,'userid_fb8b51fc07e01','c18b9f2a-e2f5-477f-9',14,'UTSurveyType0006','Q_4b4d5ae4d5ffb626','Can you tell us more?','N/A was easy enough to do.',NULL,'2025-09-16 06:35:00','2026-02-13 03:09:32','2026-02-13 03:09:32'),(629,12,17,'userid_fb8b51fc07e01','c18b9f2a-e2f5-477f-9',14,'UTSurveyType0006','Q_008c7d2b7f3a3d77','How would your rate the overall typing experience with this keyboard?','5',5.00,'2025-09-16 06:35:00','2026-02-13 03:09:32','2026-02-13 03:09:32'),(630,12,17,'userid_fb8b51fc07e01','c18b9f2a-e2f5-477f-9',14,'UTSurveyType0006','Q_866037fcddacafe6','How do you feel about the sound while typing?','5',5.00,'2025-09-16 06:35:00','2026-02-13 03:09:32','2026-02-13 03:09:32'),(631,12,17,'userid_fb8b51fc07e01','c18b9f2a-e2f5-477f-9',14,'UTSurveyType0006','Q_0f078b1d055e3736','Please tell us more','Battery life seems good and the charging was a quick plug in with the cable.',NULL,'2025-09-16 06:35:00','2026-02-13 03:09:32','2026-02-13 03:09:32'),(632,12,17,'userid_fb8b51fc07e01','c18b9f2a-e2f5-477f-9',14,'UTSurveyType0006','Q_57c116fc87b3693b','This keyboard feels sturdy','5',5.00,'2025-09-16 06:35:00','2026-02-13 03:09:32','2026-02-13 03:09:32'),(633,12,17,'userid_fb8b51fc07e01','c18b9f2a-e2f5-477f-9',14,'UTSurveyType0006','Q_fe53237382c01c82','How did you feel about the keyboard legs? (1= Very poor)','5',5.00,'2025-09-16 06:35:00','2026-02-13 03:09:32','2026-02-13 03:09:32'),(634,12,17,'userid_fb8b51fc07e01','c18b9f2a-e2f5-477f-9',14,'UTSurveyType0006','Q_abcf1cc199f381e3','How secure did the USB dongle feel in the USB storage space on the back of the keyboard? (1 = Not very secure)','5',5.00,'2025-09-16 06:35:00','2026-02-13 03:09:32','2026-02-13 03:09:32'),(635,12,17,'userid_fb8b51fc07e01','c18b9f2a-e2f5-477f-9',14,'UTSurveyType0006','Q_0f078b1d055e3736','Please tell us more','Battery life seems good and the charging was a quick plug in with the cable.',NULL,'2025-09-16 06:35:00','2026-02-13 03:09:32','2026-02-13 03:09:32'),(636,12,17,'userid_fb8b51fc07e01','c18b9f2a-e2f5-477f-9',14,'UTSurveyType0006','Q_ad77dfaf113ba7a8','How satisfied are you with the battery life of the keyboard ?','5',5.00,'2025-09-16 06:35:00','2026-02-13 03:09:32','2026-02-13 03:09:32'),(637,12,17,'userid_fb8b51fc07e01','c18b9f2a-e2f5-477f-9',14,'UTSurveyType0006','Q_08a83026b7b0749d','How satisfied are you with the charging of the keyboard ?','5',5.00,'2025-09-16 06:35:00','2026-02-13 03:09:32','2026-02-13 03:09:32'),(638,12,17,'userid_fb8b51fc07e01','c18b9f2a-e2f5-477f-9',14,'UTSurveyType0006','Q_0f078b1d055e3736','Please tell us more','Battery life seems good and the charging was a quick plug in with the cable.',NULL,'2025-09-16 06:35:00','2026-02-13 03:09:32','2026-02-13 03:09:32'),(639,12,17,'userid_fb8b51fc07e01','c18b9f2a-e2f5-477f-9',14,'UTSurveyType0006','Q_3818fe0ae092f1b6','How would you rate the backlit keys overall?','5',5.00,'2025-09-16 06:35:00','2026-02-13 03:09:32','2026-02-13 03:09:32'),(640,12,17,'userid_fb8b51fc07e01','c18b9f2a-e2f5-477f-9',14,'UTSurveyType0006','Q_d0fd335936075623','How would you rate the brightness of the backlighting?','5',5.00,'2025-09-16 06:35:00','2026-02-13 03:09:32','2026-02-13 03:09:32'),(641,12,17,'userid_fb8b51fc07e01','c18b9f2a-e2f5-477f-9',14,'UTSurveyType0006','Q_5d118267976b3797','Tell us more','Bright enough.',NULL,'2025-09-16 06:35:00','2026-02-13 03:09:32','2026-02-13 03:09:32'),(642,12,17,'userid_fb8b51fc07e01','c18b9f2a-e2f5-477f-9',14,'UTSurveyType0006','Q_6bb5008eb1542066','How often did you turn the backlit keys off?','I never turned the backlight off',NULL,'2025-09-16 06:35:00','2026-02-13 03:09:32','2026-02-13 03:09:32'),(643,12,17,'userid_fb8b51fc07e01','c18b9f2a-e2f5-477f-9',14,'UTSurveyType0006','Q_0cec647b3dbe9ee3','What level (brightness) of backlighting did you choose?','My backlighting was at the brightest setting',NULL,'2025-09-16 06:35:00','2026-02-13 03:09:32','2026-02-13 03:09:32'),(644,12,17,'userid_fb8b51fc07e01','c18b9f2a-e2f5-477f-9',14,'UTSurveyType0006','Q_7fc40c8ecd98b168','How intuitive was it to change the backlight brightness? (1 = Very unintuitive)','5',5.00,'2025-09-16 06:35:00','2026-02-13 03:09:32','2026-02-13 03:09:32'),(645,12,17,'userid_fb8b51fc07e01','c18b9f2a-e2f5-477f-9',14,'UTSurveyType0006','Q_4b4d5ae4d5ffb626','Can you tell us more?','N/A was easy enough to do.',NULL,'2025-09-16 06:35:00','2026-02-13 03:09:32','2026-02-13 03:09:32'),(646,12,17,'userid_fb8b51fc07e01','c18b9f2a-e2f5-477f-9',14,'UTSurveyType0006','Q_32aa8dd2e7f94875','Can you rate the look of the keycaps?','5',5.00,'2025-09-16 06:35:00','2026-02-13 03:09:32','2026-02-13 03:09:32'),(647,12,17,'userid_fb8b51fc07e01','c18b9f2a-e2f5-477f-9',14,'UTSurveyType0006','Q_a7b8b58f255317bf','Can you rate the feel of the keycaps?','5',5.00,'2025-09-16 06:35:00','2026-02-13 03:09:32','2026-02-13 03:09:32'),(648,12,17,'userid_fb8b51fc07e01','c18b9f2a-e2f5-477f-9',14,'UTSurveyType0006','Q_e620d43d83722587','Can you elaborate?','I haven\'t had any issues with it during testing so far.',NULL,'2025-09-16 06:35:00','2026-02-13 03:09:32','2026-02-13 03:09:32'),(649,12,17,'userid_fb8b51fc07e01','c18b9f2a-e2f5-477f-9',14,'UTSurveyType0006','Q_52564b4f93bb450d','I would recommend this product to a friend.','10',10.00,'2025-09-16 06:35:00','2026-02-13 03:09:32','2026-02-13 03:09:32'),(650,12,17,'userid_fb8b51fc07e01','c18b9f2a-e2f5-477f-9',14,'UTSurveyType0006','Q_e620d43d83722587','Can you elaborate?','I haven\'t had any issues with it during testing so far.',NULL,'2025-09-16 06:35:00','2026-02-13 03:09:32','2026-02-13 03:09:32'),(651,12,17,'userid_fb8b51fc07e01','c18b9f2a-e2f5-477f-9',14,'UTSurveyType0006','Q_8d9429894f670a3e','Taking into consideration any functional hurdles you\'ve come across with this device, do you believe it\'s ready for a market release?','Yes',NULL,'2025-09-16 06:35:00','2026-02-13 03:09:32','2026-02-13 03:09:32'),(652,12,17,'userid_fb8b51fc07e01','c18b9f2a-e2f5-477f-9',14,'UTSurveyType0006','Q_e620d43d83722587','Can you elaborate?','I haven\'t had any issues with it during testing so far.',NULL,'2025-09-16 06:35:00','2026-02-13 03:09:32','2026-02-13 03:09:32'),(653,12,17,'userid_fb8b51fc07e01','c18b9f2a-e2f5-477f-9',14,'UTSurveyType0006','Q_54fdfe83950615c9','Please let us know any other comments you have about your experience with this device.',NULL,NULL,'2025-09-16 06:35:00','2026-02-13 03:09:32','2026-02-13 03:09:32'),(654,12,17,'userid_fb8b51fc07e01','c18b9f2a-e2f5-477f-9',14,'UTSurveyType0006','Q_7144c9a9217c2254','What was your favorite thing about this product?','The deeper sound profile of switches and keystrokes and no frame shake when using spacebar/backspace/enter keys.',NULL,'2025-09-16 06:35:00','2026-02-13 03:09:32','2026-02-13 03:09:32'),(655,12,17,'userid_fb8b51fc07e01','c18b9f2a-e2f5-477f-9',14,'UTSurveyType0006','Q_ec4274a61b6ab8d5','What\'s one thing that you think we can still improve on this product?','Maybe market it more about it\'s hot swappable features? Seems like not many would know that you can easily replace switches and caps with this keyboard. Maybe add the ability to change out back and front plates and this becomes a personalizable keyboard. This seems like a great product. The backspace button is a little bit \"rattly\", but other words, this is a good keyboard!',NULL,'2025-09-16 06:35:00','2026-02-13 03:09:32','2026-02-13 03:09:32'),(656,12,17,'userid_fb8b51fc07e01','c18b9f2a-e2f5-477f-9',14,'UTSurveyType0006','Q_0d1e464662a6ec23','Do you agree to be contacted for follow up questions from the internal teams?','I agree, I\'m willing to help!',NULL,'2025-09-16 06:35:00','2026-02-13 03:09:32','2026-02-13 03:09:32'),(657,12,18,'userid_fb8b52a007e01','c18b9f2a-e2f5-477f-9',14,'UTSurveyType0006','Q_21eb497b66eb1a1a','What is your name?','Shareen Kaur',NULL,'2025-09-17 23:48:00','2026-02-13 03:09:35','2026-02-13 03:09:35'),(658,12,18,'userid_fb8b52a007e01','c18b9f2a-e2f5-477f-9',14,'UTSurveyType0006','Q_6ca3809bc801ea0c','What gender do you identify with?','Female',NULL,'2025-09-17 23:48:00','2026-02-13 03:09:35','2026-02-13 03:09:35'),(659,12,18,'userid_fb8b52a007e01','c18b9f2a-e2f5-477f-9',14,'UTSurveyType0006','Q_cca57fe036393e59','What is your age range?','31 - 40',NULL,'2025-09-17 23:48:00','2026-02-13 03:09:35','2026-02-13 03:09:35'),(660,12,18,'userid_fb8b52a007e01','c18b9f2a-e2f5-477f-9',14,'UTSurveyType0006','Q_7bc5e7f6b5915a1e','Where are you from?','USA',NULL,'2025-09-17 23:48:00','2026-02-13 03:09:35','2026-02-13 03:09:35'),(661,12,18,'userid_fb8b52a007e01','c18b9f2a-e2f5-477f-9',14,'UTSurveyType0006','Q_43daedac0a08cf8c','What OS are you using?','MacOS',NULL,'2025-09-17 23:48:00','2026-02-13 03:09:35','2026-02-13 03:09:35'),(662,12,18,'userid_fb8b52a007e01','c18b9f2a-e2f5-477f-9',14,'UTSurveyType0006','Q_fb99225770e4860f','Have you ever used a mechanical keyboard before?','Yes - I liked it',NULL,'2025-09-17 23:48:00','2026-02-13 03:09:35','2026-02-13 03:09:35'),(663,12,18,'userid_fb8b52a007e01','c18b9f2a-e2f5-477f-9',14,'UTSurveyType0006','Q_912b7c9823702d30','How would you rate this product on a scale of 1 - 5?','5',5.00,'2025-09-17 23:48:00','2026-02-13 03:09:35','2026-02-13 03:09:35'),(664,12,18,'userid_fb8b52a007e01','c18b9f2a-e2f5-477f-9',14,'UTSurveyType0006','Q_4f186aae6dfa147f','Briefly, can you tell us why you\'ve rated it this way.','I love the durability, look/style, and sound of the clicky-ness of the keyboard.',NULL,'2025-09-17 23:48:00','2026-02-13 03:09:35','2026-02-13 03:09:35'),(665,12,18,'userid_fb8b52a007e01','c18b9f2a-e2f5-477f-9',14,'UTSurveyType0006','Q_a9b70e9268acdf03','Overall how would you rate the software experience?','1',1.00,'2025-09-17 23:48:00','2026-02-13 03:09:35','2026-02-13 03:09:35'),(666,12,18,'userid_fb8b52a007e01','c18b9f2a-e2f5-477f-9',14,'UTSurveyType0006','Q_44297eef83590efd','Can you share more?','I have the Options+ software, but every time I tried to add the keyboard, it wouldn\'t pass the screen after inputting the code.',NULL,'2025-09-17 23:48:00','2026-02-13 03:09:35','2026-02-13 03:09:35'),(667,12,18,'userid_fb8b52a007e01','c18b9f2a-e2f5-477f-9',14,'UTSurveyType0006','Q_939652c6f1af35de','How easy to follow was the onboarding for Fujian? (1 = Very difficult)','0',0.00,'2025-09-17 23:48:00','2026-02-13 03:09:35','2026-02-13 03:09:35'),(668,12,18,'userid_fb8b52a007e01','c18b9f2a-e2f5-477f-9',14,'UTSurveyType0006','Q_654f809d7dae0168','Did you customize the Action keys?','No, I don\'t know what the action keys are',NULL,'2025-09-17 23:48:00','2026-02-13 03:09:35','2026-02-13 03:09:35'),(669,12,18,'userid_fb8b52a007e01','c18b9f2a-e2f5-477f-9',14,'UTSurveyType0006','Q_4b4d5ae4d5ffb626','Can you tell us more?','I couldn\'t manage the brightness of the backlighting as I couldn\'t add the keyboard to my Options+.',NULL,'2025-09-17 23:48:00','2026-02-13 03:09:35','2026-02-13 03:09:35'),(670,12,18,'userid_fb8b52a007e01','c18b9f2a-e2f5-477f-9',14,'UTSurveyType0006','Q_008c7d2b7f3a3d77','How would your rate the overall typing experience with this keyboard?','5',5.00,'2025-09-17 23:48:00','2026-02-13 03:09:35','2026-02-13 03:09:35'),(671,12,18,'userid_fb8b52a007e01','c18b9f2a-e2f5-477f-9',14,'UTSurveyType0006','Q_866037fcddacafe6','How do you feel about the sound while typing?','5',5.00,'2025-09-17 23:48:00','2026-02-13 03:09:35','2026-02-13 03:09:35'),(672,12,18,'userid_fb8b52a007e01','c18b9f2a-e2f5-477f-9',14,'UTSurveyType0006','Q_0f078b1d055e3736','Please tell us more','Very easy to charge the keyboard and it lasts quite a long time which is always beneficial.',NULL,'2025-09-17 23:48:00','2026-02-13 03:09:35','2026-02-13 03:09:35'),(673,12,18,'userid_fb8b52a007e01','c18b9f2a-e2f5-477f-9',14,'UTSurveyType0006','Q_57c116fc87b3693b','This keyboard feels sturdy','5',5.00,'2025-09-17 23:48:00','2026-02-13 03:09:35','2026-02-13 03:09:35'),(674,12,18,'userid_fb8b52a007e01','c18b9f2a-e2f5-477f-9',14,'UTSurveyType0006','Q_fe53237382c01c82','How did you feel about the keyboard legs? (1= Very poor)','5',5.00,'2025-09-17 23:48:00','2026-02-13 03:09:35','2026-02-13 03:09:35'),(675,12,18,'userid_fb8b52a007e01','c18b9f2a-e2f5-477f-9',14,'UTSurveyType0006','Q_abcf1cc199f381e3','How secure did the USB dongle feel in the USB storage space on the back of the keyboard? (1 = Not very secure)','0',0.00,'2025-09-17 23:48:00','2026-02-13 03:09:35','2026-02-13 03:09:35'),(676,12,18,'userid_fb8b52a007e01','c18b9f2a-e2f5-477f-9',14,'UTSurveyType0006','Q_0f078b1d055e3736','Please tell us more','Very easy to charge the keyboard and it lasts quite a long time which is always beneficial.',NULL,'2025-09-17 23:48:00','2026-02-13 03:09:35','2026-02-13 03:09:35'),(677,12,18,'userid_fb8b52a007e01','c18b9f2a-e2f5-477f-9',14,'UTSurveyType0006','Q_ad77dfaf113ba7a8','How satisfied are you with the battery life of the keyboard ?','5',5.00,'2025-09-17 23:48:00','2026-02-13 03:09:35','2026-02-13 03:09:35'),(678,12,18,'userid_fb8b52a007e01','c18b9f2a-e2f5-477f-9',14,'UTSurveyType0006','Q_08a83026b7b0749d','How satisfied are you with the charging of the keyboard ?','5',5.00,'2025-09-17 23:48:00','2026-02-13 03:09:35','2026-02-13 03:09:35'),(679,12,18,'userid_fb8b52a007e01','c18b9f2a-e2f5-477f-9',14,'UTSurveyType0006','Q_0f078b1d055e3736','Please tell us more','Very easy to charge the keyboard and it lasts quite a long time which is always beneficial.',NULL,'2025-09-17 23:48:00','2026-02-13 03:09:35','2026-02-13 03:09:35'),(680,12,18,'userid_fb8b52a007e01','c18b9f2a-e2f5-477f-9',14,'UTSurveyType0006','Q_3818fe0ae092f1b6','How would you rate the backlit keys overall?','4',4.00,'2025-09-17 23:48:00','2026-02-13 03:09:35','2026-02-13 03:09:35'),(681,12,18,'userid_fb8b52a007e01','c18b9f2a-e2f5-477f-9',14,'UTSurveyType0006','Q_d0fd335936075623','How would you rate the brightness of the backlighting?','4',4.00,'2025-09-17 23:48:00','2026-02-13 03:09:35','2026-02-13 03:09:35'),(682,12,18,'userid_fb8b52a007e01','c18b9f2a-e2f5-477f-9',14,'UTSurveyType0006','Q_5d118267976b3797','Tell us more','The brightness could be better so it stands out more in daylight.',NULL,'2025-09-17 23:48:00','2026-02-13 03:09:35','2026-02-13 03:09:35'),(683,12,18,'userid_fb8b52a007e01','c18b9f2a-e2f5-477f-9',14,'UTSurveyType0006','Q_6bb5008eb1542066','How often did you turn the backlit keys off?','I never turned the backlight off',NULL,'2025-09-17 23:48:00','2026-02-13 03:09:35','2026-02-13 03:09:35'),(684,12,18,'userid_fb8b52a007e01','c18b9f2a-e2f5-477f-9',14,'UTSurveyType0006','Q_0cec647b3dbe9ee3','What level (brightness) of backlighting did you choose?','I couldn\'t manage the brightness of the backlighting as I couldn\'t add the keyboard to my Options+.',NULL,'2025-09-17 23:48:00','2026-02-13 03:09:35','2026-02-13 03:09:35'),(685,12,18,'userid_fb8b52a007e01','c18b9f2a-e2f5-477f-9',14,'UTSurveyType0006','Q_7fc40c8ecd98b168','How intuitive was it to change the backlight brightness? (1 = Very unintuitive)','0',0.00,'2025-09-17 23:48:00','2026-02-13 03:09:35','2026-02-13 03:09:35'),(686,12,18,'userid_fb8b52a007e01','c18b9f2a-e2f5-477f-9',14,'UTSurveyType0006','Q_4b4d5ae4d5ffb626','Can you tell us more?','I couldn\'t manage the brightness of the backlighting as I couldn\'t add the keyboard to my Options+.',NULL,'2025-09-17 23:48:00','2026-02-13 03:09:35','2026-02-13 03:09:35'),(687,12,18,'userid_fb8b52a007e01','c18b9f2a-e2f5-477f-9',14,'UTSurveyType0006','Q_32aa8dd2e7f94875','Can you rate the look of the keycaps?','4',4.00,'2025-09-17 23:48:00','2026-02-13 03:09:35','2026-02-13 03:09:35'),(688,12,18,'userid_fb8b52a007e01','c18b9f2a-e2f5-477f-9',14,'UTSurveyType0006','Q_a7b8b58f255317bf','Can you rate the feel of the keycaps?','5',5.00,'2025-09-17 23:48:00','2026-02-13 03:09:35','2026-02-13 03:09:35'),(689,12,18,'userid_fb8b52a007e01','c18b9f2a-e2f5-477f-9',14,'UTSurveyType0006','Q_e620d43d83722587','Can you elaborate?','Aside from the issue I had with adding the device on the software, build wise, the product appears to be ready for the market.',NULL,'2025-09-17 23:48:00','2026-02-13 03:09:35','2026-02-13 03:09:35'),(690,12,18,'userid_fb8b52a007e01','c18b9f2a-e2f5-477f-9',14,'UTSurveyType0006','Q_52564b4f93bb450d','I would recommend this product to a friend.','9',9.00,'2025-09-17 23:48:00','2026-02-13 03:09:35','2026-02-13 03:09:35'),(691,12,18,'userid_fb8b52a007e01','c18b9f2a-e2f5-477f-9',14,'UTSurveyType0006','Q_e620d43d83722587','Can you elaborate?','Aside from the issue I had with adding the device on the software, build wise, the product appears to be ready for the market.',NULL,'2025-09-17 23:48:00','2026-02-13 03:09:35','2026-02-13 03:09:35'),(692,12,18,'userid_fb8b52a007e01','c18b9f2a-e2f5-477f-9',14,'UTSurveyType0006','Q_8d9429894f670a3e','Taking into consideration any functional hurdles you\'ve come across with this device, do you believe it\'s ready for a market release?','Yes',NULL,'2025-09-17 23:48:00','2026-02-13 03:09:35','2026-02-13 03:09:35'),(693,12,18,'userid_fb8b52a007e01','c18b9f2a-e2f5-477f-9',14,'UTSurveyType0006','Q_e620d43d83722587','Can you elaborate?','Aside from the issue I had with adding the device on the software, build wise, the product appears to be ready for the market.',NULL,'2025-09-17 23:48:00','2026-02-13 03:09:35','2026-02-13 03:09:35'),(694,12,18,'userid_fb8b52a007e01','c18b9f2a-e2f5-477f-9',14,'UTSurveyType0006','Q_54fdfe83950615c9','Please let us know any other comments you have about your experience with this device.',NULL,NULL,'2025-09-17 23:48:00','2026-02-13 03:09:35','2026-02-13 03:09:35'),(695,12,18,'userid_fb8b52a007e01','c18b9f2a-e2f5-477f-9',14,'UTSurveyType0006','Q_7144c9a9217c2254','What was your favorite thing about this product?','I love the sound of the keycaps and backlighting.',NULL,'2025-09-17 23:48:00','2026-02-13 03:09:35','2026-02-13 03:09:35'),(696,12,18,'userid_fb8b52a007e01','c18b9f2a-e2f5-477f-9',14,'UTSurveyType0006','Q_ec4274a61b6ab8d5','What\'s one thing that you think we can still improve on this product?','The instructions on pairing the product through both with a computer and the software could be more explanatory. Sometimes pictures/images don\'t always provide the needed guidance compared to a step-by-step written instructions on what should be done and the expected outcomes.',NULL,'2025-09-17 23:48:00','2026-02-13 03:09:35','2026-02-13 03:09:35'),(697,12,18,'userid_fb8b52a007e01','c18b9f2a-e2f5-477f-9',14,'UTSurveyType0006','Q_0d1e464662a6ec23','Do you agree to be contacted for follow up questions from the internal teams?','I agree, I\'m willing to help!',NULL,'2025-09-17 23:48:00','2026-02-13 03:09:35','2026-02-13 03:09:35'),(698,12,19,'userid_fb8b526a07e01','c18b9f2a-e2f5-477f-9',14,'UTSurveyType0006','Q_21eb497b66eb1a1a','What is your name?','Timothy Yip',NULL,'2025-09-23 03:23:00','2026-02-13 03:09:38','2026-02-13 03:09:38'),(699,12,19,'userid_fb8b526a07e01','c18b9f2a-e2f5-477f-9',14,'UTSurveyType0006','Q_6ca3809bc801ea0c','What gender do you identify with?','Male',NULL,'2025-09-23 03:23:00','2026-02-13 03:09:38','2026-02-13 03:09:38'),(700,12,19,'userid_fb8b526a07e01','c18b9f2a-e2f5-477f-9',14,'UTSurveyType0006','Q_cca57fe036393e59','What is your age range?','41 - 50',NULL,'2025-09-23 03:23:00','2026-02-13 03:09:38','2026-02-13 03:09:38'),(701,12,19,'userid_fb8b526a07e01','c18b9f2a-e2f5-477f-9',14,'UTSurveyType0006','Q_7bc5e7f6b5915a1e','Where are you from?','USA',NULL,'2025-09-23 03:23:00','2026-02-13 03:09:38','2026-02-13 03:09:38'),(702,12,19,'userid_fb8b526a07e01','c18b9f2a-e2f5-477f-9',14,'UTSurveyType0006','Q_43daedac0a08cf8c','What OS are you using?','MacOS',NULL,'2025-09-23 03:23:00','2026-02-13 03:09:38','2026-02-13 03:09:38'),(703,12,19,'userid_fb8b526a07e01','c18b9f2a-e2f5-477f-9',14,'UTSurveyType0006','Q_fb99225770e4860f','Have you ever used a mechanical keyboard before?','Yes - I liked it',NULL,'2025-09-23 03:23:00','2026-02-13 03:09:38','2026-02-13 03:09:38'),(704,12,19,'userid_fb8b526a07e01','c18b9f2a-e2f5-477f-9',14,'UTSurveyType0006','Q_912b7c9823702d30','How would you rate this product on a scale of 1 - 5?','4',4.00,'2025-09-23 03:23:00','2026-02-13 03:09:38','2026-02-13 03:09:38'),(705,12,19,'userid_fb8b526a07e01','c18b9f2a-e2f5-477f-9',14,'UTSurveyType0006','Q_4f186aae6dfa147f','Briefly, can you tell us why you\'ve rated it this way.','Typing feel is top-notch. Numerical pad layout and special keys functions quirks make it less than a 5.',NULL,'2025-09-23 03:23:00','2026-02-13 03:09:38','2026-02-13 03:09:38'),(706,12,19,'userid_fb8b526a07e01','c18b9f2a-e2f5-477f-9',14,'UTSurveyType0006','Q_a9b70e9268acdf03','Overall how would you rate the software experience?','4',4.00,'2025-09-23 03:23:00','2026-02-13 03:09:38','2026-02-13 03:09:38'),(707,12,19,'userid_fb8b526a07e01','c18b9f2a-e2f5-477f-9',14,'UTSurveyType0006','Q_44297eef83590efd','Can you share more?',NULL,NULL,'2025-09-23 03:23:00','2026-02-13 03:09:38','2026-02-13 03:09:38'),(708,12,19,'userid_fb8b526a07e01','c18b9f2a-e2f5-477f-9',14,'UTSurveyType0006','Q_939652c6f1af35de','How easy to follow was the onboarding for Fujian? (1 = Very difficult)','5',5.00,'2025-09-23 03:23:00','2026-02-13 03:09:38','2026-02-13 03:09:38'),(709,12,19,'userid_fb8b526a07e01','c18b9f2a-e2f5-477f-9',14,'UTSurveyType0006','Q_654f809d7dae0168','Did you customize the Action keys?','No, but I knew I could',NULL,'2025-09-23 03:23:00','2026-02-13 03:09:38','2026-02-13 03:09:38'),(710,12,19,'userid_fb8b526a07e01','c18b9f2a-e2f5-477f-9',14,'UTSurveyType0006','Q_4b4d5ae4d5ffb626','Can you tell us more?','I expected the backlight to communicate states like caps lock and num lock (especially where the key lights up and shows it has two settings).',NULL,'2025-09-23 03:23:00','2026-02-13 03:09:38','2026-02-13 03:09:38'),(711,12,19,'userid_fb8b526a07e01','c18b9f2a-e2f5-477f-9',14,'UTSurveyType0006','Q_008c7d2b7f3a3d77','How would your rate the overall typing experience with this keyboard?','5',5.00,'2025-09-23 03:23:00','2026-02-13 03:09:38','2026-02-13 03:09:38'),(712,12,19,'userid_fb8b526a07e01','c18b9f2a-e2f5-477f-9',14,'UTSurveyType0006','Q_866037fcddacafe6','How do you feel about the sound while typing?','5',5.00,'2025-09-23 03:23:00','2026-02-13 03:09:38','2026-02-13 03:09:38'),(713,12,19,'userid_fb8b526a07e01','c18b9f2a-e2f5-477f-9',14,'UTSurveyType0006','Q_0f078b1d055e3736','Please tell us more','Battery life is great. But that means it\'s a surprise when I have to charge--placement of the USB-C port is good. On some desk setups, it\'s ideally placed, on others it\'s the wrong side of the keyboard--more cords to deal with.',NULL,'2025-09-23 03:23:00','2026-02-13 03:09:38','2026-02-13 03:09:38'),(714,12,19,'userid_fb8b526a07e01','c18b9f2a-e2f5-477f-9',14,'UTSurveyType0006','Q_57c116fc87b3693b','This keyboard feels sturdy','5',5.00,'2025-09-23 03:23:00','2026-02-13 03:09:38','2026-02-13 03:09:38'),(715,12,19,'userid_fb8b526a07e01','c18b9f2a-e2f5-477f-9',14,'UTSurveyType0006','Q_fe53237382c01c82','How did you feel about the keyboard legs? (1= Very poor)','4',4.00,'2025-09-23 03:23:00','2026-02-13 03:09:38','2026-02-13 03:09:38'),(716,12,19,'userid_fb8b526a07e01','c18b9f2a-e2f5-477f-9',14,'UTSurveyType0006','Q_abcf1cc199f381e3','How secure did the USB dongle feel in the USB storage space on the back of the keyboard? (1 = Not very secure)','4',4.00,'2025-09-23 03:23:00','2026-02-13 03:09:38','2026-02-13 03:09:38'),(717,12,19,'userid_fb8b526a07e01','c18b9f2a-e2f5-477f-9',14,'UTSurveyType0006','Q_0f078b1d055e3736','Please tell us more','Battery life is great. But that means it\'s a surprise when I have to charge--placement of the USB-C port is good. On some desk setups, it\'s ideally placed, on others it\'s the wrong side of the keyboard--more cords to deal with.',NULL,'2025-09-23 03:23:00','2026-02-13 03:09:38','2026-02-13 03:09:38'),(718,12,19,'userid_fb8b526a07e01','c18b9f2a-e2f5-477f-9',14,'UTSurveyType0006','Q_ad77dfaf113ba7a8','How satisfied are you with the battery life of the keyboard ?','4',4.00,'2025-09-23 03:23:00','2026-02-13 03:09:38','2026-02-13 03:09:38'),(719,12,19,'userid_fb8b526a07e01','c18b9f2a-e2f5-477f-9',14,'UTSurveyType0006','Q_08a83026b7b0749d','How satisfied are you with the charging of the keyboard ?','4',4.00,'2025-09-23 03:23:00','2026-02-13 03:09:38','2026-02-13 03:09:38'),(720,12,19,'userid_fb8b526a07e01','c18b9f2a-e2f5-477f-9',14,'UTSurveyType0006','Q_0f078b1d055e3736','Please tell us more','Battery life is great. But that means it\'s a surprise when I have to charge--placement of the USB-C port is good. On some desk setups, it\'s ideally placed, on others it\'s the wrong side of the keyboard--more cords to deal with.',NULL,'2025-09-23 03:23:00','2026-02-13 03:09:38','2026-02-13 03:09:38'),(721,12,19,'userid_fb8b526a07e01','c18b9f2a-e2f5-477f-9',14,'UTSurveyType0006','Q_3818fe0ae092f1b6','How would you rate the backlit keys overall?','3',3.00,'2025-09-23 03:23:00','2026-02-13 03:09:38','2026-02-13 03:09:38'),(722,12,19,'userid_fb8b526a07e01','c18b9f2a-e2f5-477f-9',14,'UTSurveyType0006','Q_d0fd335936075623','How would you rate the brightness of the backlighting?','3',3.00,'2025-09-23 03:23:00','2026-02-13 03:09:38','2026-02-13 03:09:38'),(723,12,19,'userid_fb8b526a07e01','c18b9f2a-e2f5-477f-9',14,'UTSurveyType0006','Q_5d118267976b3797','Tell us more','Not as vivid as what\'s depicted on the box, but it\'s a good looking keyboard overall.',NULL,'2025-09-23 03:23:00','2026-02-13 03:09:38','2026-02-13 03:09:38'),(724,12,19,'userid_fb8b526a07e01','c18b9f2a-e2f5-477f-9',14,'UTSurveyType0006','Q_6bb5008eb1542066','How often did you turn the backlit keys off?','I never turned the backlight off',NULL,'2025-09-23 03:23:00','2026-02-13 03:09:38','2026-02-13 03:09:38'),(725,12,19,'userid_fb8b526a07e01','c18b9f2a-e2f5-477f-9',14,'UTSurveyType0006','Q_0cec647b3dbe9ee3','What level (brightness) of backlighting did you choose?','My backlighting was at the mid-brightness setting',NULL,'2025-09-23 03:23:00','2026-02-13 03:09:38','2026-02-13 03:09:38'),(726,12,19,'userid_fb8b526a07e01','c18b9f2a-e2f5-477f-9',14,'UTSurveyType0006','Q_7fc40c8ecd98b168','How intuitive was it to change the backlight brightness? (1 = Very unintuitive)','4',4.00,'2025-09-23 03:23:00','2026-02-13 03:09:38','2026-02-13 03:09:38'),(727,12,19,'userid_fb8b526a07e01','c18b9f2a-e2f5-477f-9',14,'UTSurveyType0006','Q_4b4d5ae4d5ffb626','Can you tell us more?','I expected the backlight to communicate states like caps lock and num lock (especially where the key lights up and shows it has two settings).',NULL,'2025-09-23 03:23:00','2026-02-13 03:09:38','2026-02-13 03:09:38'),(728,12,19,'userid_fb8b526a07e01','c18b9f2a-e2f5-477f-9',14,'UTSurveyType0006','Q_32aa8dd2e7f94875','Can you rate the look of the keycaps?','4',4.00,'2025-09-23 03:23:00','2026-02-13 03:09:38','2026-02-13 03:09:38'),(729,12,19,'userid_fb8b526a07e01','c18b9f2a-e2f5-477f-9',14,'UTSurveyType0006','Q_a7b8b58f255317bf','Can you rate the feel of the keycaps?','5',5.00,'2025-09-23 03:23:00','2026-02-13 03:09:38','2026-02-13 03:09:38'),(730,12,19,'userid_fb8b526a07e01','c18b9f2a-e2f5-477f-9',14,'UTSurveyType0006','Q_e620d43d83722587','Can you elaborate?','The backlight issues are slight disappointments (big opportunity to make it even more magical) but not dealbreakers.',NULL,'2025-09-23 03:23:00','2026-02-13 03:09:38','2026-02-13 03:09:38'),(731,12,19,'userid_fb8b526a07e01','c18b9f2a-e2f5-477f-9',14,'UTSurveyType0006','Q_52564b4f93bb450d','I would recommend this product to a friend.','10',10.00,'2025-09-23 03:23:00','2026-02-13 03:09:38','2026-02-13 03:09:38'),(732,12,19,'userid_fb8b526a07e01','c18b9f2a-e2f5-477f-9',14,'UTSurveyType0006','Q_e620d43d83722587','Can you elaborate?','The backlight issues are slight disappointments (big opportunity to make it even more magical) but not dealbreakers.',NULL,'2025-09-23 03:23:00','2026-02-13 03:09:38','2026-02-13 03:09:38'),(733,12,19,'userid_fb8b526a07e01','c18b9f2a-e2f5-477f-9',14,'UTSurveyType0006','Q_8d9429894f670a3e','Taking into consideration any functional hurdles you\'ve come across with this device, do you believe it\'s ready for a market release?','Yes',NULL,'2025-09-23 03:23:00','2026-02-13 03:09:38','2026-02-13 03:09:38'),(734,12,19,'userid_fb8b526a07e01','c18b9f2a-e2f5-477f-9',14,'UTSurveyType0006','Q_e620d43d83722587','Can you elaborate?','The backlight issues are slight disappointments (big opportunity to make it even more magical) but not dealbreakers.',NULL,'2025-09-23 03:23:00','2026-02-13 03:09:38','2026-02-13 03:09:38'),(735,12,19,'userid_fb8b526a07e01','c18b9f2a-e2f5-477f-9',14,'UTSurveyType0006','Q_54fdfe83950615c9','Please let us know any other comments you have about your experience with this device.',NULL,NULL,'2025-09-23 03:23:00','2026-02-13 03:09:38','2026-02-13 03:09:38'),(736,12,19,'userid_fb8b526a07e01','c18b9f2a-e2f5-477f-9',14,'UTSurveyType0006','Q_7144c9a9217c2254','What was your favorite thing about this product?','typing feel',NULL,'2025-09-23 03:23:00','2026-02-13 03:09:38','2026-02-13 03:09:38'),(737,12,19,'userid_fb8b526a07e01','c18b9f2a-e2f5-477f-9',14,'UTSurveyType0006','Q_ec4274a61b6ab8d5','What\'s one thing that you think we can still improve on this product?','backlight functionality',NULL,'2025-09-23 03:23:00','2026-02-13 03:09:38','2026-02-13 03:09:38'),(738,12,19,'userid_fb8b526a07e01','c18b9f2a-e2f5-477f-9',14,'UTSurveyType0006','Q_0d1e464662a6ec23','Do you agree to be contacted for follow up questions from the internal teams?','I agree, I\'m willing to help!',NULL,'2025-09-23 03:23:00','2026-02-13 03:09:38','2026-02-13 03:09:38'),(739,12,20,'userid_fb8b524c07e01','c18b9f2a-e2f5-477f-9',14,'UTSurveyType0006','Q_21eb497b66eb1a1a','What is your name?','Yasuhiro Kikuchi',NULL,'2025-09-23 13:35:00','2026-02-13 03:09:41','2026-02-13 03:09:41'),(740,12,20,'userid_fb8b524c07e01','c18b9f2a-e2f5-477f-9',14,'UTSurveyType0006','Q_6ca3809bc801ea0c','What gender do you identify with?','Male',NULL,'2025-09-23 13:35:00','2026-02-13 03:09:41','2026-02-13 03:09:41'),(741,12,20,'userid_fb8b524c07e01','c18b9f2a-e2f5-477f-9',14,'UTSurveyType0006','Q_cca57fe036393e59','What is your age range?','51 - 60',NULL,'2025-09-23 13:35:00','2026-02-13 03:09:41','2026-02-13 03:09:41'),(742,12,20,'userid_fb8b524c07e01','c18b9f2a-e2f5-477f-9',14,'UTSurveyType0006','Q_7bc5e7f6b5915a1e','Where are you from?','Japan',NULL,'2025-09-23 13:35:00','2026-02-13 03:09:41','2026-02-13 03:09:41'),(743,12,20,'userid_fb8b524c07e01','c18b9f2a-e2f5-477f-9',14,'UTSurveyType0006','Q_43daedac0a08cf8c','What OS are you using?','All of above 3',NULL,'2025-09-23 13:35:00','2026-02-13 03:09:41','2026-02-13 03:09:41'),(744,12,20,'userid_fb8b524c07e01','c18b9f2a-e2f5-477f-9',14,'UTSurveyType0006','Q_fb99225770e4860f','Have you ever used a mechanical keyboard before?','Yes - I liked it',NULL,'2025-09-23 13:35:00','2026-02-13 03:09:41','2026-02-13 03:09:41'),(745,12,20,'userid_fb8b524c07e01','c18b9f2a-e2f5-477f-9',14,'UTSurveyType0006','Q_912b7c9823702d30','How would you rate this product on a scale of 1 - 5?','5',5.00,'2025-09-23 13:35:00','2026-02-13 03:09:41','2026-02-13 03:09:41'),(746,12,20,'userid_fb8b524c07e01','c18b9f2a-e2f5-477f-9',14,'UTSurveyType0006','Q_4f186aae6dfa147f','Briefly, can you tell us why you\'ve rated it this way.',NULL,NULL,'2025-09-23 13:35:00','2026-02-13 03:09:41','2026-02-13 03:09:41'),(747,12,20,'userid_fb8b524c07e01','c18b9f2a-e2f5-477f-9',14,'UTSurveyType0006','Q_a9b70e9268acdf03','Overall how would you rate the software experience?','4',4.00,'2025-09-23 13:35:00','2026-02-13 03:09:41','2026-02-13 03:09:41'),(748,12,20,'userid_fb8b524c07e01','c18b9f2a-e2f5-477f-9',14,'UTSurveyType0006','Q_44297eef83590efd','Can you share more?',NULL,NULL,'2025-09-23 13:35:00','2026-02-13 03:09:41','2026-02-13 03:09:41'),(749,12,20,'userid_fb8b524c07e01','c18b9f2a-e2f5-477f-9',14,'UTSurveyType0006','Q_939652c6f1af35de','How easy to follow was the onboarding for Fujian? (1 = Very difficult)','4',4.00,'2025-09-23 13:35:00','2026-02-13 03:09:41','2026-02-13 03:09:41'),(750,12,20,'userid_fb8b524c07e01','c18b9f2a-e2f5-477f-9',14,'UTSurveyType0006','Q_654f809d7dae0168','Did you customize the Action keys?','No, but I knew I could',NULL,'2025-09-23 13:35:00','2026-02-13 03:09:41','2026-02-13 03:09:41'),(751,12,20,'userid_fb8b524c07e01','c18b9f2a-e2f5-477f-9',14,'UTSurveyType0006','Q_4b4d5ae4d5ffb626','Can you tell us more?',NULL,NULL,'2025-09-23 13:35:00','2026-02-13 03:09:41','2026-02-13 03:09:41'),(752,12,20,'userid_fb8b524c07e01','c18b9f2a-e2f5-477f-9',14,'UTSurveyType0006','Q_008c7d2b7f3a3d77','How would your rate the overall typing experience with this keyboard?','5',5.00,'2025-09-23 13:35:00','2026-02-13 03:09:41','2026-02-13 03:09:41'),(753,12,20,'userid_fb8b524c07e01','c18b9f2a-e2f5-477f-9',14,'UTSurveyType0006','Q_866037fcddacafe6','How do you feel about the sound while typing?','5',5.00,'2025-09-23 13:35:00','2026-02-13 03:09:41','2026-02-13 03:09:41'),(754,12,20,'userid_fb8b524c07e01','c18b9f2a-e2f5-477f-9',14,'UTSurveyType0006','Q_0f078b1d055e3736','Please tell us more',NULL,NULL,'2025-09-23 13:35:00','2026-02-13 03:09:41','2026-02-13 03:09:41'),(755,12,20,'userid_fb8b524c07e01','c18b9f2a-e2f5-477f-9',14,'UTSurveyType0006','Q_57c116fc87b3693b','This keyboard feels sturdy','4',4.00,'2025-09-23 13:35:00','2026-02-13 03:09:41','2026-02-13 03:09:41'),(756,12,20,'userid_fb8b524c07e01','c18b9f2a-e2f5-477f-9',14,'UTSurveyType0006','Q_fe53237382c01c82','How did you feel about the keyboard legs? (1= Very poor)','4',4.00,'2025-09-23 13:35:00','2026-02-13 03:09:41','2026-02-13 03:09:41'),(757,12,20,'userid_fb8b524c07e01','c18b9f2a-e2f5-477f-9',14,'UTSurveyType0006','Q_abcf1cc199f381e3','How secure did the USB dongle feel in the USB storage space on the back of the keyboard? (1 = Not very secure)','4',4.00,'2025-09-23 13:35:00','2026-02-13 03:09:41','2026-02-13 03:09:41'),(758,12,20,'userid_fb8b524c07e01','c18b9f2a-e2f5-477f-9',14,'UTSurveyType0006','Q_0f078b1d055e3736','Please tell us more',NULL,NULL,'2025-09-23 13:35:00','2026-02-13 03:09:41','2026-02-13 03:09:41'),(759,12,20,'userid_fb8b524c07e01','c18b9f2a-e2f5-477f-9',14,'UTSurveyType0006','Q_ad77dfaf113ba7a8','How satisfied are you with the battery life of the keyboard ?','4',4.00,'2025-09-23 13:35:00','2026-02-13 03:09:41','2026-02-13 03:09:41'),(760,12,20,'userid_fb8b524c07e01','c18b9f2a-e2f5-477f-9',14,'UTSurveyType0006','Q_08a83026b7b0749d','How satisfied are you with the charging of the keyboard ?','4',4.00,'2025-09-23 13:35:00','2026-02-13 03:09:41','2026-02-13 03:09:41'),(761,12,20,'userid_fb8b524c07e01','c18b9f2a-e2f5-477f-9',14,'UTSurveyType0006','Q_0f078b1d055e3736','Please tell us more',NULL,NULL,'2025-09-23 13:35:00','2026-02-13 03:09:41','2026-02-13 03:09:41'),(762,12,20,'userid_fb8b524c07e01','c18b9f2a-e2f5-477f-9',14,'UTSurveyType0006','Q_3818fe0ae092f1b6','How would you rate the backlit keys overall?','4',4.00,'2025-09-23 13:35:00','2026-02-13 03:09:41','2026-02-13 03:09:41'),(763,12,20,'userid_fb8b524c07e01','c18b9f2a-e2f5-477f-9',14,'UTSurveyType0006','Q_d0fd335936075623','How would you rate the brightness of the backlighting?','4',4.00,'2025-09-23 13:35:00','2026-02-13 03:09:41','2026-02-13 03:09:41'),(764,12,20,'userid_fb8b524c07e01','c18b9f2a-e2f5-477f-9',14,'UTSurveyType0006','Q_5d118267976b3797','Tell us more',NULL,NULL,'2025-09-23 13:35:00','2026-02-13 03:09:41','2026-02-13 03:09:41'),(765,12,20,'userid_fb8b524c07e01','c18b9f2a-e2f5-477f-9',14,'UTSurveyType0006','Q_6bb5008eb1542066','How often did you turn the backlit keys off?','I never turned the backlight off',NULL,'2025-09-23 13:35:00','2026-02-13 03:09:41','2026-02-13 03:09:41'),(766,12,20,'userid_fb8b524c07e01','c18b9f2a-e2f5-477f-9',14,'UTSurveyType0006','Q_0cec647b3dbe9ee3','What level (brightness) of backlighting did you choose?','My backlighting was at the mid-brightness setting',NULL,'2025-09-23 13:35:00','2026-02-13 03:09:41','2026-02-13 03:09:41'),(767,12,20,'userid_fb8b524c07e01','c18b9f2a-e2f5-477f-9',14,'UTSurveyType0006','Q_7fc40c8ecd98b168','How intuitive was it to change the backlight brightness? (1 = Very unintuitive)','4',4.00,'2025-09-23 13:35:00','2026-02-13 03:09:41','2026-02-13 03:09:41'),(768,12,20,'userid_fb8b524c07e01','c18b9f2a-e2f5-477f-9',14,'UTSurveyType0006','Q_4b4d5ae4d5ffb626','Can you tell us more?',NULL,NULL,'2025-09-23 13:35:00','2026-02-13 03:09:41','2026-02-13 03:09:41'),(769,12,20,'userid_fb8b524c07e01','c18b9f2a-e2f5-477f-9',14,'UTSurveyType0006','Q_32aa8dd2e7f94875','Can you rate the look of the keycaps?','5',5.00,'2025-09-23 13:35:00','2026-02-13 03:09:41','2026-02-13 03:09:41'),(770,12,20,'userid_fb8b524c07e01','c18b9f2a-e2f5-477f-9',14,'UTSurveyType0006','Q_a7b8b58f255317bf','Can you rate the feel of the keycaps?','5',5.00,'2025-09-23 13:35:00','2026-02-13 03:09:41','2026-02-13 03:09:41'),(771,12,20,'userid_fb8b524c07e01','c18b9f2a-e2f5-477f-9',14,'UTSurveyType0006','Q_e620d43d83722587','Can you elaborate?','I don’t see any particular functional hurdles.',NULL,'2025-09-23 13:35:00','2026-02-13 03:09:41','2026-02-13 03:09:41'),(772,12,20,'userid_fb8b524c07e01','c18b9f2a-e2f5-477f-9',14,'UTSurveyType0006','Q_52564b4f93bb450d','I would recommend this product to a friend.','10',10.00,'2025-09-23 13:35:00','2026-02-13 03:09:41','2026-02-13 03:09:41'),(773,12,20,'userid_fb8b524c07e01','c18b9f2a-e2f5-477f-9',14,'UTSurveyType0006','Q_e620d43d83722587','Can you elaborate?','I don’t see any particular functional hurdles.',NULL,'2025-09-23 13:35:00','2026-02-13 03:09:41','2026-02-13 03:09:41'),(774,12,20,'userid_fb8b524c07e01','c18b9f2a-e2f5-477f-9',14,'UTSurveyType0006','Q_8d9429894f670a3e','Taking into consideration any functional hurdles you\'ve come across with this device, do you believe it\'s ready for a market release?','Yes',NULL,'2025-09-23 13:35:00','2026-02-13 03:09:41','2026-02-13 03:09:41'),(775,12,20,'userid_fb8b524c07e01','c18b9f2a-e2f5-477f-9',14,'UTSurveyType0006','Q_e620d43d83722587','Can you elaborate?','I don’t see any particular functional hurdles.',NULL,'2025-09-23 13:35:00','2026-02-13 03:09:41','2026-02-13 03:09:41'),(776,12,20,'userid_fb8b524c07e01','c18b9f2a-e2f5-477f-9',14,'UTSurveyType0006','Q_54fdfe83950615c9','Please let us know any other comments you have about your experience with this device.',NULL,NULL,'2025-09-23 13:35:00','2026-02-13 03:09:41','2026-02-13 03:09:41'),(777,12,20,'userid_fb8b524c07e01','c18b9f2a-e2f5-477f-9',14,'UTSurveyType0006','Q_7144c9a9217c2254','What was your favorite thing about this product?','The keystroke feel and overall texture are outstanding.',NULL,'2025-09-23 13:35:00','2026-02-13 03:09:41','2026-02-13 03:09:41'),(778,12,20,'userid_fb8b524c07e01','c18b9f2a-e2f5-477f-9',14,'UTSurveyType0006','Q_ec4274a61b6ab8d5','What\'s one thing that you think we can still improve on this product?',NULL,NULL,'2025-09-23 13:35:00','2026-02-13 03:09:41','2026-02-13 03:09:41'),(779,12,20,'userid_fb8b524c07e01','c18b9f2a-e2f5-477f-9',14,'UTSurveyType0006','Q_0d1e464662a6ec23','Do you agree to be contacted for follow up questions from the internal teams?','I agree, I\'m willing to help!',NULL,'2025-09-23 13:35:00','2026-02-13 03:09:41','2026-02-13 03:09:41'),(780,12,21,'userid_fb8b528507e01','c18b9f2a-e2f5-477f-9',14,'UTSurveyType0006','Q_21eb497b66eb1a1a','What is your name?','Erin Lo',NULL,'2025-09-23 14:09:00','2026-02-13 03:09:44','2026-02-13 03:09:44'),(781,12,21,'userid_fb8b528507e01','c18b9f2a-e2f5-477f-9',14,'UTSurveyType0006','Q_6ca3809bc801ea0c','What gender do you identify with?','Female',NULL,'2025-09-23 14:09:00','2026-02-13 03:09:44','2026-02-13 03:09:44'),(782,12,21,'userid_fb8b528507e01','c18b9f2a-e2f5-477f-9',14,'UTSurveyType0006','Q_cca57fe036393e59','What is your age range?','41 - 50',NULL,'2025-09-23 14:09:00','2026-02-13 03:09:44','2026-02-13 03:09:44'),(783,12,21,'userid_fb8b528507e01','c18b9f2a-e2f5-477f-9',14,'UTSurveyType0006','Q_7bc5e7f6b5915a1e','Where are you from?','USA',NULL,'2025-09-23 14:09:00','2026-02-13 03:09:44','2026-02-13 03:09:44'),(784,12,21,'userid_fb8b528507e01','c18b9f2a-e2f5-477f-9',14,'UTSurveyType0006','Q_43daedac0a08cf8c','What OS are you using?','Windows',NULL,'2025-09-23 14:09:00','2026-02-13 03:09:44','2026-02-13 03:09:44'),(785,12,21,'userid_fb8b528507e01','c18b9f2a-e2f5-477f-9',14,'UTSurveyType0006','Q_fb99225770e4860f','Have you ever used a mechanical keyboard before?','Yes - I liked it',NULL,'2025-09-23 14:09:00','2026-02-13 03:09:44','2026-02-13 03:09:44'),(786,12,21,'userid_fb8b528507e01','c18b9f2a-e2f5-477f-9',14,'UTSurveyType0006','Q_912b7c9823702d30','How would you rate this product on a scale of 1 - 5?','5',5.00,'2025-09-23 14:09:00','2026-02-13 03:09:44','2026-02-13 03:09:44'),(787,12,21,'userid_fb8b528507e01','c18b9f2a-e2f5-477f-9',14,'UTSurveyType0006','Q_4f186aae6dfa147f','Briefly, can you tell us why you\'ve rated it this way.','The sleek aesthetic design that shows elegance. Comfort in typing and the feel of the mechanical keyboard.',NULL,'2025-09-23 14:09:00','2026-02-13 03:09:44','2026-02-13 03:09:44'),(788,12,21,'userid_fb8b528507e01','c18b9f2a-e2f5-477f-9',14,'UTSurveyType0006','Q_a9b70e9268acdf03','Overall how would you rate the software experience?','4',4.00,'2025-09-23 14:09:00','2026-02-13 03:09:44','2026-02-13 03:09:44'),(789,12,21,'userid_fb8b528507e01','c18b9f2a-e2f5-477f-9',14,'UTSurveyType0006','Q_44297eef83590efd','Can you share more?','I need to explore more about the software experience.',NULL,'2025-09-23 14:09:00','2026-02-13 03:09:44','2026-02-13 03:09:44'),(790,12,21,'userid_fb8b528507e01','c18b9f2a-e2f5-477f-9',14,'UTSurveyType0006','Q_939652c6f1af35de','How easy to follow was the onboarding for Fujian? (1 = Very difficult)','5',5.00,'2025-09-23 14:09:00','2026-02-13 03:09:44','2026-02-13 03:09:44'),(791,12,21,'userid_fb8b528507e01','c18b9f2a-e2f5-477f-9',14,'UTSurveyType0006','Q_654f809d7dae0168','Did you customize the Action keys?','No, but I knew I could',NULL,'2025-09-23 14:09:00','2026-02-13 03:09:44','2026-02-13 03:09:44'),(792,12,21,'userid_fb8b528507e01','c18b9f2a-e2f5-477f-9',14,'UTSurveyType0006','Q_4b4d5ae4d5ffb626','Can you tell us more?',NULL,NULL,'2025-09-23 14:09:00','2026-02-13 03:09:44','2026-02-13 03:09:44'),(793,12,21,'userid_fb8b528507e01','c18b9f2a-e2f5-477f-9',14,'UTSurveyType0006','Q_008c7d2b7f3a3d77','How would your rate the overall typing experience with this keyboard?','5',5.00,'2025-09-23 14:09:00','2026-02-13 03:09:44','2026-02-13 03:09:44'),(794,12,21,'userid_fb8b528507e01','c18b9f2a-e2f5-477f-9',14,'UTSurveyType0006','Q_866037fcddacafe6','How do you feel about the sound while typing?','4',4.00,'2025-09-23 14:09:00','2026-02-13 03:09:44','2026-02-13 03:09:44'),(795,12,21,'userid_fb8b528507e01','c18b9f2a-e2f5-477f-9',14,'UTSurveyType0006','Q_0f078b1d055e3736','Please tell us more','Battery life can be longer',NULL,'2025-09-23 14:09:00','2026-02-13 03:09:44','2026-02-13 03:09:44'),(796,12,21,'userid_fb8b528507e01','c18b9f2a-e2f5-477f-9',14,'UTSurveyType0006','Q_57c116fc87b3693b','This keyboard feels sturdy','5',5.00,'2025-09-23 14:09:00','2026-02-13 03:09:44','2026-02-13 03:09:44'),(797,12,21,'userid_fb8b528507e01','c18b9f2a-e2f5-477f-9',14,'UTSurveyType0006','Q_fe53237382c01c82','How did you feel about the keyboard legs? (1= Very poor)','5',5.00,'2025-09-23 14:09:00','2026-02-13 03:09:44','2026-02-13 03:09:44'),(798,12,21,'userid_fb8b528507e01','c18b9f2a-e2f5-477f-9',14,'UTSurveyType0006','Q_abcf1cc199f381e3','How secure did the USB dongle feel in the USB storage space on the back of the keyboard? (1 = Not very secure)','0',0.00,'2025-09-23 14:09:00','2026-02-13 03:09:44','2026-02-13 03:09:44'),(799,12,21,'userid_fb8b528507e01','c18b9f2a-e2f5-477f-9',14,'UTSurveyType0006','Q_0f078b1d055e3736','Please tell us more','Battery life can be longer',NULL,'2025-09-23 14:09:00','2026-02-13 03:09:44','2026-02-13 03:09:44'),(800,12,21,'userid_fb8b528507e01','c18b9f2a-e2f5-477f-9',14,'UTSurveyType0006','Q_ad77dfaf113ba7a8','How satisfied are you with the battery life of the keyboard ?','4',4.00,'2025-09-23 14:09:00','2026-02-13 03:09:44','2026-02-13 03:09:44'),(801,12,21,'userid_fb8b528507e01','c18b9f2a-e2f5-477f-9',14,'UTSurveyType0006','Q_08a83026b7b0749d','How satisfied are you with the charging of the keyboard ?','5',5.00,'2025-09-23 14:09:00','2026-02-13 03:09:44','2026-02-13 03:09:44'),(802,12,21,'userid_fb8b528507e01','c18b9f2a-e2f5-477f-9',14,'UTSurveyType0006','Q_0f078b1d055e3736','Please tell us more','Battery life can be longer',NULL,'2025-09-23 14:09:00','2026-02-13 03:09:44','2026-02-13 03:09:44'),(803,12,21,'userid_fb8b528507e01','c18b9f2a-e2f5-477f-9',14,'UTSurveyType0006','Q_3818fe0ae092f1b6','How would you rate the backlit keys overall?','5',5.00,'2025-09-23 14:09:00','2026-02-13 03:09:44','2026-02-13 03:09:44'),(804,12,21,'userid_fb8b528507e01','c18b9f2a-e2f5-477f-9',14,'UTSurveyType0006','Q_d0fd335936075623','How would you rate the brightness of the backlighting?','5',5.00,'2025-09-23 14:09:00','2026-02-13 03:09:44','2026-02-13 03:09:44'),(805,12,21,'userid_fb8b528507e01','c18b9f2a-e2f5-477f-9',14,'UTSurveyType0006','Q_5d118267976b3797','Tell us more',NULL,NULL,'2025-09-23 14:09:00','2026-02-13 03:09:44','2026-02-13 03:09:44'),(806,12,21,'userid_fb8b528507e01','c18b9f2a-e2f5-477f-9',14,'UTSurveyType0006','Q_6bb5008eb1542066','How often did you turn the backlit keys off?','I never turned the backlight off',NULL,'2025-09-23 14:09:00','2026-02-13 03:09:44','2026-02-13 03:09:44'),(807,12,21,'userid_fb8b528507e01','c18b9f2a-e2f5-477f-9',14,'UTSurveyType0006','Q_0cec647b3dbe9ee3','What level (brightness) of backlighting did you choose?','My backlighting was at the mid-brightness setting',NULL,'2025-09-23 14:09:00','2026-02-13 03:09:44','2026-02-13 03:09:44'),(808,12,21,'userid_fb8b528507e01','c18b9f2a-e2f5-477f-9',14,'UTSurveyType0006','Q_7fc40c8ecd98b168','How intuitive was it to change the backlight brightness? (1 = Very unintuitive)','3',3.00,'2025-09-23 14:09:00','2026-02-13 03:09:44','2026-02-13 03:09:44'),(809,12,21,'userid_fb8b528507e01','c18b9f2a-e2f5-477f-9',14,'UTSurveyType0006','Q_4b4d5ae4d5ffb626','Can you tell us more?',NULL,NULL,'2025-09-23 14:09:00','2026-02-13 03:09:44','2026-02-13 03:09:44'),(810,12,21,'userid_fb8b528507e01','c18b9f2a-e2f5-477f-9',14,'UTSurveyType0006','Q_32aa8dd2e7f94875','Can you rate the look of the keycaps?','5',5.00,'2025-09-23 14:09:00','2026-02-13 03:09:44','2026-02-13 03:09:44'),(811,12,21,'userid_fb8b528507e01','c18b9f2a-e2f5-477f-9',14,'UTSurveyType0006','Q_a7b8b58f255317bf','Can you rate the feel of the keycaps?','5',5.00,'2025-09-23 14:09:00','2026-02-13 03:09:44','2026-02-13 03:09:44'),(812,12,21,'userid_fb8b528507e01','c18b9f2a-e2f5-477f-9',14,'UTSurveyType0006','Q_e620d43d83722587','Can you elaborate?','it is ready but as I cannot find info online yet I wasn\'t fully aware of the software capabilities and the customized keys/light.  Very well made keyboard.',NULL,'2025-09-23 14:09:00','2026-02-13 03:09:44','2026-02-13 03:09:44'),(813,12,21,'userid_fb8b528507e01','c18b9f2a-e2f5-477f-9',14,'UTSurveyType0006','Q_52564b4f93bb450d','I would recommend this product to a friend.','10',10.00,'2025-09-23 14:09:00','2026-02-13 03:09:44','2026-02-13 03:09:44'),(814,12,21,'userid_fb8b528507e01','c18b9f2a-e2f5-477f-9',14,'UTSurveyType0006','Q_e620d43d83722587','Can you elaborate?','it is ready but as I cannot find info online yet I wasn\'t fully aware of the software capabilities and the customized keys/light.  Very well made keyboard.',NULL,'2025-09-23 14:09:00','2026-02-13 03:09:44','2026-02-13 03:09:44'),(815,12,21,'userid_fb8b528507e01','c18b9f2a-e2f5-477f-9',14,'UTSurveyType0006','Q_8d9429894f670a3e','Taking into consideration any functional hurdles you\'ve come across with this device, do you believe it\'s ready for a market release?','Yes',NULL,'2025-09-23 14:09:00','2026-02-13 03:09:44','2026-02-13 03:09:44'),(816,12,21,'userid_fb8b528507e01','c18b9f2a-e2f5-477f-9',14,'UTSurveyType0006','Q_e620d43d83722587','Can you elaborate?','it is ready but as I cannot find info online yet I wasn\'t fully aware of the software capabilities and the customized keys/light.  Very well made keyboard.',NULL,'2025-09-23 14:09:00','2026-02-13 03:09:44','2026-02-13 03:09:44'),(817,12,21,'userid_fb8b528507e01','c18b9f2a-e2f5-477f-9',14,'UTSurveyType0006','Q_54fdfe83950615c9','Please let us know any other comments you have about your experience with this device.',NULL,NULL,'2025-09-23 14:09:00','2026-02-13 03:09:44','2026-02-13 03:09:44'),(818,12,21,'userid_fb8b528507e01','c18b9f2a-e2f5-477f-9',14,'UTSurveyType0006','Q_7144c9a9217c2254','What was your favorite thing about this product?','lights',NULL,'2025-09-23 14:09:00','2026-02-13 03:09:44','2026-02-13 03:09:44'),(819,12,21,'userid_fb8b528507e01','c18b9f2a-e2f5-477f-9',14,'UTSurveyType0006','Q_ec4274a61b6ab8d5','What\'s one thing that you think we can still improve on this product?','ability to adjust the noise of the mechanical keyboard depending on the setting I am in (e.g. in conference calls without the need to mute the call audio)',NULL,'2025-09-23 14:09:00','2026-02-13 03:09:44','2026-02-13 03:09:44'),(820,12,21,'userid_fb8b528507e01','c18b9f2a-e2f5-477f-9',14,'UTSurveyType0006','Q_0d1e464662a6ec23','Do you agree to be contacted for follow up questions from the internal teams?','I agree, I\'m willing to help!',NULL,'2025-09-23 14:09:00','2026-02-13 03:09:44','2026-02-13 03:09:44'),(821,12,22,'userid_fb8b523107e01','c18b9f2a-e2f5-477f-9',14,'UTSurveyType0006','Q_21eb497b66eb1a1a','What is your name?','Alexander Kirov',NULL,'2025-09-24 06:45:00','2026-02-13 03:09:46','2026-02-13 03:09:46'),(822,12,22,'userid_fb8b523107e01','c18b9f2a-e2f5-477f-9',14,'UTSurveyType0006','Q_6ca3809bc801ea0c','What gender do you identify with?','Male',NULL,'2025-09-24 06:45:00','2026-02-13 03:09:46','2026-02-13 03:09:46'),(823,12,22,'userid_fb8b523107e01','c18b9f2a-e2f5-477f-9',14,'UTSurveyType0006','Q_cca57fe036393e59','What is your age range?','31 - 40',NULL,'2025-09-24 06:45:00','2026-02-13 03:09:46','2026-02-13 03:09:46'),(824,12,22,'userid_fb8b523107e01','c18b9f2a-e2f5-477f-9',14,'UTSurveyType0006','Q_7bc5e7f6b5915a1e','Where are you from?','USA',NULL,'2025-09-24 06:45:00','2026-02-13 03:09:46','2026-02-13 03:09:46'),(825,12,22,'userid_fb8b523107e01','c18b9f2a-e2f5-477f-9',14,'UTSurveyType0006','Q_43daedac0a08cf8c','What OS are you using?','MacOS',NULL,'2025-09-24 06:45:00','2026-02-13 03:09:46','2026-02-13 03:09:46'),(826,12,22,'userid_fb8b523107e01','c18b9f2a-e2f5-477f-9',14,'UTSurveyType0006','Q_fb99225770e4860f','Have you ever used a mechanical keyboard before?','Yes -  I didn\'t like it',NULL,'2025-09-24 06:45:00','2026-02-13 03:09:46','2026-02-13 03:09:46'),(827,12,22,'userid_fb8b523107e01','c18b9f2a-e2f5-477f-9',14,'UTSurveyType0006','Q_912b7c9823702d30','How would you rate this product on a scale of 1 - 5?','3',3.00,'2025-09-24 06:45:00','2026-02-13 03:09:46','2026-02-13 03:09:46'),(828,12,22,'userid_fb8b523107e01','c18b9f2a-e2f5-477f-9',14,'UTSurveyType0006','Q_4f186aae6dfa147f','Briefly, can you tell us why you\'ve rated it this way.',NULL,NULL,'2025-09-24 06:45:00','2026-02-13 03:09:46','2026-02-13 03:09:46'),(829,12,22,'userid_fb8b523107e01','c18b9f2a-e2f5-477f-9',14,'UTSurveyType0006','Q_a9b70e9268acdf03','Overall how would you rate the software experience?','4',4.00,'2025-09-24 06:45:00','2026-02-13 03:09:46','2026-02-13 03:09:46'),(830,12,22,'userid_fb8b523107e01','c18b9f2a-e2f5-477f-9',14,'UTSurveyType0006','Q_44297eef83590efd','Can you share more?',NULL,NULL,'2025-09-24 06:45:00','2026-02-13 03:09:46','2026-02-13 03:09:46'),(831,12,22,'userid_fb8b523107e01','c18b9f2a-e2f5-477f-9',14,'UTSurveyType0006','Q_939652c6f1af35de','How easy to follow was the onboarding for Fujian? (1 = Very difficult)','4',4.00,'2025-09-24 06:45:00','2026-02-13 03:09:46','2026-02-13 03:09:46'),(832,12,22,'userid_fb8b523107e01','c18b9f2a-e2f5-477f-9',14,'UTSurveyType0006','Q_654f809d7dae0168','Did you customize the Action keys?','No, I don\'t know what the action keys are',NULL,'2025-09-24 06:45:00','2026-02-13 03:09:46','2026-02-13 03:09:46'),(833,12,22,'userid_fb8b523107e01','c18b9f2a-e2f5-477f-9',14,'UTSurveyType0006','Q_4b4d5ae4d5ffb626','Can you tell us more?',NULL,NULL,'2025-09-24 06:45:00','2026-02-13 03:09:46','2026-02-13 03:09:46'),(834,12,22,'userid_fb8b523107e01','c18b9f2a-e2f5-477f-9',14,'UTSurveyType0006','Q_008c7d2b7f3a3d77','How would your rate the overall typing experience with this keyboard?','3',3.00,'2025-09-24 06:45:00','2026-02-13 03:09:46','2026-02-13 03:09:46'),(835,12,22,'userid_fb8b523107e01','c18b9f2a-e2f5-477f-9',14,'UTSurveyType0006','Q_866037fcddacafe6','How do you feel about the sound while typing?','4',4.00,'2025-09-24 06:45:00','2026-02-13 03:09:46','2026-02-13 03:09:46'),(836,12,22,'userid_fb8b523107e01','c18b9f2a-e2f5-477f-9',14,'UTSurveyType0006','Q_0f078b1d055e3736','Please tell us more',NULL,NULL,'2025-09-24 06:45:00','2026-02-13 03:09:46','2026-02-13 03:09:46'),(837,12,22,'userid_fb8b523107e01','c18b9f2a-e2f5-477f-9',14,'UTSurveyType0006','Q_57c116fc87b3693b','This keyboard feels sturdy','5',5.00,'2025-09-24 06:45:00','2026-02-13 03:09:46','2026-02-13 03:09:46'),(838,12,22,'userid_fb8b523107e01','c18b9f2a-e2f5-477f-9',14,'UTSurveyType0006','Q_fe53237382c01c82','How did you feel about the keyboard legs? (1= Very poor)','0',0.00,'2025-09-24 06:45:00','2026-02-13 03:09:46','2026-02-13 03:09:46'),(839,12,22,'userid_fb8b523107e01','c18b9f2a-e2f5-477f-9',14,'UTSurveyType0006','Q_abcf1cc199f381e3','How secure did the USB dongle feel in the USB storage space on the back of the keyboard? (1 = Not very secure)','0',0.00,'2025-09-24 06:45:00','2026-02-13 03:09:46','2026-02-13 03:09:46'),(840,12,22,'userid_fb8b523107e01','c18b9f2a-e2f5-477f-9',14,'UTSurveyType0006','Q_0f078b1d055e3736','Please tell us more',NULL,NULL,'2025-09-24 06:45:00','2026-02-13 03:09:46','2026-02-13 03:09:46'),(841,12,22,'userid_fb8b523107e01','c18b9f2a-e2f5-477f-9',14,'UTSurveyType0006','Q_ad77dfaf113ba7a8','How satisfied are you with the battery life of the keyboard ?','4',4.00,'2025-09-24 06:45:00','2026-02-13 03:09:46','2026-02-13 03:09:46'),(842,12,22,'userid_fb8b523107e01','c18b9f2a-e2f5-477f-9',14,'UTSurveyType0006','Q_08a83026b7b0749d','How satisfied are you with the charging of the keyboard ?','5',5.00,'2025-09-24 06:45:00','2026-02-13 03:09:46','2026-02-13 03:09:46'),(843,12,22,'userid_fb8b523107e01','c18b9f2a-e2f5-477f-9',14,'UTSurveyType0006','Q_0f078b1d055e3736','Please tell us more',NULL,NULL,'2025-09-24 06:45:00','2026-02-13 03:09:46','2026-02-13 03:09:46'),(844,12,22,'userid_fb8b523107e01','c18b9f2a-e2f5-477f-9',14,'UTSurveyType0006','Q_3818fe0ae092f1b6','How would you rate the backlit keys overall?','4',4.00,'2025-09-24 06:45:00','2026-02-13 03:09:46','2026-02-13 03:09:46'),(845,12,22,'userid_fb8b523107e01','c18b9f2a-e2f5-477f-9',14,'UTSurveyType0006','Q_d0fd335936075623','How would you rate the brightness of the backlighting?','4',4.00,'2025-09-24 06:45:00','2026-02-13 03:09:46','2026-02-13 03:09:46'),(846,12,22,'userid_fb8b523107e01','c18b9f2a-e2f5-477f-9',14,'UTSurveyType0006','Q_5d118267976b3797','Tell us more',NULL,NULL,'2025-09-24 06:45:00','2026-02-13 03:09:46','2026-02-13 03:09:46'),(847,12,22,'userid_fb8b523107e01','c18b9f2a-e2f5-477f-9',14,'UTSurveyType0006','Q_6bb5008eb1542066','How often did you turn the backlit keys off?','I always kept the backlight keys off',NULL,'2025-09-24 06:45:00','2026-02-13 03:09:46','2026-02-13 03:09:46'),(848,12,22,'userid_fb8b523107e01','c18b9f2a-e2f5-477f-9',14,'UTSurveyType0006','Q_0cec647b3dbe9ee3','What level (brightness) of backlighting did you choose?','My backlighting was off',NULL,'2025-09-24 06:45:00','2026-02-13 03:09:46','2026-02-13 03:09:46'),(849,12,22,'userid_fb8b523107e01','c18b9f2a-e2f5-477f-9',14,'UTSurveyType0006','Q_7fc40c8ecd98b168','How intuitive was it to change the backlight brightness? (1 = Very unintuitive)','0',0.00,'2025-09-24 06:45:00','2026-02-13 03:09:46','2026-02-13 03:09:46'),(850,12,22,'userid_fb8b523107e01','c18b9f2a-e2f5-477f-9',14,'UTSurveyType0006','Q_4b4d5ae4d5ffb626','Can you tell us more?',NULL,NULL,'2025-09-24 06:45:00','2026-02-13 03:09:46','2026-02-13 03:09:46'),(851,12,22,'userid_fb8b523107e01','c18b9f2a-e2f5-477f-9',14,'UTSurveyType0006','Q_32aa8dd2e7f94875','Can you rate the look of the keycaps?','4',4.00,'2025-09-24 06:45:00','2026-02-13 03:09:46','2026-02-13 03:09:46'),(852,12,22,'userid_fb8b523107e01','c18b9f2a-e2f5-477f-9',14,'UTSurveyType0006','Q_a7b8b58f255317bf','Can you rate the feel of the keycaps?','4',4.00,'2025-09-24 06:45:00','2026-02-13 03:09:46','2026-02-13 03:09:46'),(853,12,22,'userid_fb8b523107e01','c18b9f2a-e2f5-477f-9',14,'UTSurveyType0006','Q_e620d43d83722587','Can you elaborate?','Good overall, still can\'t use mechanical after MX Keys.',NULL,'2025-09-24 06:45:00','2026-02-13 03:09:46','2026-02-13 03:09:46'),(854,12,22,'userid_fb8b523107e01','c18b9f2a-e2f5-477f-9',14,'UTSurveyType0006','Q_52564b4f93bb450d','I would recommend this product to a friend.','5',5.00,'2025-09-24 06:45:00','2026-02-13 03:09:46','2026-02-13 03:09:46'),(855,12,22,'userid_fb8b523107e01','c18b9f2a-e2f5-477f-9',14,'UTSurveyType0006','Q_e620d43d83722587','Can you elaborate?','Good overall, still can\'t use mechanical after MX Keys.',NULL,'2025-09-24 06:45:00','2026-02-13 03:09:46','2026-02-13 03:09:46'),(856,12,22,'userid_fb8b523107e01','c18b9f2a-e2f5-477f-9',14,'UTSurveyType0006','Q_8d9429894f670a3e','Taking into consideration any functional hurdles you\'ve come across with this device, do you believe it\'s ready for a market release?','Yes',NULL,'2025-09-24 06:45:00','2026-02-13 03:09:46','2026-02-13 03:09:46'),(857,12,22,'userid_fb8b523107e01','c18b9f2a-e2f5-477f-9',14,'UTSurveyType0006','Q_e620d43d83722587','Can you elaborate?','Good overall, still can\'t use mechanical after MX Keys.',NULL,'2025-09-24 06:45:00','2026-02-13 03:09:46','2026-02-13 03:09:46'),(858,12,22,'userid_fb8b523107e01','c18b9f2a-e2f5-477f-9',14,'UTSurveyType0006','Q_54fdfe83950615c9','Please let us know any other comments you have about your experience with this device.',NULL,NULL,'2025-09-24 06:45:00','2026-02-13 03:09:46','2026-02-13 03:09:46'),(859,12,22,'userid_fb8b523107e01','c18b9f2a-e2f5-477f-9',14,'UTSurveyType0006','Q_7144c9a9217c2254','What was your favorite thing about this product?',NULL,NULL,'2025-09-24 06:45:00','2026-02-13 03:09:46','2026-02-13 03:09:46'),(860,12,22,'userid_fb8b523107e01','c18b9f2a-e2f5-477f-9',14,'UTSurveyType0006','Q_ec4274a61b6ab8d5','What\'s one thing that you think we can still improve on this product?',NULL,NULL,'2025-09-24 06:45:00','2026-02-13 03:09:46','2026-02-13 03:09:46'),(861,12,22,'userid_fb8b523107e01','c18b9f2a-e2f5-477f-9',14,'UTSurveyType0006','Q_0d1e464662a6ec23','Do you agree to be contacted for follow up questions from the internal teams?','I  disagree, please don\'t contact me.',NULL,'2025-09-24 06:45:00','2026-02-13 03:09:46','2026-02-13 03:09:46'),(862,12,23,'userid_fb8b521707e01','c18b9f2a-e2f5-477f-9',14,'UTSurveyType0006','Q_21eb497b66eb1a1a','What is your name?','Yasumasa Kuzuu',NULL,'2025-09-24 08:01:00','2026-02-13 03:09:49','2026-02-13 03:09:49'),(863,12,23,'userid_fb8b521707e01','c18b9f2a-e2f5-477f-9',14,'UTSurveyType0006','Q_6ca3809bc801ea0c','What gender do you identify with?','Male',NULL,'2025-09-24 08:01:00','2026-02-13 03:09:49','2026-02-13 03:09:49'),(864,12,23,'userid_fb8b521707e01','c18b9f2a-e2f5-477f-9',14,'UTSurveyType0006','Q_cca57fe036393e59','What is your age range?','51 - 60',NULL,'2025-09-24 08:01:00','2026-02-13 03:09:49','2026-02-13 03:09:49'),(865,12,23,'userid_fb8b521707e01','c18b9f2a-e2f5-477f-9',14,'UTSurveyType0006','Q_7bc5e7f6b5915a1e','Where are you from?','Japan',NULL,'2025-09-24 08:01:00','2026-02-13 03:09:49','2026-02-13 03:09:49'),(866,12,23,'userid_fb8b521707e01','c18b9f2a-e2f5-477f-9',14,'UTSurveyType0006','Q_43daedac0a08cf8c','What OS are you using?','Windows',NULL,'2025-09-24 08:01:00','2026-02-13 03:09:49','2026-02-13 03:09:49'),(867,12,23,'userid_fb8b521707e01','c18b9f2a-e2f5-477f-9',14,'UTSurveyType0006','Q_fb99225770e4860f','Have you ever used a mechanical keyboard before?','Yes - I liked it',NULL,'2025-09-24 08:01:00','2026-02-13 03:09:49','2026-02-13 03:09:49'),(868,12,23,'userid_fb8b521707e01','c18b9f2a-e2f5-477f-9',14,'UTSurveyType0006','Q_912b7c9823702d30','How would you rate this product on a scale of 1 - 5?','4',4.00,'2025-09-24 08:01:00','2026-02-13 03:09:49','2026-02-13 03:09:49'),(869,12,23,'userid_fb8b521707e01','c18b9f2a-e2f5-477f-9',14,'UTSurveyType0006','Q_4f186aae6dfa147f','Briefly, can you tell us why you\'ve rated it this way.','The feel and texture of the keys are very good. I guess it\'s unavoidable since it\'s a compact full-sized keyboard, but the arrow keys are hard to press. (I\'m currently using a full-size mechanical keyboard.)',NULL,'2025-09-24 08:01:00','2026-02-13 03:09:49','2026-02-13 03:09:49'),(870,12,23,'userid_fb8b521707e01','c18b9f2a-e2f5-477f-9',14,'UTSurveyType0006','Q_a9b70e9268acdf03','Overall how would you rate the software experience?','3',3.00,'2025-09-24 08:01:00','2026-02-13 03:09:49','2026-02-13 03:09:49'),(871,12,23,'userid_fb8b521707e01','c18b9f2a-e2f5-477f-9',14,'UTSurveyType0006','Q_44297eef83590efd','Can you share more?',NULL,NULL,'2025-09-24 08:01:00','2026-02-13 03:09:49','2026-02-13 03:09:49'),(872,12,23,'userid_fb8b521707e01','c18b9f2a-e2f5-477f-9',14,'UTSurveyType0006','Q_939652c6f1af35de','How easy to follow was the onboarding for Fujian? (1 = Very difficult)','0',0.00,'2025-09-24 08:01:00','2026-02-13 03:09:49','2026-02-13 03:09:49'),(873,12,23,'userid_fb8b521707e01','c18b9f2a-e2f5-477f-9',14,'UTSurveyType0006','Q_654f809d7dae0168','Did you customize the Action keys?','No, but I knew I could',NULL,'2025-09-24 08:01:00','2026-02-13 03:09:49','2026-02-13 03:09:49'),(874,12,23,'userid_fb8b521707e01','c18b9f2a-e2f5-477f-9',14,'UTSurveyType0006','Q_4b4d5ae4d5ffb626','Can you tell us more?',NULL,NULL,'2025-09-24 08:01:00','2026-02-13 03:09:49','2026-02-13 03:09:49'),(875,12,23,'userid_fb8b521707e01','c18b9f2a-e2f5-477f-9',14,'UTSurveyType0006','Q_008c7d2b7f3a3d77','How would your rate the overall typing experience with this keyboard?','5',5.00,'2025-09-24 08:01:00','2026-02-13 03:09:49','2026-02-13 03:09:49'),(876,12,23,'userid_fb8b521707e01','c18b9f2a-e2f5-477f-9',14,'UTSurveyType0006','Q_866037fcddacafe6','How do you feel about the sound while typing?','2',2.00,'2025-09-24 08:01:00','2026-02-13 03:09:49','2026-02-13 03:09:49'),(877,12,23,'userid_fb8b521707e01','c18b9f2a-e2f5-477f-9',14,'UTSurveyType0006','Q_0f078b1d055e3736','Please tell us more',NULL,NULL,'2025-09-24 08:01:00','2026-02-13 03:09:49','2026-02-13 03:09:49'),(878,12,23,'userid_fb8b521707e01','c18b9f2a-e2f5-477f-9',14,'UTSurveyType0006','Q_57c116fc87b3693b','This keyboard feels sturdy','3',3.00,'2025-09-24 08:01:00','2026-02-13 03:09:49','2026-02-13 03:09:49'),(879,12,23,'userid_fb8b521707e01','c18b9f2a-e2f5-477f-9',14,'UTSurveyType0006','Q_fe53237382c01c82','How did you feel about the keyboard legs? (1= Very poor)','3',3.00,'2025-09-24 08:01:00','2026-02-13 03:09:49','2026-02-13 03:09:49'),(880,12,23,'userid_fb8b521707e01','c18b9f2a-e2f5-477f-9',14,'UTSurveyType0006','Q_abcf1cc199f381e3','How secure did the USB dongle feel in the USB storage space on the back of the keyboard? (1 = Not very secure)','4',4.00,'2025-09-24 08:01:00','2026-02-13 03:09:49','2026-02-13 03:09:49'),(881,12,23,'userid_fb8b521707e01','c18b9f2a-e2f5-477f-9',14,'UTSurveyType0006','Q_0f078b1d055e3736','Please tell us more',NULL,NULL,'2025-09-24 08:01:00','2026-02-13 03:09:49','2026-02-13 03:09:49'),(882,12,23,'userid_fb8b521707e01','c18b9f2a-e2f5-477f-9',14,'UTSurveyType0006','Q_ad77dfaf113ba7a8','How satisfied are you with the battery life of the keyboard ?','5',5.00,'2025-09-24 08:01:00','2026-02-13 03:09:49','2026-02-13 03:09:49'),(883,12,23,'userid_fb8b521707e01','c18b9f2a-e2f5-477f-9',14,'UTSurveyType0006','Q_08a83026b7b0749d','How satisfied are you with the charging of the keyboard ?','5',5.00,'2025-09-24 08:01:00','2026-02-13 03:09:49','2026-02-13 03:09:49'),(884,12,23,'userid_fb8b521707e01','c18b9f2a-e2f5-477f-9',14,'UTSurveyType0006','Q_0f078b1d055e3736','Please tell us more',NULL,NULL,'2025-09-24 08:01:00','2026-02-13 03:09:49','2026-02-13 03:09:49'),(885,12,23,'userid_fb8b521707e01','c18b9f2a-e2f5-477f-9',14,'UTSurveyType0006','Q_3818fe0ae092f1b6','How would you rate the backlit keys overall?','5',5.00,'2025-09-24 08:01:00','2026-02-13 03:09:49','2026-02-13 03:09:49'),(886,12,23,'userid_fb8b521707e01','c18b9f2a-e2f5-477f-9',14,'UTSurveyType0006','Q_d0fd335936075623','How would you rate the brightness of the backlighting?','4',4.00,'2025-09-24 08:01:00','2026-02-13 03:09:49','2026-02-13 03:09:49'),(887,12,23,'userid_fb8b521707e01','c18b9f2a-e2f5-477f-9',14,'UTSurveyType0006','Q_5d118267976b3797','Tell us more',NULL,NULL,'2025-09-24 08:01:00','2026-02-13 03:09:49','2026-02-13 03:09:49'),(888,12,23,'userid_fb8b521707e01','c18b9f2a-e2f5-477f-9',14,'UTSurveyType0006','Q_6bb5008eb1542066','How often did you turn the backlit keys off?','I never turned the backlight off',NULL,'2025-09-24 08:01:00','2026-02-13 03:09:49','2026-02-13 03:09:49'),(889,12,23,'userid_fb8b521707e01','c18b9f2a-e2f5-477f-9',14,'UTSurveyType0006','Q_0cec647b3dbe9ee3','What level (brightness) of backlighting did you choose?','My backlighting was at the mid-brightness setting',NULL,'2025-09-24 08:01:00','2026-02-13 03:09:49','2026-02-13 03:09:49'),(890,12,23,'userid_fb8b521707e01','c18b9f2a-e2f5-477f-9',14,'UTSurveyType0006','Q_7fc40c8ecd98b168','How intuitive was it to change the backlight brightness? (1 = Very unintuitive)','3',3.00,'2025-09-24 08:01:00','2026-02-13 03:09:49','2026-02-13 03:09:49'),(891,12,23,'userid_fb8b521707e01','c18b9f2a-e2f5-477f-9',14,'UTSurveyType0006','Q_4b4d5ae4d5ffb626','Can you tell us more?',NULL,NULL,'2025-09-24 08:01:00','2026-02-13 03:09:49','2026-02-13 03:09:49'),(892,12,23,'userid_fb8b521707e01','c18b9f2a-e2f5-477f-9',14,'UTSurveyType0006','Q_32aa8dd2e7f94875','Can you rate the look of the keycaps?','4',4.00,'2025-09-24 08:01:00','2026-02-13 03:09:49','2026-02-13 03:09:49'),(893,12,23,'userid_fb8b521707e01','c18b9f2a-e2f5-477f-9',14,'UTSurveyType0006','Q_a7b8b58f255317bf','Can you rate the feel of the keycaps?','4',4.00,'2025-09-24 08:01:00','2026-02-13 03:09:49','2026-02-13 03:09:49'),(894,12,23,'userid_fb8b521707e01','c18b9f2a-e2f5-477f-9',14,'UTSurveyType0006','Q_e620d43d83722587','Can you elaborate?','It\'s just a matter of getting used to it, but once you get used to it, it\'s easy to use.',NULL,'2025-09-24 08:01:00','2026-02-13 03:09:49','2026-02-13 03:09:49'),(895,12,23,'userid_fb8b521707e01','c18b9f2a-e2f5-477f-9',14,'UTSurveyType0006','Q_52564b4f93bb450d','I would recommend this product to a friend.','7',7.00,'2025-09-24 08:01:00','2026-02-13 03:09:49','2026-02-13 03:09:49'),(896,12,23,'userid_fb8b521707e01','c18b9f2a-e2f5-477f-9',14,'UTSurveyType0006','Q_e620d43d83722587','Can you elaborate?','It\'s just a matter of getting used to it, but once you get used to it, it\'s easy to use.',NULL,'2025-09-24 08:01:00','2026-02-13 03:09:49','2026-02-13 03:09:49'),(897,12,23,'userid_fb8b521707e01','c18b9f2a-e2f5-477f-9',14,'UTSurveyType0006','Q_8d9429894f670a3e','Taking into consideration any functional hurdles you\'ve come across with this device, do you believe it\'s ready for a market release?','Yes',NULL,'2025-09-24 08:01:00','2026-02-13 03:09:49','2026-02-13 03:09:49'),(898,12,23,'userid_fb8b521707e01','c18b9f2a-e2f5-477f-9',14,'UTSurveyType0006','Q_e620d43d83722587','Can you elaborate?','It\'s just a matter of getting used to it, but once you get used to it, it\'s easy to use.',NULL,'2025-09-24 08:01:00','2026-02-13 03:09:49','2026-02-13 03:09:49'),(899,12,23,'userid_fb8b521707e01','c18b9f2a-e2f5-477f-9',14,'UTSurveyType0006','Q_54fdfe83950615c9','Please let us know any other comments you have about your experience with this device.',NULL,NULL,'2025-09-24 08:01:00','2026-02-13 03:09:49','2026-02-13 03:09:49'),(900,12,23,'userid_fb8b521707e01','c18b9f2a-e2f5-477f-9',14,'UTSurveyType0006','Q_7144c9a9217c2254','What was your favorite thing about this product?','design',NULL,'2025-09-24 08:01:00','2026-02-13 03:09:49','2026-02-13 03:09:49'),(901,12,23,'userid_fb8b521707e01','c18b9f2a-e2f5-477f-9',14,'UTSurveyType0006','Q_ec4274a61b6ab8d5','What\'s one thing that you think we can still improve on this product?',NULL,NULL,'2025-09-24 08:01:00','2026-02-13 03:09:49','2026-02-13 03:09:49'),(902,12,23,'userid_fb8b521707e01','c18b9f2a-e2f5-477f-9',14,'UTSurveyType0006','Q_0d1e464662a6ec23','Do you agree to be contacted for follow up questions from the internal teams?','I agree, I\'m willing to help!',NULL,'2025-09-24 08:01:00','2026-02-13 03:09:49','2026-02-13 03:09:49'),(903,12,24,'userid_fb8b52ba07e01','c18b9f2a-e2f5-477f-9',14,'UTSurveyType0006','Q_21eb497b66eb1a1a','What is your name?','Masaharu Fujiuchi',NULL,'2025-09-24 09:01:00','2026-02-13 03:09:52','2026-02-13 03:09:52'),(904,12,24,'userid_fb8b52ba07e01','c18b9f2a-e2f5-477f-9',14,'UTSurveyType0006','Q_6ca3809bc801ea0c','What gender do you identify with?','Male',NULL,'2025-09-24 09:01:00','2026-02-13 03:09:52','2026-02-13 03:09:52'),(905,12,24,'userid_fb8b52ba07e01','c18b9f2a-e2f5-477f-9',14,'UTSurveyType0006','Q_cca57fe036393e59','What is your age range?','51 - 60',NULL,'2025-09-24 09:01:00','2026-02-13 03:09:52','2026-02-13 03:09:52'),(906,12,24,'userid_fb8b52ba07e01','c18b9f2a-e2f5-477f-9',14,'UTSurveyType0006','Q_7bc5e7f6b5915a1e','Where are you from?','Japan',NULL,'2025-09-24 09:01:00','2026-02-13 03:09:52','2026-02-13 03:09:52'),(907,12,24,'userid_fb8b52ba07e01','c18b9f2a-e2f5-477f-9',14,'UTSurveyType0006','Q_43daedac0a08cf8c','What OS are you using?','Windows',NULL,'2025-09-24 09:01:00','2026-02-13 03:09:52','2026-02-13 03:09:52'),(908,12,24,'userid_fb8b52ba07e01','c18b9f2a-e2f5-477f-9',14,'UTSurveyType0006','Q_fb99225770e4860f','Have you ever used a mechanical keyboard before?','Yes - I liked it',NULL,'2025-09-24 09:01:00','2026-02-13 03:09:52','2026-02-13 03:09:52'),(909,12,24,'userid_fb8b52ba07e01','c18b9f2a-e2f5-477f-9',14,'UTSurveyType0006','Q_912b7c9823702d30','How would you rate this product on a scale of 1 - 5?','4',4.00,'2025-09-24 09:01:00','2026-02-13 03:09:52','2026-02-13 03:09:52'),(910,12,24,'userid_fb8b52ba07e01','c18b9f2a-e2f5-477f-9',14,'UTSurveyType0006','Q_4f186aae6dfa147f','Briefly, can you tell us why you\'ve rated it this way.','Nice key touch',NULL,'2025-09-24 09:01:00','2026-02-13 03:09:52','2026-02-13 03:09:52'),(911,12,24,'userid_fb8b52ba07e01','c18b9f2a-e2f5-477f-9',14,'UTSurveyType0006','Q_a9b70e9268acdf03','Overall how would you rate the software experience?','3',3.00,'2025-09-24 09:01:00','2026-02-13 03:09:52','2026-02-13 03:09:52'),(912,12,24,'userid_fb8b52ba07e01','c18b9f2a-e2f5-477f-9',14,'UTSurveyType0006','Q_44297eef83590efd','Can you share more?','some key not record function',NULL,'2025-09-24 09:01:00','2026-02-13 03:09:52','2026-02-13 03:09:52'),(913,12,24,'userid_fb8b52ba07e01','c18b9f2a-e2f5-477f-9',14,'UTSurveyType0006','Q_939652c6f1af35de','How easy to follow was the onboarding for Fujian? (1 = Very difficult)','4',4.00,'2025-09-24 09:01:00','2026-02-13 03:09:52','2026-02-13 03:09:52'),(914,12,24,'userid_fb8b52ba07e01','c18b9f2a-e2f5-477f-9',14,'UTSurveyType0006','Q_654f809d7dae0168','Did you customize the Action keys?','No, but I knew I could',NULL,'2025-09-24 09:01:00','2026-02-13 03:09:52','2026-02-13 03:09:52'),(915,12,24,'userid_fb8b52ba07e01','c18b9f2a-e2f5-477f-9',14,'UTSurveyType0006','Q_4b4d5ae4d5ffb626','Can you tell us more?',NULL,NULL,'2025-09-24 09:01:00','2026-02-13 03:09:52','2026-02-13 03:09:52'),(916,12,24,'userid_fb8b52ba07e01','c18b9f2a-e2f5-477f-9',14,'UTSurveyType0006','Q_008c7d2b7f3a3d77','How would your rate the overall typing experience with this keyboard?','4',4.00,'2025-09-24 09:01:00','2026-02-13 03:09:52','2026-02-13 03:09:52'),(917,12,24,'userid_fb8b52ba07e01','c18b9f2a-e2f5-477f-9',14,'UTSurveyType0006','Q_866037fcddacafe6','How do you feel about the sound while typing?','5',5.00,'2025-09-24 09:01:00','2026-02-13 03:09:52','2026-02-13 03:09:52'),(918,12,24,'userid_fb8b52ba07e01','c18b9f2a-e2f5-477f-9',14,'UTSurveyType0006','Q_0f078b1d055e3736','Please tell us more',NULL,NULL,'2025-09-24 09:01:00','2026-02-13 03:09:52','2026-02-13 03:09:52'),(919,12,24,'userid_fb8b52ba07e01','c18b9f2a-e2f5-477f-9',14,'UTSurveyType0006','Q_57c116fc87b3693b','This keyboard feels sturdy','5',5.00,'2025-09-24 09:01:00','2026-02-13 03:09:52','2026-02-13 03:09:52'),(920,12,24,'userid_fb8b52ba07e01','c18b9f2a-e2f5-477f-9',14,'UTSurveyType0006','Q_fe53237382c01c82','How did you feel about the keyboard legs? (1= Very poor)','5',5.00,'2025-09-24 09:01:00','2026-02-13 03:09:52','2026-02-13 03:09:52'),(921,12,24,'userid_fb8b52ba07e01','c18b9f2a-e2f5-477f-9',14,'UTSurveyType0006','Q_abcf1cc199f381e3','How secure did the USB dongle feel in the USB storage space on the back of the keyboard? (1 = Not very secure)','4',4.00,'2025-09-24 09:01:00','2026-02-13 03:09:52','2026-02-13 03:09:52'),(922,12,24,'userid_fb8b52ba07e01','c18b9f2a-e2f5-477f-9',14,'UTSurveyType0006','Q_0f078b1d055e3736','Please tell us more',NULL,NULL,'2025-09-24 09:01:00','2026-02-13 03:09:52','2026-02-13 03:09:52'),(923,12,24,'userid_fb8b52ba07e01','c18b9f2a-e2f5-477f-9',14,'UTSurveyType0006','Q_ad77dfaf113ba7a8','How satisfied are you with the battery life of the keyboard ?','4',4.00,'2025-09-24 09:01:00','2026-02-13 03:09:52','2026-02-13 03:09:52'),(924,12,24,'userid_fb8b52ba07e01','c18b9f2a-e2f5-477f-9',14,'UTSurveyType0006','Q_08a83026b7b0749d','How satisfied are you with the charging of the keyboard ?','4',4.00,'2025-09-24 09:01:00','2026-02-13 03:09:52','2026-02-13 03:09:52'),(925,12,24,'userid_fb8b52ba07e01','c18b9f2a-e2f5-477f-9',14,'UTSurveyType0006','Q_0f078b1d055e3736','Please tell us more',NULL,NULL,'2025-09-24 09:01:00','2026-02-13 03:09:52','2026-02-13 03:09:52'),(926,12,24,'userid_fb8b52ba07e01','c18b9f2a-e2f5-477f-9',14,'UTSurveyType0006','Q_3818fe0ae092f1b6','How would you rate the backlit keys overall?','5',5.00,'2025-09-24 09:01:00','2026-02-13 03:09:52','2026-02-13 03:09:52'),(927,12,24,'userid_fb8b52ba07e01','c18b9f2a-e2f5-477f-9',14,'UTSurveyType0006','Q_d0fd335936075623','How would you rate the brightness of the backlighting?','4',4.00,'2025-09-24 09:01:00','2026-02-13 03:09:52','2026-02-13 03:09:52'),(928,12,24,'userid_fb8b52ba07e01','c18b9f2a-e2f5-477f-9',14,'UTSurveyType0006','Q_5d118267976b3797','Tell us more',NULL,NULL,'2025-09-24 09:01:00','2026-02-13 03:09:52','2026-02-13 03:09:52'),(929,12,24,'userid_fb8b52ba07e01','c18b9f2a-e2f5-477f-9',14,'UTSurveyType0006','Q_6bb5008eb1542066','How often did you turn the backlit keys off?','I never turned the backlight off',NULL,'2025-09-24 09:01:00','2026-02-13 03:09:52','2026-02-13 03:09:52'),(930,12,24,'userid_fb8b52ba07e01','c18b9f2a-e2f5-477f-9',14,'UTSurveyType0006','Q_0cec647b3dbe9ee3','What level (brightness) of backlighting did you choose?','My backlighting was at the brightest setting',NULL,'2025-09-24 09:01:00','2026-02-13 03:09:52','2026-02-13 03:09:52'),(931,12,24,'userid_fb8b52ba07e01','c18b9f2a-e2f5-477f-9',14,'UTSurveyType0006','Q_7fc40c8ecd98b168','How intuitive was it to change the backlight brightness? (1 = Very unintuitive)','4',4.00,'2025-09-24 09:01:00','2026-02-13 03:09:52','2026-02-13 03:09:52'),(932,12,24,'userid_fb8b52ba07e01','c18b9f2a-e2f5-477f-9',14,'UTSurveyType0006','Q_4b4d5ae4d5ffb626','Can you tell us more?',NULL,NULL,'2025-09-24 09:01:00','2026-02-13 03:09:52','2026-02-13 03:09:52'),(933,12,24,'userid_fb8b52ba07e01','c18b9f2a-e2f5-477f-9',14,'UTSurveyType0006','Q_32aa8dd2e7f94875','Can you rate the look of the keycaps?','3',3.00,'2025-09-24 09:01:00','2026-02-13 03:09:52','2026-02-13 03:09:52'),(934,12,24,'userid_fb8b52ba07e01','c18b9f2a-e2f5-477f-9',14,'UTSurveyType0006','Q_a7b8b58f255317bf','Can you rate the feel of the keycaps?','3',3.00,'2025-09-24 09:01:00','2026-02-13 03:09:52','2026-02-13 03:09:52'),(935,12,24,'userid_fb8b52ba07e01','c18b9f2a-e2f5-477f-9',14,'UTSurveyType0006','Q_e620d43d83722587','Can you elaborate?','Yes',NULL,'2025-09-24 09:01:00','2026-02-13 03:09:52','2026-02-13 03:09:52'),(936,12,24,'userid_fb8b52ba07e01','c18b9f2a-e2f5-477f-9',14,'UTSurveyType0006','Q_52564b4f93bb450d','I would recommend this product to a friend.','9',9.00,'2025-09-24 09:01:00','2026-02-13 03:09:52','2026-02-13 03:09:52'),(937,12,24,'userid_fb8b52ba07e01','c18b9f2a-e2f5-477f-9',14,'UTSurveyType0006','Q_e620d43d83722587','Can you elaborate?','Yes',NULL,'2025-09-24 09:01:00','2026-02-13 03:09:52','2026-02-13 03:09:52'),(938,12,24,'userid_fb8b52ba07e01','c18b9f2a-e2f5-477f-9',14,'UTSurveyType0006','Q_8d9429894f670a3e','Taking into consideration any functional hurdles you\'ve come across with this device, do you believe it\'s ready for a market release?','Yes',NULL,'2025-09-24 09:01:00','2026-02-13 03:09:52','2026-02-13 03:09:52'),(939,12,24,'userid_fb8b52ba07e01','c18b9f2a-e2f5-477f-9',14,'UTSurveyType0006','Q_e620d43d83722587','Can you elaborate?','Yes',NULL,'2025-09-24 09:01:00','2026-02-13 03:09:52','2026-02-13 03:09:52'),(940,12,24,'userid_fb8b52ba07e01','c18b9f2a-e2f5-477f-9',14,'UTSurveyType0006','Q_54fdfe83950615c9','Please let us know any other comments you have about your experience with this device.',NULL,NULL,'2025-09-24 09:01:00','2026-02-13 03:09:52','2026-02-13 03:09:52'),(941,12,24,'userid_fb8b52ba07e01','c18b9f2a-e2f5-477f-9',14,'UTSurveyType0006','Q_7144c9a9217c2254','What was your favorite thing about this product?','Key touch',NULL,'2025-09-24 09:01:00','2026-02-13 03:09:52','2026-02-13 03:09:52'),(942,12,24,'userid_fb8b52ba07e01','c18b9f2a-e2f5-477f-9',14,'UTSurveyType0006','Q_ec4274a61b6ab8d5','What\'s one thing that you think we can still improve on this product?','I think adding a trackpoint would be even better.',NULL,'2025-09-24 09:01:00','2026-02-13 03:09:52','2026-02-13 03:09:52'),(943,12,24,'userid_fb8b52ba07e01','c18b9f2a-e2f5-477f-9',14,'UTSurveyType0006','Q_0d1e464662a6ec23','Do you agree to be contacted for follow up questions from the internal teams?','I agree, I\'m willing to help!',NULL,'2025-09-24 09:01:00','2026-02-13 03:09:52','2026-02-13 03:09:52'),(944,12,25,'userid_fb8b532707e01','c18b9f2a-e2f5-477f-9',14,'UTSurveyType0006','Q_21eb497b66eb1a1a','What is your name?','Yusuke Baba',NULL,'2025-09-24 14:29:00','2026-02-13 03:09:55','2026-02-13 03:09:55'),(945,12,25,'userid_fb8b532707e01','c18b9f2a-e2f5-477f-9',14,'UTSurveyType0006','Q_6ca3809bc801ea0c','What gender do you identify with?','Male',NULL,'2025-09-24 14:29:00','2026-02-13 03:09:55','2026-02-13 03:09:55'),(946,12,25,'userid_fb8b532707e01','c18b9f2a-e2f5-477f-9',14,'UTSurveyType0006','Q_cca57fe036393e59','What is your age range?','41 - 50',NULL,'2025-09-24 14:29:00','2026-02-13 03:09:55','2026-02-13 03:09:55'),(947,12,25,'userid_fb8b532707e01','c18b9f2a-e2f5-477f-9',14,'UTSurveyType0006','Q_7bc5e7f6b5915a1e','Where are you from?','Japan',NULL,'2025-09-24 14:29:00','2026-02-13 03:09:55','2026-02-13 03:09:55'),(948,12,25,'userid_fb8b532707e01','c18b9f2a-e2f5-477f-9',14,'UTSurveyType0006','Q_43daedac0a08cf8c','What OS are you using?','Windows',NULL,'2025-09-24 14:29:00','2026-02-13 03:09:55','2026-02-13 03:09:55'),(949,12,25,'userid_fb8b532707e01','c18b9f2a-e2f5-477f-9',14,'UTSurveyType0006','Q_fb99225770e4860f','Have you ever used a mechanical keyboard before?','Yes - I liked it',NULL,'2025-09-24 14:29:00','2026-02-13 03:09:55','2026-02-13 03:09:55'),(950,12,25,'userid_fb8b532707e01','c18b9f2a-e2f5-477f-9',14,'UTSurveyType0006','Q_912b7c9823702d30','How would you rate this product on a scale of 1 - 5?','4',4.00,'2025-09-24 14:29:00','2026-02-13 03:09:55','2026-02-13 03:09:55'),(951,12,25,'userid_fb8b532707e01','c18b9f2a-e2f5-477f-9',14,'UTSurveyType0006','Q_4f186aae6dfa147f','Briefly, can you tell us why you\'ve rated it this way.','Light and responsive keystroke feel, Clear 2000s design, customizability through pairing with Options Plus',NULL,'2025-09-24 14:29:00','2026-02-13 03:09:55','2026-02-13 03:09:55'),(952,12,25,'userid_fb8b532707e01','c18b9f2a-e2f5-477f-9',14,'UTSurveyType0006','Q_a9b70e9268acdf03','Overall how would you rate the software experience?','5',5.00,'2025-09-24 14:29:00','2026-02-13 03:09:55','2026-02-13 03:09:55'),(953,12,25,'userid_fb8b532707e01','c18b9f2a-e2f5-477f-9',14,'UTSurveyType0006','Q_44297eef83590efd','Can you share more?','Options Plus allows you to configure key assignments and shortcuts for each application. Though not software, Easy Switch is also a good option.',NULL,'2025-09-24 14:29:00','2026-02-13 03:09:55','2026-02-13 03:09:55'),(954,12,25,'userid_fb8b532707e01','c18b9f2a-e2f5-477f-9',14,'UTSurveyType0006','Q_939652c6f1af35de','How easy to follow was the onboarding for Fujian? (1 = Very difficult)','5',5.00,'2025-09-24 14:29:00','2026-02-13 03:09:55','2026-02-13 03:09:55'),(955,12,25,'userid_fb8b532707e01','c18b9f2a-e2f5-477f-9',14,'UTSurveyType0006','Q_654f809d7dae0168','Did you customize the Action keys?','No, but I knew I could',NULL,'2025-09-24 14:29:00','2026-02-13 03:09:55','2026-02-13 03:09:55'),(956,12,25,'userid_fb8b532707e01','c18b9f2a-e2f5-477f-9',14,'UTSurveyType0006','Q_4b4d5ae4d5ffb626','Can you tell us more?','Brightness adjustment could be performed intuitively via keyboard shortcut keys.',NULL,'2025-09-24 14:29:00','2026-02-13 03:09:55','2026-02-13 03:09:55'),(957,12,25,'userid_fb8b532707e01','c18b9f2a-e2f5-477f-9',14,'UTSurveyType0006','Q_008c7d2b7f3a3d77','How would your rate the overall typing experience with this keyboard?','4',4.00,'2025-09-24 14:29:00','2026-02-13 03:09:55','2026-02-13 03:09:55'),(958,12,25,'userid_fb8b532707e01','c18b9f2a-e2f5-477f-9',14,'UTSurveyType0006','Q_866037fcddacafe6','How do you feel about the sound while typing?','5',5.00,'2025-09-24 14:29:00','2026-02-13 03:09:55','2026-02-13 03:09:55'),(959,12,25,'userid_fb8b532707e01','c18b9f2a-e2f5-477f-9',14,'UTSurveyType0006','Q_0f078b1d055e3736','Please tell us more','I use it almost every day, and even with the backlight enabled, I\'ve been able to use it without needing a top-up charge since the initial charge.',NULL,'2025-09-24 14:29:00','2026-02-13 03:09:55','2026-02-13 03:09:55'),(960,12,25,'userid_fb8b532707e01','c18b9f2a-e2f5-477f-9',14,'UTSurveyType0006','Q_57c116fc87b3693b','This keyboard feels sturdy','5',5.00,'2025-09-24 14:29:00','2026-02-13 03:09:55','2026-02-13 03:09:55'),(961,12,25,'userid_fb8b532707e01','c18b9f2a-e2f5-477f-9',14,'UTSurveyType0006','Q_fe53237382c01c82','How did you feel about the keyboard legs? (1= Very poor)','5',5.00,'2025-09-24 14:29:00','2026-02-13 03:09:55','2026-02-13 03:09:55'),(962,12,25,'userid_fb8b532707e01','c18b9f2a-e2f5-477f-9',14,'UTSurveyType0006','Q_abcf1cc199f381e3','How secure did the USB dongle feel in the USB storage space on the back of the keyboard? (1 = Not very secure)','4',4.00,'2025-09-24 14:29:00','2026-02-13 03:09:55','2026-02-13 03:09:55'),(963,12,25,'userid_fb8b532707e01','c18b9f2a-e2f5-477f-9',14,'UTSurveyType0006','Q_0f078b1d055e3736','Please tell us more','I use it almost every day, and even with the backlight enabled, I\'ve been able to use it without needing a top-up charge since the initial charge.',NULL,'2025-09-24 14:29:00','2026-02-13 03:09:55','2026-02-13 03:09:55'),(964,12,25,'userid_fb8b532707e01','c18b9f2a-e2f5-477f-9',14,'UTSurveyType0006','Q_ad77dfaf113ba7a8','How satisfied are you with the battery life of the keyboard ?','5',5.00,'2025-09-24 14:29:00','2026-02-13 03:09:55','2026-02-13 03:09:55'),(965,12,25,'userid_fb8b532707e01','c18b9f2a-e2f5-477f-9',14,'UTSurveyType0006','Q_08a83026b7b0749d','How satisfied are you with the charging of the keyboard ?','5',5.00,'2025-09-24 14:29:00','2026-02-13 03:09:55','2026-02-13 03:09:55'),(966,12,25,'userid_fb8b532707e01','c18b9f2a-e2f5-477f-9',14,'UTSurveyType0006','Q_0f078b1d055e3736','Please tell us more','I use it almost every day, and even with the backlight enabled, I\'ve been able to use it without needing a top-up charge since the initial charge.',NULL,'2025-09-24 14:29:00','2026-02-13 03:09:55','2026-02-13 03:09:55'),(967,12,25,'userid_fb8b532707e01','c18b9f2a-e2f5-477f-9',14,'UTSurveyType0006','Q_3818fe0ae092f1b6','How would you rate the backlit keys overall?','3',3.00,'2025-09-24 14:29:00','2026-02-13 03:09:55','2026-02-13 03:09:55'),(968,12,25,'userid_fb8b532707e01','c18b9f2a-e2f5-477f-9',14,'UTSurveyType0006','Q_d0fd335936075623','How would you rate the brightness of the backlighting?','5',5.00,'2025-09-24 14:29:00','2026-02-13 03:09:55','2026-02-13 03:09:55'),(969,12,25,'userid_fb8b532707e01','c18b9f2a-e2f5-477f-9',14,'UTSurveyType0006','Q_5d118267976b3797','Tell us more','In the sample received, only the alphabet characters on the keycaps glow through, while the kana characters, being printed, do not, resulting in a cheap appearance.\nI would prefer either to omit the kana printing altogether, or for both the alphabet and kana characters to glow through.',NULL,'2025-09-24 14:29:00','2026-02-13 03:09:55','2026-02-13 03:09:55'),(970,12,25,'userid_fb8b532707e01','c18b9f2a-e2f5-477f-9',14,'UTSurveyType0006','Q_6bb5008eb1542066','How often did you turn the backlit keys off?','I never turned the backlight off',NULL,'2025-09-24 14:29:00','2026-02-13 03:09:55','2026-02-13 03:09:55'),(971,12,25,'userid_fb8b532707e01','c18b9f2a-e2f5-477f-9',14,'UTSurveyType0006','Q_0cec647b3dbe9ee3','What level (brightness) of backlighting did you choose?','My backlighting was at the low end of the brightness setting',NULL,'2025-09-24 14:29:00','2026-02-13 03:09:55','2026-02-13 03:09:55'),(972,12,25,'userid_fb8b532707e01','c18b9f2a-e2f5-477f-9',14,'UTSurveyType0006','Q_7fc40c8ecd98b168','How intuitive was it to change the backlight brightness? (1 = Very unintuitive)','5',5.00,'2025-09-24 14:29:00','2026-02-13 03:09:55','2026-02-13 03:09:55'),(973,12,25,'userid_fb8b532707e01','c18b9f2a-e2f5-477f-9',14,'UTSurveyType0006','Q_4b4d5ae4d5ffb626','Can you tell us more?','Brightness adjustment could be performed intuitively via keyboard shortcut keys.',NULL,'2025-09-24 14:29:00','2026-02-13 03:09:55','2026-02-13 03:09:55'),(974,12,25,'userid_fb8b532707e01','c18b9f2a-e2f5-477f-9',14,'UTSurveyType0006','Q_32aa8dd2e7f94875','Can you rate the look of the keycaps?','3',3.00,'2025-09-24 14:29:00','2026-02-13 03:09:55','2026-02-13 03:09:55'),(975,12,25,'userid_fb8b532707e01','c18b9f2a-e2f5-477f-9',14,'UTSurveyType0006','Q_a7b8b58f255317bf','Can you rate the feel of the keycaps?','5',5.00,'2025-09-24 14:29:00','2026-02-13 03:09:55','2026-02-13 03:09:55'),(976,12,25,'userid_fb8b532707e01','c18b9f2a-e2f5-477f-9',14,'UTSurveyType0006','Q_e620d43d83722587','Can you elaborate?','I believe it meets Logitech\'s keyboard standards.\nAnother reason is that there is no other model of this size with this keystroke feel that includes a numeric keypad.',NULL,'2025-09-24 14:29:00','2026-02-13 03:09:55','2026-02-13 03:09:55'),(977,12,25,'userid_fb8b532707e01','c18b9f2a-e2f5-477f-9',14,'UTSurveyType0006','Q_52564b4f93bb450d','I would recommend this product to a friend.','8',8.00,'2025-09-24 14:29:00','2026-02-13 03:09:55','2026-02-13 03:09:55'),(978,12,25,'userid_fb8b532707e01','c18b9f2a-e2f5-477f-9',14,'UTSurveyType0006','Q_e620d43d83722587','Can you elaborate?','I believe it meets Logitech\'s keyboard standards.\nAnother reason is that there is no other model of this size with this keystroke feel that includes a numeric keypad.',NULL,'2025-09-24 14:29:00','2026-02-13 03:09:55','2026-02-13 03:09:55'),(979,12,25,'userid_fb8b532707e01','c18b9f2a-e2f5-477f-9',14,'UTSurveyType0006','Q_8d9429894f670a3e','Taking into consideration any functional hurdles you\'ve come across with this device, do you believe it\'s ready for a market release?','Yes',NULL,'2025-09-24 14:29:00','2026-02-13 03:09:55','2026-02-13 03:09:55'),(980,12,25,'userid_fb8b532707e01','c18b9f2a-e2f5-477f-9',14,'UTSurveyType0006','Q_e620d43d83722587','Can you elaborate?','I believe it meets Logitech\'s keyboard standards.\nAnother reason is that there is no other model of this size with this keystroke feel that includes a numeric keypad.',NULL,'2025-09-24 14:29:00','2026-02-13 03:09:55','2026-02-13 03:09:55'),(981,12,25,'userid_fb8b532707e01','c18b9f2a-e2f5-477f-9',14,'UTSurveyType0006','Q_54fdfe83950615c9','Please let us know any other comments you have about your experience with this device.',NULL,NULL,'2025-09-24 14:29:00','2026-02-13 03:09:55','2026-02-13 03:09:55'),(982,12,25,'userid_fb8b532707e01','c18b9f2a-e2f5-477f-9',14,'UTSurveyType0006','Q_7144c9a9217c2254','What was your favorite thing about this product?','Appearance, design. Light, responsive keystroke feel.',NULL,'2025-09-24 14:29:00','2026-02-13 03:09:55','2026-02-13 03:09:55'),(983,12,25,'userid_fb8b532707e01','c18b9f2a-e2f5-477f-9',14,'UTSurveyType0006','Q_ec4274a61b6ab8d5','What\'s one thing that you think we can still improve on this product?','keycap',NULL,'2025-09-24 14:29:00','2026-02-13 03:09:55','2026-02-13 03:09:55'),(984,12,25,'userid_fb8b532707e01','c18b9f2a-e2f5-477f-9',14,'UTSurveyType0006','Q_0d1e464662a6ec23','Do you agree to be contacted for follow up questions from the internal teams?','I agree, I\'m willing to help!',NULL,'2025-09-24 14:29:00','2026-02-13 03:09:55','2026-02-13 03:09:55'),(985,12,26,'userid_fb8b52f107e01','c18b9f2a-e2f5-477f-9',14,'UTSurveyType0006','Q_21eb497b66eb1a1a','What is your name?','Shoichi Sugaya',NULL,'2025-09-24 14:48:00','2026-02-13 03:09:58','2026-02-13 03:09:58'),(986,12,26,'userid_fb8b52f107e01','c18b9f2a-e2f5-477f-9',14,'UTSurveyType0006','Q_6ca3809bc801ea0c','What gender do you identify with?','Male',NULL,'2025-09-24 14:48:00','2026-02-13 03:09:58','2026-02-13 03:09:58'),(987,12,26,'userid_fb8b52f107e01','c18b9f2a-e2f5-477f-9',14,'UTSurveyType0006','Q_cca57fe036393e59','What is your age range?','31 - 40',NULL,'2025-09-24 14:48:00','2026-02-13 03:09:58','2026-02-13 03:09:58'),(988,12,26,'userid_fb8b52f107e01','c18b9f2a-e2f5-477f-9',14,'UTSurveyType0006','Q_7bc5e7f6b5915a1e','Where are you from?','Japan',NULL,'2025-09-24 14:48:00','2026-02-13 03:09:58','2026-02-13 03:09:58'),(989,12,26,'userid_fb8b52f107e01','c18b9f2a-e2f5-477f-9',14,'UTSurveyType0006','Q_43daedac0a08cf8c','What OS are you using?','Windows',NULL,'2025-09-24 14:48:00','2026-02-13 03:09:58','2026-02-13 03:09:58'),(990,12,26,'userid_fb8b52f107e01','c18b9f2a-e2f5-477f-9',14,'UTSurveyType0006','Q_fb99225770e4860f','Have you ever used a mechanical keyboard before?','Yes - I liked it',NULL,'2025-09-24 14:48:00','2026-02-13 03:09:58','2026-02-13 03:09:58'),(991,12,26,'userid_fb8b52f107e01','c18b9f2a-e2f5-477f-9',14,'UTSurveyType0006','Q_912b7c9823702d30','How would you rate this product on a scale of 1 - 5?','4',4.00,'2025-09-24 14:48:00','2026-02-13 03:09:58','2026-02-13 03:09:58'),(992,12,26,'userid_fb8b52f107e01','c18b9f2a-e2f5-477f-9',14,'UTSurveyType0006','Q_4f186aae6dfa147f','Briefly, can you tell us why you\'ve rated it this way.','keyboard layout is a bit cramped and error proun due to its tight layout such as Shift, Ctrl key. (I know that it\'s not a problem on the keyboard itself...)',NULL,'2025-09-24 14:48:00','2026-02-13 03:09:58','2026-02-13 03:09:58'),(993,12,26,'userid_fb8b52f107e01','c18b9f2a-e2f5-477f-9',14,'UTSurveyType0006','Q_a9b70e9268acdf03','Overall how would you rate the software experience?','3',3.00,'2025-09-24 14:48:00','2026-02-13 03:09:58','2026-02-13 03:09:58'),(994,12,26,'userid_fb8b52f107e01','c18b9f2a-e2f5-477f-9',14,'UTSurveyType0006','Q_44297eef83590efd','Can you share more?',NULL,NULL,'2025-09-24 14:48:00','2026-02-13 03:09:58','2026-02-13 03:09:58'),(995,12,26,'userid_fb8b52f107e01','c18b9f2a-e2f5-477f-9',14,'UTSurveyType0006','Q_939652c6f1af35de','How easy to follow was the onboarding for Fujian? (1 = Very difficult)','5',5.00,'2025-09-24 14:48:00','2026-02-13 03:09:58','2026-02-13 03:09:58'),(996,12,26,'userid_fb8b52f107e01','c18b9f2a-e2f5-477f-9',14,'UTSurveyType0006','Q_654f809d7dae0168','Did you customize the Action keys?','No, but I knew I could',NULL,'2025-09-24 14:48:00','2026-02-13 03:09:58','2026-02-13 03:09:58'),(997,12,26,'userid_fb8b52f107e01','c18b9f2a-e2f5-477f-9',14,'UTSurveyType0006','Q_4b4d5ae4d5ffb626','Can you tell us more?','I seldom change the brightness, so this function dedicated on the specific key on the keyboard is unnecessary for me(it could be changed on logi+)',NULL,'2025-09-24 14:48:00','2026-02-13 03:09:58','2026-02-13 03:09:58'),(998,12,26,'userid_fb8b52f107e01','c18b9f2a-e2f5-477f-9',14,'UTSurveyType0006','Q_008c7d2b7f3a3d77','How would your rate the overall typing experience with this keyboard?','5',5.00,'2025-09-24 14:48:00','2026-02-13 03:09:58','2026-02-13 03:09:58'),(999,12,26,'userid_fb8b52f107e01','c18b9f2a-e2f5-477f-9',14,'UTSurveyType0006','Q_866037fcddacafe6','How do you feel about the sound while typing?','5',5.00,'2025-09-24 14:48:00','2026-02-13 03:09:58','2026-02-13 03:09:58'),(1000,12,26,'userid_fb8b52f107e01','c18b9f2a-e2f5-477f-9',14,'UTSurveyType0006','Q_0f078b1d055e3736','Please tell us more','nothing bad to comment',NULL,'2025-09-24 14:48:00','2026-02-13 03:09:58','2026-02-13 03:09:58'),(1001,12,26,'userid_fb8b52f107e01','c18b9f2a-e2f5-477f-9',14,'UTSurveyType0006','Q_57c116fc87b3693b','This keyboard feels sturdy','5',5.00,'2025-09-24 14:48:00','2026-02-13 03:09:58','2026-02-13 03:09:58'),(1002,12,26,'userid_fb8b52f107e01','c18b9f2a-e2f5-477f-9',14,'UTSurveyType0006','Q_fe53237382c01c82','How did you feel about the keyboard legs? (1= Very poor)','5',5.00,'2025-09-24 14:48:00','2026-02-13 03:09:58','2026-02-13 03:09:58'),(1003,12,26,'userid_fb8b52f107e01','c18b9f2a-e2f5-477f-9',14,'UTSurveyType0006','Q_abcf1cc199f381e3','How secure did the USB dongle feel in the USB storage space on the back of the keyboard? (1 = Not very secure)','5',5.00,'2025-09-24 14:48:00','2026-02-13 03:09:58','2026-02-13 03:09:58'),(1004,12,26,'userid_fb8b52f107e01','c18b9f2a-e2f5-477f-9',14,'UTSurveyType0006','Q_0f078b1d055e3736','Please tell us more','nothing bad to comment',NULL,'2025-09-24 14:48:00','2026-02-13 03:09:58','2026-02-13 03:09:58'),(1005,12,26,'userid_fb8b52f107e01','c18b9f2a-e2f5-477f-9',14,'UTSurveyType0006','Q_ad77dfaf113ba7a8','How satisfied are you with the battery life of the keyboard ?','5',5.00,'2025-09-24 14:48:00','2026-02-13 03:09:58','2026-02-13 03:09:58'),(1006,12,26,'userid_fb8b52f107e01','c18b9f2a-e2f5-477f-9',14,'UTSurveyType0006','Q_08a83026b7b0749d','How satisfied are you with the charging of the keyboard ?','5',5.00,'2025-09-24 14:48:00','2026-02-13 03:09:58','2026-02-13 03:09:58'),(1007,12,26,'userid_fb8b52f107e01','c18b9f2a-e2f5-477f-9',14,'UTSurveyType0006','Q_0f078b1d055e3736','Please tell us more','nothing bad to comment',NULL,'2025-09-24 14:48:00','2026-02-13 03:09:58','2026-02-13 03:09:58'),(1008,12,26,'userid_fb8b52f107e01','c18b9f2a-e2f5-477f-9',14,'UTSurveyType0006','Q_3818fe0ae092f1b6','How would you rate the backlit keys overall?','5',5.00,'2025-09-24 14:48:00','2026-02-13 03:09:58','2026-02-13 03:09:58'),(1009,12,26,'userid_fb8b52f107e01','c18b9f2a-e2f5-477f-9',14,'UTSurveyType0006','Q_d0fd335936075623','How would you rate the brightness of the backlighting?','5',5.00,'2025-09-24 14:48:00','2026-02-13 03:09:58','2026-02-13 03:09:58'),(1010,12,26,'userid_fb8b52f107e01','c18b9f2a-e2f5-477f-9',14,'UTSurveyType0006','Q_5d118267976b3797','Tell us more','beautiful',NULL,'2025-09-24 14:48:00','2026-02-13 03:09:58','2026-02-13 03:09:58'),(1011,12,26,'userid_fb8b52f107e01','c18b9f2a-e2f5-477f-9',14,'UTSurveyType0006','Q_6bb5008eb1542066','How often did you turn the backlit keys off?','I never turned the backlight off',NULL,'2025-09-24 14:48:00','2026-02-13 03:09:58','2026-02-13 03:09:58'),(1012,12,26,'userid_fb8b52f107e01','c18b9f2a-e2f5-477f-9',14,'UTSurveyType0006','Q_0cec647b3dbe9ee3','What level (brightness) of backlighting did you choose?','My backlighting was at the low end of the brightness setting',NULL,'2025-09-24 14:48:00','2026-02-13 03:09:58','2026-02-13 03:09:58'),(1013,12,26,'userid_fb8b52f107e01','c18b9f2a-e2f5-477f-9',14,'UTSurveyType0006','Q_7fc40c8ecd98b168','How intuitive was it to change the backlight brightness? (1 = Very unintuitive)','5',5.00,'2025-09-24 14:48:00','2026-02-13 03:09:58','2026-02-13 03:09:58'),(1014,12,26,'userid_fb8b52f107e01','c18b9f2a-e2f5-477f-9',14,'UTSurveyType0006','Q_4b4d5ae4d5ffb626','Can you tell us more?','I seldom change the brightness, so this function dedicated on the specific key on the keyboard is unnecessary for me(it could be changed on logi+)',NULL,'2025-09-24 14:48:00','2026-02-13 03:09:58','2026-02-13 03:09:58'),(1015,12,26,'userid_fb8b52f107e01','c18b9f2a-e2f5-477f-9',14,'UTSurveyType0006','Q_32aa8dd2e7f94875','Can you rate the look of the keycaps?','5',5.00,'2025-09-24 14:48:00','2026-02-13 03:09:58','2026-02-13 03:09:58'),(1016,12,26,'userid_fb8b52f107e01','c18b9f2a-e2f5-477f-9',14,'UTSurveyType0006','Q_a7b8b58f255317bf','Can you rate the feel of the keycaps?','5',5.00,'2025-09-24 14:48:00','2026-02-13 03:09:58','2026-02-13 03:09:58'),(1017,12,26,'userid_fb8b52f107e01','c18b9f2a-e2f5-477f-9',14,'UTSurveyType0006','Q_e620d43d83722587','Can you elaborate?','I don\'t see any disadvantages on this keyboard, it\'s already a parfect from looks, and fumctionality perspective',NULL,'2025-09-24 14:48:00','2026-02-13 03:09:58','2026-02-13 03:09:58'),(1018,12,26,'userid_fb8b52f107e01','c18b9f2a-e2f5-477f-9',14,'UTSurveyType0006','Q_52564b4f93bb450d','I would recommend this product to a friend.','8',8.00,'2025-09-24 14:48:00','2026-02-13 03:09:58','2026-02-13 03:09:58'),(1019,12,26,'userid_fb8b52f107e01','c18b9f2a-e2f5-477f-9',14,'UTSurveyType0006','Q_e620d43d83722587','Can you elaborate?','I don\'t see any disadvantages on this keyboard, it\'s already a parfect from looks, and fumctionality perspective',NULL,'2025-09-24 14:48:00','2026-02-13 03:09:58','2026-02-13 03:09:58'),(1020,12,26,'userid_fb8b52f107e01','c18b9f2a-e2f5-477f-9',14,'UTSurveyType0006','Q_8d9429894f670a3e','Taking into consideration any functional hurdles you\'ve come across with this device, do you believe it\'s ready for a market release?','Yes',NULL,'2025-09-24 14:48:00','2026-02-13 03:09:58','2026-02-13 03:09:58'),(1021,12,26,'userid_fb8b52f107e01','c18b9f2a-e2f5-477f-9',14,'UTSurveyType0006','Q_e620d43d83722587','Can you elaborate?','I don\'t see any disadvantages on this keyboard, it\'s already a parfect from looks, and fumctionality perspective',NULL,'2025-09-24 14:48:00','2026-02-13 03:09:58','2026-02-13 03:09:58'),(1022,12,26,'userid_fb8b52f107e01','c18b9f2a-e2f5-477f-9',14,'UTSurveyType0006','Q_54fdfe83950615c9','Please let us know any other comments you have about your experience with this device.',NULL,NULL,'2025-09-24 14:48:00','2026-02-13 03:09:58','2026-02-13 03:09:58'),(1023,12,26,'userid_fb8b52f107e01','c18b9f2a-e2f5-477f-9',14,'UTSurveyType0006','Q_7144c9a9217c2254','What was your favorite thing about this product?','feeling of key typing',NULL,'2025-09-24 14:48:00','2026-02-13 03:09:58','2026-02-13 03:09:58'),(1024,12,26,'userid_fb8b52f107e01','c18b9f2a-e2f5-477f-9',14,'UTSurveyType0006','Q_ec4274a61b6ab8d5','What\'s one thing that you think we can still improve on this product?','home and delete key should not be on the same key',NULL,'2025-09-24 14:48:00','2026-02-13 03:09:58','2026-02-13 03:09:58'),(1025,12,26,'userid_fb8b52f107e01','c18b9f2a-e2f5-477f-9',14,'UTSurveyType0006','Q_0d1e464662a6ec23','Do you agree to be contacted for follow up questions from the internal teams?','I agree, I\'m willing to help!',NULL,'2025-09-24 14:48:00','2026-02-13 03:09:58','2026-02-13 03:09:58'),(1026,12,27,'userid_fb8b52d507e01','c18b9f2a-e2f5-477f-9',14,'UTSurveyType0006','Q_21eb497b66eb1a1a','What is your name?','Duong Van Anh',NULL,'2025-09-24 14:49:00','2026-02-13 03:10:00','2026-02-13 03:10:00'),(1027,12,27,'userid_fb8b52d507e01','c18b9f2a-e2f5-477f-9',14,'UTSurveyType0006','Q_6ca3809bc801ea0c','What gender do you identify with?','Female',NULL,'2025-09-24 14:49:00','2026-02-13 03:10:00','2026-02-13 03:10:00'),(1028,12,27,'userid_fb8b52d507e01','c18b9f2a-e2f5-477f-9',14,'UTSurveyType0006','Q_cca57fe036393e59','What is your age range?','31 - 40',NULL,'2025-09-24 14:49:00','2026-02-13 03:10:00','2026-02-13 03:10:00'),(1029,12,27,'userid_fb8b52d507e01','c18b9f2a-e2f5-477f-9',14,'UTSurveyType0006','Q_7bc5e7f6b5915a1e','Where are you from?','Born in Vietnam but currently living and working in Japan',NULL,'2025-09-24 14:49:00','2026-02-13 03:10:00','2026-02-13 03:10:00'),(1030,12,27,'userid_fb8b52d507e01','c18b9f2a-e2f5-477f-9',14,'UTSurveyType0006','Q_43daedac0a08cf8c','What OS are you using?','Windows',NULL,'2025-09-24 14:49:00','2026-02-13 03:10:00','2026-02-13 03:10:00'),(1031,12,27,'userid_fb8b52d507e01','c18b9f2a-e2f5-477f-9',14,'UTSurveyType0006','Q_fb99225770e4860f','Have you ever used a mechanical keyboard before?','Yes - I liked it',NULL,'2025-09-24 14:49:00','2026-02-13 03:10:00','2026-02-13 03:10:00'),(1032,12,27,'userid_fb8b52d507e01','c18b9f2a-e2f5-477f-9',14,'UTSurveyType0006','Q_912b7c9823702d30','How would you rate this product on a scale of 1 - 5?','5',5.00,'2025-09-24 14:49:00','2026-02-13 03:10:00','2026-02-13 03:10:00'),(1033,12,27,'userid_fb8b52d507e01','c18b9f2a-e2f5-477f-9',14,'UTSurveyType0006','Q_4f186aae6dfa147f','Briefly, can you tell us why you\'ve rated it this way.','I really like the design and the buttons available for customization. It feels very light when typing',NULL,'2025-09-24 14:49:00','2026-02-13 03:10:00','2026-02-13 03:10:00'),(1034,12,27,'userid_fb8b52d507e01','c18b9f2a-e2f5-477f-9',14,'UTSurveyType0006','Q_a9b70e9268acdf03','Overall how would you rate the software experience?','5',5.00,'2025-09-24 14:49:00','2026-02-13 03:10:00','2026-02-13 03:10:00'),(1035,12,27,'userid_fb8b52d507e01','c18b9f2a-e2f5-477f-9',14,'UTSurveyType0006','Q_44297eef83590efd','Can you share more?','the software is easy to understand and to navigate around',NULL,'2025-09-24 14:49:00','2026-02-13 03:10:00','2026-02-13 03:10:00'),(1036,12,27,'userid_fb8b52d507e01','c18b9f2a-e2f5-477f-9',14,'UTSurveyType0006','Q_939652c6f1af35de','How easy to follow was the onboarding for Fujian? (1 = Very difficult)','5',5.00,'2025-09-24 14:49:00','2026-02-13 03:10:00','2026-02-13 03:10:00'),(1037,12,27,'userid_fb8b52d507e01','c18b9f2a-e2f5-477f-9',14,'UTSurveyType0006','Q_654f809d7dae0168','Did you customize the Action keys?','Yes',NULL,'2025-09-24 14:49:00','2026-02-13 03:10:00','2026-02-13 03:10:00'),(1038,12,27,'userid_fb8b52d507e01','c18b9f2a-e2f5-477f-9',14,'UTSurveyType0006','Q_4b4d5ae4d5ffb626','Can you tell us more?','i can adjust the brightness anytime and it\'s bright enough even when i don\'t turn on the lights in my room. No complain',NULL,'2025-09-24 14:49:00','2026-02-13 03:10:00','2026-02-13 03:10:00'),(1039,12,27,'userid_fb8b52d507e01','c18b9f2a-e2f5-477f-9',14,'UTSurveyType0006','Q_008c7d2b7f3a3d77','How would your rate the overall typing experience with this keyboard?','4',4.00,'2025-09-24 14:49:00','2026-02-13 03:10:00','2026-02-13 03:10:00'),(1040,12,27,'userid_fb8b52d507e01','c18b9f2a-e2f5-477f-9',14,'UTSurveyType0006','Q_866037fcddacafe6','How do you feel about the sound while typing?','3',3.00,'2025-09-24 14:49:00','2026-02-13 03:10:00','2026-02-13 03:10:00'),(1041,12,27,'userid_fb8b52d507e01','c18b9f2a-e2f5-477f-9',14,'UTSurveyType0006','Q_0f078b1d055e3736','Please tell us more','no complain',NULL,'2025-09-24 14:49:00','2026-02-13 03:10:00','2026-02-13 03:10:00'),(1042,12,27,'userid_fb8b52d507e01','c18b9f2a-e2f5-477f-9',14,'UTSurveyType0006','Q_57c116fc87b3693b','This keyboard feels sturdy','5',5.00,'2025-09-24 14:49:00','2026-02-13 03:10:00','2026-02-13 03:10:00'),(1043,12,27,'userid_fb8b52d507e01','c18b9f2a-e2f5-477f-9',14,'UTSurveyType0006','Q_fe53237382c01c82','How did you feel about the keyboard legs? (1= Very poor)','5',5.00,'2025-09-24 14:49:00','2026-02-13 03:10:00','2026-02-13 03:10:00'),(1044,12,27,'userid_fb8b52d507e01','c18b9f2a-e2f5-477f-9',14,'UTSurveyType0006','Q_abcf1cc199f381e3','How secure did the USB dongle feel in the USB storage space on the back of the keyboard? (1 = Not very secure)','0',0.00,'2025-09-24 14:49:00','2026-02-13 03:10:00','2026-02-13 03:10:00'),(1045,12,27,'userid_fb8b52d507e01','c18b9f2a-e2f5-477f-9',14,'UTSurveyType0006','Q_0f078b1d055e3736','Please tell us more','no complain',NULL,'2025-09-24 14:49:00','2026-02-13 03:10:00','2026-02-13 03:10:00'),(1046,12,27,'userid_fb8b52d507e01','c18b9f2a-e2f5-477f-9',14,'UTSurveyType0006','Q_ad77dfaf113ba7a8','How satisfied are you with the battery life of the keyboard ?','5',5.00,'2025-09-24 14:49:00','2026-02-13 03:10:00','2026-02-13 03:10:00'),(1047,12,27,'userid_fb8b52d507e01','c18b9f2a-e2f5-477f-9',14,'UTSurveyType0006','Q_08a83026b7b0749d','How satisfied are you with the charging of the keyboard ?','5',5.00,'2025-09-24 14:49:00','2026-02-13 03:10:00','2026-02-13 03:10:00'),(1048,12,27,'userid_fb8b52d507e01','c18b9f2a-e2f5-477f-9',14,'UTSurveyType0006','Q_0f078b1d055e3736','Please tell us more','no complain',NULL,'2025-09-24 14:49:00','2026-02-13 03:10:00','2026-02-13 03:10:00'),(1049,12,27,'userid_fb8b52d507e01','c18b9f2a-e2f5-477f-9',14,'UTSurveyType0006','Q_3818fe0ae092f1b6','How would you rate the backlit keys overall?','5',5.00,'2025-09-24 14:49:00','2026-02-13 03:10:00','2026-02-13 03:10:00'),(1050,12,27,'userid_fb8b52d507e01','c18b9f2a-e2f5-477f-9',14,'UTSurveyType0006','Q_d0fd335936075623','How would you rate the brightness of the backlighting?','5',5.00,'2025-09-24 14:49:00','2026-02-13 03:10:00','2026-02-13 03:10:00'),(1051,12,27,'userid_fb8b52d507e01','c18b9f2a-e2f5-477f-9',14,'UTSurveyType0006','Q_5d118267976b3797','Tell us more','bright enough',NULL,'2025-09-24 14:49:00','2026-02-13 03:10:00','2026-02-13 03:10:00'),(1052,12,27,'userid_fb8b52d507e01','c18b9f2a-e2f5-477f-9',14,'UTSurveyType0006','Q_6bb5008eb1542066','How often did you turn the backlit keys off?','I never turned the backlight off',NULL,'2025-09-24 14:49:00','2026-02-13 03:10:00','2026-02-13 03:10:00'),(1053,12,27,'userid_fb8b52d507e01','c18b9f2a-e2f5-477f-9',14,'UTSurveyType0006','Q_0cec647b3dbe9ee3','What level (brightness) of backlighting did you choose?','My backlighting changed depending on the brightness of my environment',NULL,'2025-09-24 14:49:00','2026-02-13 03:10:00','2026-02-13 03:10:00'),(1054,12,27,'userid_fb8b52d507e01','c18b9f2a-e2f5-477f-9',14,'UTSurveyType0006','Q_7fc40c8ecd98b168','How intuitive was it to change the backlight brightness? (1 = Very unintuitive)','4',4.00,'2025-09-24 14:49:00','2026-02-13 03:10:00','2026-02-13 03:10:00'),(1055,12,27,'userid_fb8b52d507e01','c18b9f2a-e2f5-477f-9',14,'UTSurveyType0006','Q_4b4d5ae4d5ffb626','Can you tell us more?','i can adjust the brightness anytime and it\'s bright enough even when i don\'t turn on the lights in my room. No complain',NULL,'2025-09-24 14:49:00','2026-02-13 03:10:00','2026-02-13 03:10:00'),(1056,12,27,'userid_fb8b52d507e01','c18b9f2a-e2f5-477f-9',14,'UTSurveyType0006','Q_32aa8dd2e7f94875','Can you rate the look of the keycaps?','5',5.00,'2025-09-24 14:49:00','2026-02-13 03:10:00','2026-02-13 03:10:00'),(1057,12,27,'userid_fb8b52d507e01','c18b9f2a-e2f5-477f-9',14,'UTSurveyType0006','Q_a7b8b58f255317bf','Can you rate the feel of the keycaps?','5',5.00,'2025-09-24 14:49:00','2026-02-13 03:10:00','2026-02-13 03:10:00'),(1058,12,27,'userid_fb8b52d507e01','c18b9f2a-e2f5-477f-9',14,'UTSurveyType0006','Q_e620d43d83722587','Can you elaborate?','I did come across any bugs so I think it\'s ready for release but could use some design changes for the right hand side .... more space between each section is better in my opinion.  I did get used to the new arrangement after a while and don\'t hit the wrong button anymore but it still quite bug me...',NULL,'2025-09-24 14:49:00','2026-02-13 03:10:00','2026-02-13 03:10:00'),(1059,12,27,'userid_fb8b52d507e01','c18b9f2a-e2f5-477f-9',14,'UTSurveyType0006','Q_52564b4f93bb450d','I would recommend this product to a friend.','9',9.00,'2025-09-24 14:49:00','2026-02-13 03:10:00','2026-02-13 03:10:00'),(1060,12,27,'userid_fb8b52d507e01','c18b9f2a-e2f5-477f-9',14,'UTSurveyType0006','Q_e620d43d83722587','Can you elaborate?','I did come across any bugs so I think it\'s ready for release but could use some design changes for the right hand side .... more space between each section is better in my opinion.  I did get used to the new arrangement after a while and don\'t hit the wrong button anymore but it still quite bug me...',NULL,'2025-09-24 14:49:00','2026-02-13 03:10:00','2026-02-13 03:10:00'),(1061,12,27,'userid_fb8b52d507e01','c18b9f2a-e2f5-477f-9',14,'UTSurveyType0006','Q_8d9429894f670a3e','Taking into consideration any functional hurdles you\'ve come across with this device, do you believe it\'s ready for a market release?','Yes',NULL,'2025-09-24 14:49:00','2026-02-13 03:10:00','2026-02-13 03:10:00'),(1062,12,27,'userid_fb8b52d507e01','c18b9f2a-e2f5-477f-9',14,'UTSurveyType0006','Q_e620d43d83722587','Can you elaborate?','I did come across any bugs so I think it\'s ready for release but could use some design changes for the right hand side .... more space between each section is better in my opinion.  I did get used to the new arrangement after a while and don\'t hit the wrong button anymore but it still quite bug me...',NULL,'2025-09-24 14:49:00','2026-02-13 03:10:00','2026-02-13 03:10:00'),(1063,12,27,'userid_fb8b52d507e01','c18b9f2a-e2f5-477f-9',14,'UTSurveyType0006','Q_54fdfe83950615c9','Please let us know any other comments you have about your experience with this device.',NULL,NULL,'2025-09-24 14:49:00','2026-02-13 03:10:00','2026-02-13 03:10:00'),(1064,12,27,'userid_fb8b52d507e01','c18b9f2a-e2f5-477f-9',14,'UTSurveyType0006','Q_7144c9a9217c2254','What was your favorite thing about this product?','customization and the ability to switch between the media and function key easily, ability to adjust brightness on the keyboard',NULL,'2025-09-24 14:49:00','2026-02-13 03:10:00','2026-02-13 03:10:00'),(1065,12,27,'userid_fb8b52d507e01','c18b9f2a-e2f5-477f-9',14,'UTSurveyType0006','Q_ec4274a61b6ab8d5','What\'s one thing that you think we can still improve on this product?','please give more space to the right side and make the numpad a bit further...',NULL,'2025-09-24 14:49:00','2026-02-13 03:10:00','2026-02-13 03:10:00'),(1066,12,27,'userid_fb8b52d507e01','c18b9f2a-e2f5-477f-9',14,'UTSurveyType0006','Q_0d1e464662a6ec23','Do you agree to be contacted for follow up questions from the internal teams?','I agree, I\'m willing to help!',NULL,'2025-09-24 14:49:00','2026-02-13 03:10:00','2026-02-13 03:10:00'),(1067,12,28,'userid_fb8b530d07e01','c18b9f2a-e2f5-477f-9',14,'UTSurveyType0006','Q_21eb497b66eb1a1a','What is your name?','Hisami Shibaike',NULL,'2025-09-24 14:52:00','2026-02-13 03:10:03','2026-02-13 03:10:03'),(1068,12,28,'userid_fb8b530d07e01','c18b9f2a-e2f5-477f-9',14,'UTSurveyType0006','Q_6ca3809bc801ea0c','What gender do you identify with?','Female',NULL,'2025-09-24 14:52:00','2026-02-13 03:10:03','2026-02-13 03:10:03'),(1069,12,28,'userid_fb8b530d07e01','c18b9f2a-e2f5-477f-9',14,'UTSurveyType0006','Q_cca57fe036393e59','What is your age range?','41 - 50',NULL,'2025-09-24 14:52:00','2026-02-13 03:10:03','2026-02-13 03:10:03'),(1070,12,28,'userid_fb8b530d07e01','c18b9f2a-e2f5-477f-9',14,'UTSurveyType0006','Q_7bc5e7f6b5915a1e','Where are you from?','Japan',NULL,'2025-09-24 14:52:00','2026-02-13 03:10:03','2026-02-13 03:10:03'),(1071,12,28,'userid_fb8b530d07e01','c18b9f2a-e2f5-477f-9',14,'UTSurveyType0006','Q_43daedac0a08cf8c','What OS are you using?','Chrome OS',NULL,'2025-09-24 14:52:00','2026-02-13 03:10:03','2026-02-13 03:10:03'),(1072,12,28,'userid_fb8b530d07e01','c18b9f2a-e2f5-477f-9',14,'UTSurveyType0006','Q_fb99225770e4860f','Have you ever used a mechanical keyboard before?','Yes - I liked it',NULL,'2025-09-24 14:52:00','2026-02-13 03:10:03','2026-02-13 03:10:03'),(1073,12,28,'userid_fb8b530d07e01','c18b9f2a-e2f5-477f-9',14,'UTSurveyType0006','Q_912b7c9823702d30','How would you rate this product on a scale of 1 - 5?','4',4.00,'2025-09-24 14:52:00','2026-02-13 03:10:03','2026-02-13 03:10:03'),(1074,12,28,'userid_fb8b530d07e01','c18b9f2a-e2f5-477f-9',14,'UTSurveyType0006','Q_4f186aae6dfa147f','Briefly, can you tell us why you\'ve rated it this way.','Good typing feel',NULL,'2025-09-24 14:52:00','2026-02-13 03:10:03','2026-02-13 03:10:03'),(1075,12,28,'userid_fb8b530d07e01','c18b9f2a-e2f5-477f-9',14,'UTSurveyType0006','Q_a9b70e9268acdf03','Overall how would you rate the software experience?','4',4.00,'2025-09-24 14:52:00','2026-02-13 03:10:03','2026-02-13 03:10:03'),(1076,12,28,'userid_fb8b530d07e01','c18b9f2a-e2f5-477f-9',14,'UTSurveyType0006','Q_44297eef83590efd','Can you share more?','Work goes faster',NULL,'2025-09-24 14:52:00','2026-02-13 03:10:03','2026-02-13 03:10:03'),(1077,12,28,'userid_fb8b530d07e01','c18b9f2a-e2f5-477f-9',14,'UTSurveyType0006','Q_939652c6f1af35de','How easy to follow was the onboarding for Fujian? (1 = Very difficult)','3',3.00,'2025-09-24 14:52:00','2026-02-13 03:10:03','2026-02-13 03:10:03'),(1078,12,28,'userid_fb8b530d07e01','c18b9f2a-e2f5-477f-9',14,'UTSurveyType0006','Q_654f809d7dae0168','Did you customize the Action keys?','No, but I knew I could',NULL,'2025-09-24 14:52:00','2026-02-13 03:10:03','2026-02-13 03:10:03'),(1079,12,28,'userid_fb8b530d07e01','c18b9f2a-e2f5-477f-9',14,'UTSurveyType0006','Q_4b4d5ae4d5ffb626','Can you tell us more?','n/a',NULL,'2025-09-24 14:52:00','2026-02-13 03:10:03','2026-02-13 03:10:03'),(1080,12,28,'userid_fb8b530d07e01','c18b9f2a-e2f5-477f-9',14,'UTSurveyType0006','Q_008c7d2b7f3a3d77','How would your rate the overall typing experience with this keyboard?','5',5.00,'2025-09-24 14:52:00','2026-02-13 03:10:03','2026-02-13 03:10:03'),(1081,12,28,'userid_fb8b530d07e01','c18b9f2a-e2f5-477f-9',14,'UTSurveyType0006','Q_866037fcddacafe6','How do you feel about the sound while typing?','4',4.00,'2025-09-24 14:52:00','2026-02-13 03:10:03','2026-02-13 03:10:03'),(1082,12,28,'userid_fb8b530d07e01','c18b9f2a-e2f5-477f-9',14,'UTSurveyType0006','Q_0f078b1d055e3736','Please tell us more','n/a',NULL,'2025-09-24 14:52:00','2026-02-13 03:10:03','2026-02-13 03:10:03'),(1083,12,28,'userid_fb8b530d07e01','c18b9f2a-e2f5-477f-9',14,'UTSurveyType0006','Q_57c116fc87b3693b','This keyboard feels sturdy','4',4.00,'2025-09-24 14:52:00','2026-02-13 03:10:03','2026-02-13 03:10:03'),(1084,12,28,'userid_fb8b530d07e01','c18b9f2a-e2f5-477f-9',14,'UTSurveyType0006','Q_fe53237382c01c82','How did you feel about the keyboard legs? (1= Very poor)','3',3.00,'2025-09-24 14:52:00','2026-02-13 03:10:03','2026-02-13 03:10:03'),(1085,12,28,'userid_fb8b530d07e01','c18b9f2a-e2f5-477f-9',14,'UTSurveyType0006','Q_abcf1cc199f381e3','How secure did the USB dongle feel in the USB storage space on the back of the keyboard? (1 = Not very secure)','4',4.00,'2025-09-24 14:52:00','2026-02-13 03:10:03','2026-02-13 03:10:03'),(1086,12,28,'userid_fb8b530d07e01','c18b9f2a-e2f5-477f-9',14,'UTSurveyType0006','Q_0f078b1d055e3736','Please tell us more','n/a',NULL,'2025-09-24 14:52:00','2026-02-13 03:10:03','2026-02-13 03:10:03'),(1087,12,28,'userid_fb8b530d07e01','c18b9f2a-e2f5-477f-9',14,'UTSurveyType0006','Q_ad77dfaf113ba7a8','How satisfied are you with the battery life of the keyboard ?','4',4.00,'2025-09-24 14:52:00','2026-02-13 03:10:03','2026-02-13 03:10:03'),(1088,12,28,'userid_fb8b530d07e01','c18b9f2a-e2f5-477f-9',14,'UTSurveyType0006','Q_08a83026b7b0749d','How satisfied are you with the charging of the keyboard ?','4',4.00,'2025-09-24 14:52:00','2026-02-13 03:10:03','2026-02-13 03:10:03'),(1089,12,28,'userid_fb8b530d07e01','c18b9f2a-e2f5-477f-9',14,'UTSurveyType0006','Q_0f078b1d055e3736','Please tell us more','n/a',NULL,'2025-09-24 14:52:00','2026-02-13 03:10:03','2026-02-13 03:10:03'),(1090,12,28,'userid_fb8b530d07e01','c18b9f2a-e2f5-477f-9',14,'UTSurveyType0006','Q_3818fe0ae092f1b6','How would you rate the backlit keys overall?','3',3.00,'2025-09-24 14:52:00','2026-02-13 03:10:03','2026-02-13 03:10:03'),(1091,12,28,'userid_fb8b530d07e01','c18b9f2a-e2f5-477f-9',14,'UTSurveyType0006','Q_d0fd335936075623','How would you rate the brightness of the backlighting?','3',3.00,'2025-09-24 14:52:00','2026-02-13 03:10:03','2026-02-13 03:10:03'),(1092,12,28,'userid_fb8b530d07e01','c18b9f2a-e2f5-477f-9',14,'UTSurveyType0006','Q_5d118267976b3797','Tell us more','I do not use the backlight very much.',NULL,'2025-09-24 14:52:00','2026-02-13 03:10:03','2026-02-13 03:10:03'),(1093,12,28,'userid_fb8b530d07e01','c18b9f2a-e2f5-477f-9',14,'UTSurveyType0006','Q_6bb5008eb1542066','How often did you turn the backlit keys off?','I occasionally turned the backlight off',NULL,'2025-09-24 14:52:00','2026-02-13 03:10:03','2026-02-13 03:10:03'),(1094,12,28,'userid_fb8b530d07e01','c18b9f2a-e2f5-477f-9',14,'UTSurveyType0006','Q_0cec647b3dbe9ee3','What level (brightness) of backlighting did you choose?','My backlighting was off',NULL,'2025-09-24 14:52:00','2026-02-13 03:10:03','2026-02-13 03:10:03'),(1095,12,28,'userid_fb8b530d07e01','c18b9f2a-e2f5-477f-9',14,'UTSurveyType0006','Q_7fc40c8ecd98b168','How intuitive was it to change the backlight brightness? (1 = Very unintuitive)','3',3.00,'2025-09-24 14:52:00','2026-02-13 03:10:03','2026-02-13 03:10:03'),(1096,12,28,'userid_fb8b530d07e01','c18b9f2a-e2f5-477f-9',14,'UTSurveyType0006','Q_4b4d5ae4d5ffb626','Can you tell us more?','n/a',NULL,'2025-09-24 14:52:00','2026-02-13 03:10:03','2026-02-13 03:10:03'),(1097,12,28,'userid_fb8b530d07e01','c18b9f2a-e2f5-477f-9',14,'UTSurveyType0006','Q_32aa8dd2e7f94875','Can you rate the look of the keycaps?','5',5.00,'2025-09-24 14:52:00','2026-02-13 03:10:03','2026-02-13 03:10:03'),(1098,12,28,'userid_fb8b530d07e01','c18b9f2a-e2f5-477f-9',14,'UTSurveyType0006','Q_a7b8b58f255317bf','Can you rate the feel of the keycaps?','5',5.00,'2025-09-24 14:52:00','2026-02-13 03:10:03','2026-02-13 03:10:03'),(1099,12,28,'userid_fb8b530d07e01','c18b9f2a-e2f5-477f-9',14,'UTSurveyType0006','Q_e620d43d83722587','Can you elaborate?','I think there will be demand for this keyboard in the Japanese market as a work keyboard.',NULL,'2025-09-24 14:52:00','2026-02-13 03:10:03','2026-02-13 03:10:03'),(1100,12,28,'userid_fb8b530d07e01','c18b9f2a-e2f5-477f-9',14,'UTSurveyType0006','Q_52564b4f93bb450d','I would recommend this product to a friend.','8',8.00,'2025-09-24 14:52:00','2026-02-13 03:10:03','2026-02-13 03:10:03'),(1101,12,28,'userid_fb8b530d07e01','c18b9f2a-e2f5-477f-9',14,'UTSurveyType0006','Q_e620d43d83722587','Can you elaborate?','I think there will be demand for this keyboard in the Japanese market as a work keyboard.',NULL,'2025-09-24 14:52:00','2026-02-13 03:10:03','2026-02-13 03:10:03'),(1102,12,28,'userid_fb8b530d07e01','c18b9f2a-e2f5-477f-9',14,'UTSurveyType0006','Q_8d9429894f670a3e','Taking into consideration any functional hurdles you\'ve come across with this device, do you believe it\'s ready for a market release?','Yes',NULL,'2025-09-24 14:52:00','2026-02-13 03:10:03','2026-02-13 03:10:03'),(1103,12,28,'userid_fb8b530d07e01','c18b9f2a-e2f5-477f-9',14,'UTSurveyType0006','Q_e620d43d83722587','Can you elaborate?','I think there will be demand for this keyboard in the Japanese market as a work keyboard.',NULL,'2025-09-24 14:52:00','2026-02-13 03:10:03','2026-02-13 03:10:03'),(1104,12,28,'userid_fb8b530d07e01','c18b9f2a-e2f5-477f-9',14,'UTSurveyType0006','Q_54fdfe83950615c9','Please let us know any other comments you have about your experience with this device.',NULL,NULL,'2025-09-24 14:52:00','2026-02-13 03:10:03','2026-02-13 03:10:03'),(1105,12,28,'userid_fb8b530d07e01','c18b9f2a-e2f5-477f-9',14,'UTSurveyType0006','Q_7144c9a9217c2254','What was your favorite thing about this product?','Design and Product specs.',NULL,'2025-09-24 14:52:00','2026-02-13 03:10:03','2026-02-13 03:10:03'),(1106,12,28,'userid_fb8b530d07e01','c18b9f2a-e2f5-477f-9',14,'UTSurveyType0006','Q_ec4274a61b6ab8d5','What\'s one thing that you think we can still improve on this product?','nothing special.',NULL,'2025-09-24 14:52:00','2026-02-13 03:10:03','2026-02-13 03:10:03'),(1107,12,28,'userid_fb8b530d07e01','c18b9f2a-e2f5-477f-9',14,'UTSurveyType0006','Q_0d1e464662a6ec23','Do you agree to be contacted for follow up questions from the internal teams?','I agree, I\'m willing to help!',NULL,'2025-09-24 14:52:00','2026-02-13 03:10:03','2026-02-13 03:10:03'),(1108,12,29,'userid_fb8b537607e01','c18b9f2a-e2f5-477f-9',14,'UTSurveyType0006','Q_21eb497b66eb1a1a','What is your name?','Kenta Frank Oda',NULL,'2025-09-24 16:17:00','2026-02-13 03:10:06','2026-02-13 03:10:06'),(1109,12,29,'userid_fb8b537607e01','c18b9f2a-e2f5-477f-9',14,'UTSurveyType0006','Q_6ca3809bc801ea0c','What gender do you identify with?','Male',NULL,'2025-09-24 16:17:00','2026-02-13 03:10:06','2026-02-13 03:10:06'),(1110,12,29,'userid_fb8b537607e01','c18b9f2a-e2f5-477f-9',14,'UTSurveyType0006','Q_cca57fe036393e59','What is your age range?','31 - 40',NULL,'2025-09-24 16:17:00','2026-02-13 03:10:06','2026-02-13 03:10:06'),(1111,12,29,'userid_fb8b537607e01','c18b9f2a-e2f5-477f-9',14,'UTSurveyType0006','Q_7bc5e7f6b5915a1e','Where are you from?','Japan',NULL,'2025-09-24 16:17:00','2026-02-13 03:10:06','2026-02-13 03:10:06'),(1112,12,29,'userid_fb8b537607e01','c18b9f2a-e2f5-477f-9',14,'UTSurveyType0006','Q_43daedac0a08cf8c','What OS are you using?','Windows',NULL,'2025-09-24 16:17:00','2026-02-13 03:10:06','2026-02-13 03:10:06'),(1113,12,29,'userid_fb8b537607e01','c18b9f2a-e2f5-477f-9',14,'UTSurveyType0006','Q_fb99225770e4860f','Have you ever used a mechanical keyboard before?','Yes - I liked it',NULL,'2025-09-24 16:17:00','2026-02-13 03:10:06','2026-02-13 03:10:06'),(1114,12,29,'userid_fb8b537607e01','c18b9f2a-e2f5-477f-9',14,'UTSurveyType0006','Q_912b7c9823702d30','How would you rate this product on a scale of 1 - 5?','3',3.00,'2025-09-24 16:17:00','2026-02-13 03:10:06','2026-02-13 03:10:06'),(1115,12,29,'userid_fb8b537607e01','c18b9f2a-e2f5-477f-9',14,'UTSurveyType0006','Q_4f186aae6dfa147f','Briefly, can you tell us why you\'ve rated it this way.','The right shift is too small and I miss type due to it multiple times.',NULL,'2025-09-24 16:17:00','2026-02-13 03:10:06','2026-02-13 03:10:06'),(1116,12,29,'userid_fb8b537607e01','c18b9f2a-e2f5-477f-9',14,'UTSurveyType0006','Q_a9b70e9268acdf03','Overall how would you rate the software experience?','4',4.00,'2025-09-24 16:17:00','2026-02-13 03:10:06','2026-02-13 03:10:06'),(1117,12,29,'userid_fb8b537607e01','c18b9f2a-e2f5-477f-9',14,'UTSurveyType0006','Q_44297eef83590efd','Can you share more?','No issue with the software but nothing that I felt that was amazing.',NULL,'2025-09-24 16:17:00','2026-02-13 03:10:06','2026-02-13 03:10:06'),(1118,12,29,'userid_fb8b537607e01','c18b9f2a-e2f5-477f-9',14,'UTSurveyType0006','Q_939652c6f1af35de','How easy to follow was the onboarding for Fujian? (1 = Very difficult)','5',5.00,'2025-09-24 16:17:00','2026-02-13 03:10:06','2026-02-13 03:10:06'),(1119,12,29,'userid_fb8b537607e01','c18b9f2a-e2f5-477f-9',14,'UTSurveyType0006','Q_654f809d7dae0168','Did you customize the Action keys?','No, but I knew I could',NULL,'2025-09-24 16:17:00','2026-02-13 03:10:06','2026-02-13 03:10:06'),(1120,12,29,'userid_fb8b537607e01','c18b9f2a-e2f5-477f-9',14,'UTSurveyType0006','Q_4b4d5ae4d5ffb626','Can you tell us more?',NULL,NULL,'2025-09-24 16:17:00','2026-02-13 03:10:06','2026-02-13 03:10:06'),(1121,12,29,'userid_fb8b537607e01','c18b9f2a-e2f5-477f-9',14,'UTSurveyType0006','Q_008c7d2b7f3a3d77','How would your rate the overall typing experience with this keyboard?','4',4.00,'2025-09-24 16:17:00','2026-02-13 03:10:06','2026-02-13 03:10:06'),(1122,12,29,'userid_fb8b537607e01','c18b9f2a-e2f5-477f-9',14,'UTSurveyType0006','Q_866037fcddacafe6','How do you feel about the sound while typing?','4',4.00,'2025-09-24 16:17:00','2026-02-13 03:10:06','2026-02-13 03:10:06'),(1123,12,29,'userid_fb8b537607e01','c18b9f2a-e2f5-477f-9',14,'UTSurveyType0006','Q_0f078b1d055e3736','Please tell us more','No issue with battery.',NULL,'2025-09-24 16:17:00','2026-02-13 03:10:06','2026-02-13 03:10:06'),(1124,12,29,'userid_fb8b537607e01','c18b9f2a-e2f5-477f-9',14,'UTSurveyType0006','Q_57c116fc87b3693b','This keyboard feels sturdy','5',5.00,'2025-09-24 16:17:00','2026-02-13 03:10:06','2026-02-13 03:10:06'),(1125,12,29,'userid_fb8b537607e01','c18b9f2a-e2f5-477f-9',14,'UTSurveyType0006','Q_fe53237382c01c82','How did you feel about the keyboard legs? (1= Very poor)','5',5.00,'2025-09-24 16:17:00','2026-02-13 03:10:06','2026-02-13 03:10:06'),(1126,12,29,'userid_fb8b537607e01','c18b9f2a-e2f5-477f-9',14,'UTSurveyType0006','Q_abcf1cc199f381e3','How secure did the USB dongle feel in the USB storage space on the back of the keyboard? (1 = Not very secure)','5',5.00,'2025-09-24 16:17:00','2026-02-13 03:10:06','2026-02-13 03:10:06'),(1127,12,29,'userid_fb8b537607e01','c18b9f2a-e2f5-477f-9',14,'UTSurveyType0006','Q_0f078b1d055e3736','Please tell us more','No issue with battery.',NULL,'2025-09-24 16:17:00','2026-02-13 03:10:06','2026-02-13 03:10:06'),(1128,12,29,'userid_fb8b537607e01','c18b9f2a-e2f5-477f-9',14,'UTSurveyType0006','Q_ad77dfaf113ba7a8','How satisfied are you with the battery life of the keyboard ?','5',5.00,'2025-09-24 16:17:00','2026-02-13 03:10:06','2026-02-13 03:10:06'),(1129,12,29,'userid_fb8b537607e01','c18b9f2a-e2f5-477f-9',14,'UTSurveyType0006','Q_08a83026b7b0749d','How satisfied are you with the charging of the keyboard ?','5',5.00,'2025-09-24 16:17:00','2026-02-13 03:10:06','2026-02-13 03:10:06'),(1130,12,29,'userid_fb8b537607e01','c18b9f2a-e2f5-477f-9',14,'UTSurveyType0006','Q_0f078b1d055e3736','Please tell us more','No issue with battery.',NULL,'2025-09-24 16:17:00','2026-02-13 03:10:06','2026-02-13 03:10:06'),(1131,12,29,'userid_fb8b537607e01','c18b9f2a-e2f5-477f-9',14,'UTSurveyType0006','Q_3818fe0ae092f1b6','How would you rate the backlit keys overall?','4',4.00,'2025-09-24 16:17:00','2026-02-13 03:10:06','2026-02-13 03:10:06'),(1132,12,29,'userid_fb8b537607e01','c18b9f2a-e2f5-477f-9',14,'UTSurveyType0006','Q_d0fd335936075623','How would you rate the brightness of the backlighting?','4',4.00,'2025-09-24 16:17:00','2026-02-13 03:10:06','2026-02-13 03:10:06'),(1133,12,29,'userid_fb8b537607e01','c18b9f2a-e2f5-477f-9',14,'UTSurveyType0006','Q_5d118267976b3797','Tell us more','No issue but nothing amazing.',NULL,'2025-09-24 16:17:00','2026-02-13 03:10:06','2026-02-13 03:10:06'),(1134,12,29,'userid_fb8b537607e01','c18b9f2a-e2f5-477f-9',14,'UTSurveyType0006','Q_6bb5008eb1542066','How often did you turn the backlit keys off?','I never turned the backlight off',NULL,'2025-09-24 16:17:00','2026-02-13 03:10:06','2026-02-13 03:10:06'),(1135,12,29,'userid_fb8b537607e01','c18b9f2a-e2f5-477f-9',14,'UTSurveyType0006','Q_0cec647b3dbe9ee3','What level (brightness) of backlighting did you choose?','My backlighting was at the brightest setting',NULL,'2025-09-24 16:17:00','2026-02-13 03:10:06','2026-02-13 03:10:06'),(1136,12,29,'userid_fb8b537607e01','c18b9f2a-e2f5-477f-9',14,'UTSurveyType0006','Q_7fc40c8ecd98b168','How intuitive was it to change the backlight brightness? (1 = Very unintuitive)','4',4.00,'2025-09-24 16:17:00','2026-02-13 03:10:06','2026-02-13 03:10:06'),(1137,12,29,'userid_fb8b537607e01','c18b9f2a-e2f5-477f-9',14,'UTSurveyType0006','Q_4b4d5ae4d5ffb626','Can you tell us more?',NULL,NULL,'2025-09-24 16:17:00','2026-02-13 03:10:06','2026-02-13 03:10:06'),(1138,12,29,'userid_fb8b537607e01','c18b9f2a-e2f5-477f-9',14,'UTSurveyType0006','Q_32aa8dd2e7f94875','Can you rate the look of the keycaps?','4',4.00,'2025-09-24 16:17:00','2026-02-13 03:10:06','2026-02-13 03:10:06'),(1139,12,29,'userid_fb8b537607e01','c18b9f2a-e2f5-477f-9',14,'UTSurveyType0006','Q_a7b8b58f255317bf','Can you rate the feel of the keycaps?','4',4.00,'2025-09-24 16:17:00','2026-02-13 03:10:06','2026-02-13 03:10:06'),(1140,12,29,'userid_fb8b537607e01','c18b9f2a-e2f5-477f-9',14,'UTSurveyType0006','Q_e620d43d83722587','Can you elaborate?','If we could figure out a way to get the shift longer like in the MX keys it would be great.',NULL,'2025-09-24 16:17:00','2026-02-13 03:10:06','2026-02-13 03:10:06'),(1141,12,29,'userid_fb8b537607e01','c18b9f2a-e2f5-477f-9',14,'UTSurveyType0006','Q_52564b4f93bb450d','I would recommend this product to a friend.','5',5.00,'2025-09-24 16:17:00','2026-02-13 03:10:06','2026-02-13 03:10:06'),(1142,12,29,'userid_fb8b537607e01','c18b9f2a-e2f5-477f-9',14,'UTSurveyType0006','Q_e620d43d83722587','Can you elaborate?','If we could figure out a way to get the shift longer like in the MX keys it would be great.',NULL,'2025-09-24 16:17:00','2026-02-13 03:10:06','2026-02-13 03:10:06'),(1143,12,29,'userid_fb8b537607e01','c18b9f2a-e2f5-477f-9',14,'UTSurveyType0006','Q_8d9429894f670a3e','Taking into consideration any functional hurdles you\'ve come across with this device, do you believe it\'s ready for a market release?','No',NULL,'2025-09-24 16:17:00','2026-02-13 03:10:06','2026-02-13 03:10:06'),(1144,12,29,'userid_fb8b537607e01','c18b9f2a-e2f5-477f-9',14,'UTSurveyType0006','Q_e620d43d83722587','Can you elaborate?','If we could figure out a way to get the shift longer like in the MX keys it would be great.',NULL,'2025-09-24 16:17:00','2026-02-13 03:10:06','2026-02-13 03:10:06'),(1145,12,29,'userid_fb8b537607e01','c18b9f2a-e2f5-477f-9',14,'UTSurveyType0006','Q_54fdfe83950615c9','Please let us know any other comments you have about your experience with this device.',NULL,NULL,'2025-09-24 16:17:00','2026-02-13 03:10:06','2026-02-13 03:10:06'),(1146,12,29,'userid_fb8b537607e01','c18b9f2a-e2f5-477f-9',14,'UTSurveyType0006','Q_7144c9a9217c2254','What was your favorite thing about this product?',NULL,NULL,'2025-09-24 16:17:00','2026-02-13 03:10:06','2026-02-13 03:10:06'),(1147,12,29,'userid_fb8b537607e01','c18b9f2a-e2f5-477f-9',14,'UTSurveyType0006','Q_ec4274a61b6ab8d5','What\'s one thing that you think we can still improve on this product?','Right side shift.',NULL,'2025-09-24 16:17:00','2026-02-13 03:10:06','2026-02-13 03:10:06'),(1148,12,29,'userid_fb8b537607e01','c18b9f2a-e2f5-477f-9',14,'UTSurveyType0006','Q_0d1e464662a6ec23','Do you agree to be contacted for follow up questions from the internal teams?','I agree, I\'m willing to help!',NULL,'2025-09-24 16:17:00','2026-02-13 03:10:06','2026-02-13 03:10:06'),(1149,12,30,'userid_fb8b534207e01','c18b9f2a-e2f5-477f-9',14,'UTSurveyType0006','Q_21eb497b66eb1a1a','What is your name?','Katsura Beppu',NULL,'2025-09-25 08:53:00','2026-02-13 03:10:10','2026-02-13 03:10:10'),(1150,12,30,'userid_fb8b534207e01','c18b9f2a-e2f5-477f-9',14,'UTSurveyType0006','Q_6ca3809bc801ea0c','What gender do you identify with?','Female',NULL,'2025-09-25 08:53:00','2026-02-13 03:10:10','2026-02-13 03:10:10'),(1151,12,30,'userid_fb8b534207e01','c18b9f2a-e2f5-477f-9',14,'UTSurveyType0006','Q_cca57fe036393e59','What is your age range?','51 - 60',NULL,'2025-09-25 08:53:00','2026-02-13 03:10:10','2026-02-13 03:10:10'),(1152,12,30,'userid_fb8b534207e01','c18b9f2a-e2f5-477f-9',14,'UTSurveyType0006','Q_7bc5e7f6b5915a1e','Where are you from?','Japan',NULL,'2025-09-25 08:53:00','2026-02-13 03:10:10','2026-02-13 03:10:10'),(1153,12,30,'userid_fb8b534207e01','c18b9f2a-e2f5-477f-9',14,'UTSurveyType0006','Q_43daedac0a08cf8c','What OS are you using?','MacOS',NULL,'2025-09-25 08:53:00','2026-02-13 03:10:10','2026-02-13 03:10:10'),(1154,12,30,'userid_fb8b534207e01','c18b9f2a-e2f5-477f-9',14,'UTSurveyType0006','Q_fb99225770e4860f','Have you ever used a mechanical keyboard before?','Yes - I liked it',NULL,'2025-09-25 08:53:00','2026-02-13 03:10:10','2026-02-13 03:10:10'),(1155,12,30,'userid_fb8b534207e01','c18b9f2a-e2f5-477f-9',14,'UTSurveyType0006','Q_912b7c9823702d30','How would you rate this product on a scale of 1 - 5?','3',3.00,'2025-09-25 08:53:00','2026-02-13 03:10:10','2026-02-13 03:10:10'),(1156,12,30,'userid_fb8b534207e01','c18b9f2a-e2f5-477f-9',14,'UTSurveyType0006','Q_4f186aae6dfa147f','Briefly, can you tell us why you\'ve rated it this way.','I like the tactile feedback, but the keys are too small and hard to type on.',NULL,'2025-09-25 08:53:00','2026-02-13 03:10:10','2026-02-13 03:10:10'),(1157,12,30,'userid_fb8b534207e01','c18b9f2a-e2f5-477f-9',14,'UTSurveyType0006','Q_a9b70e9268acdf03','Overall how would you rate the software experience?','3',3.00,'2025-09-25 08:53:00','2026-02-13 03:10:10','2026-02-13 03:10:10'),(1158,12,30,'userid_fb8b534207e01','c18b9f2a-e2f5-477f-9',14,'UTSurveyType0006','Q_44297eef83590efd','Can you share more?',NULL,NULL,'2025-09-25 08:53:00','2026-02-13 03:10:10','2026-02-13 03:10:10'),(1159,12,30,'userid_fb8b534207e01','c18b9f2a-e2f5-477f-9',14,'UTSurveyType0006','Q_939652c6f1af35de','How easy to follow was the onboarding for Fujian? (1 = Very difficult)','5',5.00,'2025-09-25 08:53:00','2026-02-13 03:10:10','2026-02-13 03:10:10'),(1160,12,30,'userid_fb8b534207e01','c18b9f2a-e2f5-477f-9',14,'UTSurveyType0006','Q_654f809d7dae0168','Did you customize the Action keys?','No, but I knew I could',NULL,'2025-09-25 08:53:00','2026-02-13 03:10:10','2026-02-13 03:10:10'),(1161,12,30,'userid_fb8b534207e01','c18b9f2a-e2f5-477f-9',14,'UTSurveyType0006','Q_4b4d5ae4d5ffb626','Can you tell us more?',NULL,NULL,'2025-09-25 08:53:00','2026-02-13 03:10:10','2026-02-13 03:10:10'),(1162,12,30,'userid_fb8b534207e01','c18b9f2a-e2f5-477f-9',14,'UTSurveyType0006','Q_008c7d2b7f3a3d77','How would your rate the overall typing experience with this keyboard?','5',5.00,'2025-09-25 08:53:00','2026-02-13 03:10:10','2026-02-13 03:10:10'),(1163,12,30,'userid_fb8b534207e01','c18b9f2a-e2f5-477f-9',14,'UTSurveyType0006','Q_866037fcddacafe6','How do you feel about the sound while typing?','5',5.00,'2025-09-25 08:53:00','2026-02-13 03:10:10','2026-02-13 03:10:10'),(1164,12,30,'userid_fb8b534207e01','c18b9f2a-e2f5-477f-9',14,'UTSurveyType0006','Q_0f078b1d055e3736','Please tell us more',NULL,NULL,'2025-09-25 08:53:00','2026-02-13 03:10:10','2026-02-13 03:10:10'),(1165,12,30,'userid_fb8b534207e01','c18b9f2a-e2f5-477f-9',14,'UTSurveyType0006','Q_57c116fc87b3693b','This keyboard feels sturdy','5',5.00,'2025-09-25 08:53:00','2026-02-13 03:10:10','2026-02-13 03:10:10'),(1166,12,30,'userid_fb8b534207e01','c18b9f2a-e2f5-477f-9',14,'UTSurveyType0006','Q_fe53237382c01c82','How did you feel about the keyboard legs? (1= Very poor)','5',5.00,'2025-09-25 08:53:00','2026-02-13 03:10:10','2026-02-13 03:10:10'),(1167,12,30,'userid_fb8b534207e01','c18b9f2a-e2f5-477f-9',14,'UTSurveyType0006','Q_abcf1cc199f381e3','How secure did the USB dongle feel in the USB storage space on the back of the keyboard? (1 = Not very secure)','4',4.00,'2025-09-25 08:53:00','2026-02-13 03:10:10','2026-02-13 03:10:10'),(1168,12,30,'userid_fb8b534207e01','c18b9f2a-e2f5-477f-9',14,'UTSurveyType0006','Q_0f078b1d055e3736','Please tell us more',NULL,NULL,'2025-09-25 08:53:00','2026-02-13 03:10:10','2026-02-13 03:10:10'),(1169,12,30,'userid_fb8b534207e01','c18b9f2a-e2f5-477f-9',14,'UTSurveyType0006','Q_ad77dfaf113ba7a8','How satisfied are you with the battery life of the keyboard ?','5',5.00,'2025-09-25 08:53:00','2026-02-13 03:10:10','2026-02-13 03:10:10'),(1170,12,30,'userid_fb8b534207e01','c18b9f2a-e2f5-477f-9',14,'UTSurveyType0006','Q_08a83026b7b0749d','How satisfied are you with the charging of the keyboard ?','5',5.00,'2025-09-25 08:53:00','2026-02-13 03:10:10','2026-02-13 03:10:10'),(1171,12,30,'userid_fb8b534207e01','c18b9f2a-e2f5-477f-9',14,'UTSurveyType0006','Q_0f078b1d055e3736','Please tell us more',NULL,NULL,'2025-09-25 08:53:00','2026-02-13 03:10:10','2026-02-13 03:10:10'),(1172,12,30,'userid_fb8b534207e01','c18b9f2a-e2f5-477f-9',14,'UTSurveyType0006','Q_3818fe0ae092f1b6','How would you rate the backlit keys overall?','5',5.00,'2025-09-25 08:53:00','2026-02-13 03:10:10','2026-02-13 03:10:10'),(1173,12,30,'userid_fb8b534207e01','c18b9f2a-e2f5-477f-9',14,'UTSurveyType0006','Q_d0fd335936075623','How would you rate the brightness of the backlighting?','4',4.00,'2025-09-25 08:53:00','2026-02-13 03:10:10','2026-02-13 03:10:10'),(1174,12,30,'userid_fb8b534207e01','c18b9f2a-e2f5-477f-9',14,'UTSurveyType0006','Q_5d118267976b3797','Tell us more',NULL,NULL,'2025-09-25 08:53:00','2026-02-13 03:10:10','2026-02-13 03:10:10'),(1175,12,30,'userid_fb8b534207e01','c18b9f2a-e2f5-477f-9',14,'UTSurveyType0006','Q_6bb5008eb1542066','How often did you turn the backlit keys off?','I didn\'t know I could change this setting',NULL,'2025-09-25 08:53:00','2026-02-13 03:10:10','2026-02-13 03:10:10'),(1176,12,30,'userid_fb8b534207e01','c18b9f2a-e2f5-477f-9',14,'UTSurveyType0006','Q_0cec647b3dbe9ee3','What level (brightness) of backlighting did you choose?','My backlighting was at the mid-brightness setting',NULL,'2025-09-25 08:53:00','2026-02-13 03:10:10','2026-02-13 03:10:10'),(1177,12,30,'userid_fb8b534207e01','c18b9f2a-e2f5-477f-9',14,'UTSurveyType0006','Q_7fc40c8ecd98b168','How intuitive was it to change the backlight brightness? (1 = Very unintuitive)','4',4.00,'2025-09-25 08:53:00','2026-02-13 03:10:10','2026-02-13 03:10:10'),(1178,12,30,'userid_fb8b534207e01','c18b9f2a-e2f5-477f-9',14,'UTSurveyType0006','Q_4b4d5ae4d5ffb626','Can you tell us more?',NULL,NULL,'2025-09-25 08:53:00','2026-02-13 03:10:10','2026-02-13 03:10:10'),(1179,12,30,'userid_fb8b534207e01','c18b9f2a-e2f5-477f-9',14,'UTSurveyType0006','Q_32aa8dd2e7f94875','Can you rate the look of the keycaps?','3',3.00,'2025-09-25 08:53:00','2026-02-13 03:10:10','2026-02-13 03:10:10'),(1180,12,30,'userid_fb8b534207e01','c18b9f2a-e2f5-477f-9',14,'UTSurveyType0006','Q_a7b8b58f255317bf','Can you rate the feel of the keycaps?','3',3.00,'2025-09-25 08:53:00','2026-02-13 03:10:10','2026-02-13 03:10:10'),(1181,12,30,'userid_fb8b534207e01','c18b9f2a-e2f5-477f-9',14,'UTSurveyType0006','Q_e620d43d83722587','Can you elaborate?','Regardless of my personal opinion, the fact that gasket keyboards are selling like hotcakes in the Chinese market makes me confident they\'ll appeal to gadget enthusiasts who love the latest and greatest.',NULL,'2025-09-25 08:53:00','2026-02-13 03:10:10','2026-02-13 03:10:10'),(1182,12,30,'userid_fb8b534207e01','c18b9f2a-e2f5-477f-9',14,'UTSurveyType0006','Q_52564b4f93bb450d','I would recommend this product to a friend.','5',5.00,'2025-09-25 08:53:00','2026-02-13 03:10:10','2026-02-13 03:10:10'),(1183,12,30,'userid_fb8b534207e01','c18b9f2a-e2f5-477f-9',14,'UTSurveyType0006','Q_e620d43d83722587','Can you elaborate?','Regardless of my personal opinion, the fact that gasket keyboards are selling like hotcakes in the Chinese market makes me confident they\'ll appeal to gadget enthusiasts who love the latest and greatest.',NULL,'2025-09-25 08:53:00','2026-02-13 03:10:10','2026-02-13 03:10:10'),(1184,12,30,'userid_fb8b534207e01','c18b9f2a-e2f5-477f-9',14,'UTSurveyType0006','Q_8d9429894f670a3e','Taking into consideration any functional hurdles you\'ve come across with this device, do you believe it\'s ready for a market release?','Yes',NULL,'2025-09-25 08:53:00','2026-02-13 03:10:10','2026-02-13 03:10:10'),(1185,12,30,'userid_fb8b534207e01','c18b9f2a-e2f5-477f-9',14,'UTSurveyType0006','Q_e620d43d83722587','Can you elaborate?','Regardless of my personal opinion, the fact that gasket keyboards are selling like hotcakes in the Chinese market makes me confident they\'ll appeal to gadget enthusiasts who love the latest and greatest.',NULL,'2025-09-25 08:53:00','2026-02-13 03:10:10','2026-02-13 03:10:10'),(1186,12,30,'userid_fb8b534207e01','c18b9f2a-e2f5-477f-9',14,'UTSurveyType0006','Q_54fdfe83950615c9','Please let us know any other comments you have about your experience with this device.',NULL,NULL,'2025-09-25 08:53:00','2026-02-13 03:10:10','2026-02-13 03:10:10'),(1187,12,30,'userid_fb8b534207e01','c18b9f2a-e2f5-477f-9',14,'UTSurveyType0006','Q_7144c9a9217c2254','What was your favorite thing about this product?','The distinctive tactile feedback of the gasket',NULL,'2025-09-25 08:53:00','2026-02-13 03:10:10','2026-02-13 03:10:10'),(1188,12,30,'userid_fb8b534207e01','c18b9f2a-e2f5-477f-9',14,'UTSurveyType0006','Q_ec4274a61b6ab8d5','What\'s one thing that you think we can still improve on this product?','Key size. Personally, I think if the keycap size could be adjusted to be about the size of the MX Mechanical Mini, combined with this typing feel, it would make for the ultimate product.',NULL,'2025-09-25 08:53:00','2026-02-13 03:10:10','2026-02-13 03:10:10'),(1189,12,30,'userid_fb8b534207e01','c18b9f2a-e2f5-477f-9',14,'UTSurveyType0006','Q_0d1e464662a6ec23','Do you agree to be contacted for follow up questions from the internal teams?','I  disagree, please don\'t contact me.',NULL,'2025-09-25 08:53:00','2026-02-13 03:10:10','2026-02-13 03:10:10');
/*!40000 ALTER TABLE `survey_answers` ENABLE KEYS */;
UNLOCK TABLES;

--
-- Table structure for table `survey_distribution`
--

DROP TABLE IF EXISTS `survey_distribution`;
/*!40101 SET @saved_cs_client     = @@character_set_client */;
/*!50503 SET character_set_client = utf8mb4 */;
CREATE TABLE `survey_distribution` (
  `DistributionID` bigint unsigned NOT NULL AUTO_INCREMENT,
  `SurveyID` bigint unsigned NOT NULL,
  `ProjectID` varchar(48) NOT NULL,
  `RoundID` int NOT NULL,
  `user_id` varchar(20) NOT NULL,
  `SurveyTypeID` varchar(20) NOT NULL,
  `SentAt` datetime NOT NULL,
  `OpenedAt` datetime DEFAULT NULL,
  `CompletedAt` datetime DEFAULT NULL,
  `Deadline` datetime DEFAULT NULL,
  `ReminderCount` int unsigned DEFAULT '0',
  `LastReminderAt` datetime DEFAULT NULL,
  `Status` enum('not_sent','sent','opened','completed','late','dropped') DEFAULT 'sent',
  `CreatedAt` datetime DEFAULT CURRENT_TIMESTAMP,
  `UpdatedAt` datetime DEFAULT CURRENT_TIMESTAMP ON UPDATE CURRENT_TIMESTAMP,
  PRIMARY KEY (`DistributionID`),
  KEY `idx_survey_user` (`SurveyID`,`user_id`),
  KEY `idx_user` (`user_id`),
  KEY `idx_round` (`RoundID`),
  KEY `idx_survey_type` (`SurveyTypeID`),
  KEY `idx_status` (`Status`),
  KEY `fk_dist_project` (`ProjectID`),
  CONSTRAINT `fk_dist_project` FOREIGN KEY (`ProjectID`) REFERENCES `project_projects` (`ProjectID`) ON DELETE CASCADE,
  CONSTRAINT `fk_dist_round` FOREIGN KEY (`RoundID`) REFERENCES `project_rounds` (`RoundID`) ON DELETE CASCADE,
  CONSTRAINT `fk_dist_survey` FOREIGN KEY (`SurveyID`) REFERENCES `survey_tracker` (`SurveyID`) ON DELETE CASCADE,
  CONSTRAINT `fk_dist_type` FOREIGN KEY (`SurveyTypeID`) REFERENCES `survey_types` (`SurveyTypeID`) ON DELETE RESTRICT,
  CONSTRAINT `fk_dist_user` FOREIGN KEY (`user_id`) REFERENCES `user_pool` (`user_id`) ON DELETE CASCADE
) ENGINE=InnoDB AUTO_INCREMENT=31 DEFAULT CHARSET=utf8mb4 COLLATE=utf8mb4_0900_ai_ci;
/*!40101 SET character_set_client = @saved_cs_client */;

--
-- Dumping data for table `survey_distribution`
--

LOCK TABLES `survey_distribution` WRITE;
/*!40000 ALTER TABLE `survey_distribution` DISABLE KEYS */;
INSERT INTO `survey_distribution` VALUES (2,12,'c18b9f2a-e2f5-477f-9117-0af1d0c8fa6a',14,'userid_fb8b506807e01','UTSurveyType0006','2025-08-27 13:19:00',NULL,'2025-08-27 13:19:00',NULL,0,NULL,'completed','2026-02-13 03:08:48','2026-02-13 03:08:48'),(3,12,'c18b9f2a-e2f5-477f-9117-0af1d0c8fa6a',14,'userid_fb8b508e07e01','UTSurveyType0006','2025-08-27 14:27:00',NULL,'2025-08-27 14:27:00',NULL,0,NULL,'completed','2026-02-13 03:08:51','2026-02-13 03:08:51'),(4,12,'c18b9f2a-e2f5-477f-9117-0af1d0c8fa6a',14,'userid_fb8b50ac07e01','UTSurveyType0006','2025-08-27 15:00:00',NULL,'2025-08-27 15:00:00',NULL,0,NULL,'completed','2026-02-13 03:08:54','2026-02-13 03:08:54'),(5,12,'c18b9f2a-e2f5-477f-9117-0af1d0c8fa6a',14,'userid_fb8b50c807e01','UTSurveyType0006','2025-08-28 09:45:00',NULL,'2025-08-28 09:45:00',NULL,0,NULL,'completed','2026-02-13 03:08:57','2026-02-13 03:08:57'),(6,12,'c18b9f2a-e2f5-477f-9117-0af1d0c8fa6a',14,'userid_fb8b4fd007e01','UTSurveyType0006','2025-08-29 15:26:00',NULL,'2025-08-29 15:26:00',NULL,0,NULL,'completed','2026-02-13 03:09:00','2026-02-13 03:09:00'),(7,12,'c18b9f2a-e2f5-477f-9117-0af1d0c8fa6a',14,'userid_fb8b50e707e01','UTSurveyType0006','2025-08-29 15:48:00',NULL,'2025-08-29 15:48:00',NULL,0,NULL,'completed','2026-02-13 03:09:03','2026-02-13 03:09:03'),(8,12,'c18b9f2a-e2f5-477f-9117-0af1d0c8fa6a',14,'userid_fb8b510307e01','UTSurveyType0006','2025-09-09 13:17:00',NULL,'2025-09-09 13:17:00',NULL,0,NULL,'completed','2026-02-13 03:09:06','2026-02-13 03:09:06'),(9,12,'c18b9f2a-e2f5-477f-9117-0af1d0c8fa6a',14,'userid_fb8b51e107e01','UTSurveyType0006','2025-09-11 11:58:00',NULL,'2025-09-11 11:58:00',NULL,0,NULL,'completed','2026-02-13 03:09:08','2026-02-13 03:09:08'),(10,12,'c18b9f2a-e2f5-477f-9117-0af1d0c8fa6a',14,'userid_fb8b512107e01','UTSurveyType0006','2025-09-11 17:45:00',NULL,'2025-09-11 17:45:00',NULL,0,NULL,'completed','2026-02-13 03:09:11','2026-02-13 03:09:11'),(11,12,'c18b9f2a-e2f5-477f-9117-0af1d0c8fa6a',14,'userid_fb8b513f07e01','UTSurveyType0006','2025-09-11 22:57:00',NULL,'2025-09-11 22:57:00',NULL,0,NULL,'completed','2026-02-13 03:09:14','2026-02-13 03:09:14'),(12,12,'c18b9f2a-e2f5-477f-9117-0af1d0c8fa6a',14,'userid_fb8b515907e01','UTSurveyType0006','2025-09-14 11:30:00',NULL,'2025-09-14 11:30:00',NULL,0,NULL,'completed','2026-02-13 03:09:17','2026-02-13 03:09:17'),(13,12,'c18b9f2a-e2f5-477f-9117-0af1d0c8fa6a',14,'userid_fb8b517307e01','UTSurveyType0006','2025-09-15 10:35:00',NULL,'2025-09-15 10:35:00',NULL,0,NULL,'completed','2026-02-13 03:09:20','2026-02-13 03:09:20'),(14,12,'c18b9f2a-e2f5-477f-9117-0af1d0c8fa6a',14,'userid_fb8b51aa07e01','UTSurveyType0006','2025-09-15 11:54:00',NULL,'2025-09-15 11:54:00',NULL,0,NULL,'completed','2026-02-13 03:09:23','2026-02-13 03:09:23'),(15,12,'c18b9f2a-e2f5-477f-9117-0af1d0c8fa6a',14,'userid_fb8b51c507e01','UTSurveyType0006','2025-09-15 23:21:00',NULL,'2025-09-15 23:21:00',NULL,0,NULL,'completed','2026-02-13 03:09:26','2026-02-13 03:09:26'),(16,12,'c18b9f2a-e2f5-477f-9117-0af1d0c8fa6a',14,'userid_fb8b518f07e01','UTSurveyType0006','2025-09-16 04:35:00',NULL,'2025-09-16 04:35:00',NULL,0,NULL,'completed','2026-02-13 03:09:28','2026-02-13 03:09:28'),(17,12,'c18b9f2a-e2f5-477f-9117-0af1d0c8fa6a',14,'userid_fb8b51fc07e01','UTSurveyType0006','2025-09-16 06:35:00',NULL,'2025-09-16 06:35:00',NULL,0,NULL,'completed','2026-02-13 03:09:32','2026-02-13 03:09:32'),(18,12,'c18b9f2a-e2f5-477f-9117-0af1d0c8fa6a',14,'userid_fb8b52a007e01','UTSurveyType0006','2025-09-17 23:48:00',NULL,'2025-09-17 23:48:00',NULL,0,NULL,'completed','2026-02-13 03:09:35','2026-02-13 03:09:35'),(19,12,'c18b9f2a-e2f5-477f-9117-0af1d0c8fa6a',14,'userid_fb8b526a07e01','UTSurveyType0006','2025-09-23 03:23:00',NULL,'2025-09-23 03:23:00',NULL,0,NULL,'completed','2026-02-13 03:09:37','2026-02-13 03:09:37'),(20,12,'c18b9f2a-e2f5-477f-9117-0af1d0c8fa6a',14,'userid_fb8b524c07e01','UTSurveyType0006','2025-09-23 13:35:00',NULL,'2025-09-23 13:35:00',NULL,0,NULL,'completed','2026-02-13 03:09:40','2026-02-13 03:09:40'),(21,12,'c18b9f2a-e2f5-477f-9117-0af1d0c8fa6a',14,'userid_fb8b528507e01','UTSurveyType0006','2025-09-23 14:09:00',NULL,'2025-09-23 14:09:00',NULL,0,NULL,'completed','2026-02-13 03:09:43','2026-02-13 03:09:43'),(22,12,'c18b9f2a-e2f5-477f-9117-0af1d0c8fa6a',14,'userid_fb8b523107e01','UTSurveyType0006','2025-09-24 06:45:00',NULL,'2025-09-24 06:45:00',NULL,0,NULL,'completed','2026-02-13 03:09:46','2026-02-13 03:09:46'),(23,12,'c18b9f2a-e2f5-477f-9117-0af1d0c8fa6a',14,'userid_fb8b521707e01','UTSurveyType0006','2025-09-24 08:01:00',NULL,'2025-09-24 08:01:00',NULL,0,NULL,'completed','2026-02-13 03:09:49','2026-02-13 03:09:49'),(24,12,'c18b9f2a-e2f5-477f-9117-0af1d0c8fa6a',14,'userid_fb8b52ba07e01','UTSurveyType0006','2025-09-24 09:01:00',NULL,'2025-09-24 09:01:00',NULL,0,NULL,'completed','2026-02-13 03:09:51','2026-02-13 03:09:51'),(25,12,'c18b9f2a-e2f5-477f-9117-0af1d0c8fa6a',14,'userid_fb8b532707e01','UTSurveyType0006','2025-09-24 14:29:00',NULL,'2025-09-24 14:29:00',NULL,0,NULL,'completed','2026-02-13 03:09:54','2026-02-13 03:09:54'),(26,12,'c18b9f2a-e2f5-477f-9117-0af1d0c8fa6a',14,'userid_fb8b52f107e01','UTSurveyType0006','2025-09-24 14:48:00',NULL,'2025-09-24 14:48:00',NULL,0,NULL,'completed','2026-02-13 03:09:57','2026-02-13 03:09:57'),(27,12,'c18b9f2a-e2f5-477f-9117-0af1d0c8fa6a',14,'userid_fb8b52d507e01','UTSurveyType0006','2025-09-24 14:49:00',NULL,'2025-09-24 14:49:00',NULL,0,NULL,'completed','2026-02-13 03:10:00','2026-02-13 03:10:00'),(28,12,'c18b9f2a-e2f5-477f-9117-0af1d0c8fa6a',14,'userid_fb8b530d07e01','UTSurveyType0006','2025-09-24 14:52:00',NULL,'2025-09-24 14:52:00',NULL,0,NULL,'completed','2026-02-13 03:10:03','2026-02-13 03:10:03'),(29,12,'c18b9f2a-e2f5-477f-9117-0af1d0c8fa6a',14,'userid_fb8b537607e01','UTSurveyType0006','2025-09-24 16:17:00',NULL,'2025-09-24 16:17:00',NULL,0,NULL,'completed','2026-02-13 03:10:06','2026-02-13 03:10:06'),(30,12,'c18b9f2a-e2f5-477f-9117-0af1d0c8fa6a',14,'userid_fb8b534207e01','UTSurveyType0006','2025-09-25 08:53:00',NULL,'2025-09-25 08:53:00',NULL,0,NULL,'completed','2026-02-13 03:10:09','2026-02-13 03:10:09');
/*!40000 ALTER TABLE `survey_distribution` ENABLE KEYS */;
UNLOCK TABLES;

--
-- Table structure for table `survey_tracker`
--

DROP TABLE IF EXISTS `survey_tracker`;
/*!40101 SET @saved_cs_client     = @@character_set_client */;
/*!50503 SET character_set_client = utf8mb4 */;
CREATE TABLE `survey_tracker` (
  `SurveyID` bigint unsigned NOT NULL AUTO_INCREMENT,
  `ProjectID` varchar(48) NOT NULL,
  `RoundID` int NOT NULL,
  `SurveyTypeID` varchar(20) NOT NULL,
  `SurveyTitle` varchar(255) DEFAULT NULL,
  `SurveyLink` text,
  `SurveyDate` datetime NOT NULL,
  `Status` enum('draft','scheduled','sent','in_progress','closed') DEFAULT 'draft',
  `ExpectedResponses` int unsigned DEFAULT NULL,
  `SurveyAdministrator` varchar(255) DEFAULT NULL,
  `CreatedAt` datetime DEFAULT CURRENT_TIMESTAMP,
  `UpdatedAt` datetime DEFAULT CURRENT_TIMESTAMP ON UPDATE CURRENT_TIMESTAMP,
  `IncludeInSnapshot` tinyint(1) NOT NULL DEFAULT '1',
  PRIMARY KEY (`SurveyID`),
  KEY `idx_project_round` (`ProjectID`,`RoundID`),
  KEY `idx_survey_type` (`SurveyTypeID`),
  KEY `fk_tracker_round` (`RoundID`),
  CONSTRAINT `fk_tracker_project` FOREIGN KEY (`ProjectID`) REFERENCES `project_projects` (`ProjectID`) ON DELETE CASCADE,
  CONSTRAINT `fk_tracker_round` FOREIGN KEY (`RoundID`) REFERENCES `project_rounds` (`RoundID`) ON DELETE CASCADE,
  CONSTRAINT `fk_tracker_type` FOREIGN KEY (`SurveyTypeID`) REFERENCES `survey_types` (`SurveyTypeID`) ON DELETE RESTRICT
) ENGINE=InnoDB AUTO_INCREMENT=13 DEFAULT CHARSET=utf8mb4 COLLATE=utf8mb4_0900_ai_ci;
/*!40101 SET character_set_client = @saved_cs_client */;

--
-- Dumping data for table `survey_tracker`
--

LOCK TABLES `survey_tracker` WRITE;
/*!40000 ALTER TABLE `survey_tracker` DISABLE KEYS */;
INSERT INTO `survey_tracker` VALUES (12,'c18b9f2a-e2f5-477f-9117-0af1d0c8fa6a',14,'UTSurveyType0006','Remo - Final Usage - Survey 2 (Responses)',NULL,'2026-02-13 03:08:45','closed',NULL,NULL,'2026-02-13 03:08:45','2026-02-13 06:30:21',1);
/*!40000 ALTER TABLE `survey_tracker` ENABLE KEYS */;
UNLOCK TABLES;

--
-- Table structure for table `survey_types`
--

DROP TABLE IF EXISTS `survey_types`;
/*!40101 SET @saved_cs_client     = @@character_set_client */;
/*!50503 SET character_set_client = utf8mb4 */;
CREATE TABLE `survey_types` (
  `SurveyTypeID` varchar(20) NOT NULL,
  `SurveyTypeName` varchar(100) NOT NULL,
  `SurveyDescription` text,
  `CreatedAt` datetime DEFAULT CURRENT_TIMESTAMP,
  `UpdatedAt` datetime DEFAULT CURRENT_TIMESTAMP ON UPDATE CURRENT_TIMESTAMP,
  PRIMARY KEY (`SurveyTypeID`)
) ENGINE=InnoDB DEFAULT CHARSET=utf8mb4 COLLATE=utf8mb4_0900_ai_ci;
/*!40101 SET character_set_client = @saved_cs_client */;

--
-- Dumping data for table `survey_types`
--

LOCK TABLES `survey_types` WRITE;
/*!40000 ALTER TABLE `survey_types` DISABLE KEYS */;
INSERT INTO `survey_types` VALUES ('UTSurveyType0001','Recruiting','Survey used during the recruitment phase to gather potential candidates for trials.','2025-12-08 08:58:03','2025-12-08 08:58:03'),('UTSurveyType0002','Additional_Information','Collects extra details from participants, typically for profiling or segmentation.','2025-12-08 08:58:03','2025-12-08 08:58:03'),('UTSurveyType0003','OOBE_First_Impression','Out-of-Box Experience (OOBE) and first impressions during the initial setup.','2025-12-08 08:58:03','2025-12-08 08:58:03'),('UTSurveyType0004','First_Impression','Focused solely on initial user impressions without including OOBE.','2025-12-08 08:58:03','2025-12-08 08:58:03'),('UTSurveyType0005','Experience_KPI','Captures key performance indicators (KPIs) based on the user\'s experience.','2025-12-08 08:58:03','2025-12-08 08:58:03'),('UTSurveyType0006','Experience_Only','Focused entirely on the user’s experience, without measuring KPIs.','2025-12-08 08:58:03','2025-12-08 08:58:03'),('UTSurveyType0007','KPI_Only','Surveys focusing exclusively on key performance indicators (KPIs).','2025-12-08 08:58:03','2025-12-08 08:58:03'),('UTSurveyType0008','After_the_Trial','Collects feedback after the completion of a trial to assess overall experience.','2025-12-08 08:58:03','2025-12-08 08:58:03'),('UTSurveyType0009','FW_Update','Feedback after a firmware update, gauging the impact on user experience.','2025-12-08 08:58:03','2025-12-08 08:58:03'),('UTSurveyType0010','Post_Trial_Followup','Follow-up survey conducted after the main trial for additional insights.','2025-12-08 08:58:03','2025-12-08 08:58:03'),('UTSurveyType0011','Third_Survey','A third-round survey, typically part of a multi-phase trial.','2025-12-08 08:58:03','2025-12-08 08:58:03'),('UTSurveyType0012','Feature_Focus_Survey','Concentrates on user feedback for specific product features.','2025-12-08 08:58:03','2025-12-08 08:58:03'),('UTSurveyType0013','After_2_Weeks','Survey conducted two weeks after trial commencement to gather early feedback.','2025-12-08 08:58:03','2025-12-08 08:58:03'),('UTSurveyType0014','After_4_Weeks','Follow-up survey after four weeks of trial participation.','2025-12-08 08:58:03','2025-12-08 08:58:03'),('UTSurveyType0015','After_6_Weeks','Follow-up survey conducted six weeks into the trial to gauge medium-term experience.','2025-12-08 08:58:03','2025-12-08 08:58:03'),('UTSurveyType0016','After_8_Weeks','Follow-up survey eight weeks after the trial began.','2025-12-08 08:58:03','2025-12-08 08:58:03'),('UTSurveyType0017','After_10_Weeks','Final follow-up after ten weeks of participation in the trial.','2025-12-08 08:58:03','2025-12-08 08:58:03'),('UTSurveyType0018','Impression_Exp_KPI','Measures first impressions and overall experience, including key performance indicators (KPIs).','2025-12-08 08:58:03','2025-12-08 08:58:03'),('UTSurveyType0019','In_Person','In-person survey conducted during a physical trial or testing event.','2025-12-08 08:58:03','2025-12-08 08:58:03'),('UTSurveyType0021','Feature_Focus_KPI','Focuses on select features and also includes KPI questions.','2025-12-08 08:58:03','2025-12-08 08:58:03'),('UTSurveyType0022','Experience_SW','Experience survey that includes evaluation of related software (e.g., GHUB or Options+).','2025-12-08 08:58:03','2025-12-08 08:58:03'),('UTSurveyType0023','OOBE_First_Impression_SW','Covers OOBE and first impression plus software installation questions.','2025-12-08 08:58:03','2025-12-08 08:58:03'),('UTSurveyType0024','Experience_SW_KPI','Experience survey including software-related questions and KPI measurement.','2025-12-08 08:58:03','2025-12-08 08:58:03'),('UTSurveyType0025','SW_Only','Mainly focuses on the user experience of the device’s software.','2025-12-08 08:58:03','2025-12-08 08:58:03'),('UTSurveyType0026','Out_of_Box_Only','Mainly focuses on the Out-of-Box user experience.','2025-12-08 08:58:03','2025-12-08 08:58:03'),('UTSurveyType0027','Consolidated','Internal consolidated results file for Product Team review, combining insights across all surveys in the round.','2026-02-11 08:20:35','2026-02-11 08:20:35'),('UTSurveyType0028','Report_Issue','Always-on issue reporting survey for participants to submit bugs or defects during the trial.','2026-02-11 08:27:28','2026-02-11 08:27:28');
/*!40000 ALTER TABLE `survey_types` ENABLE KEYS */;
UNLOCK TABLES;

--
-- Table structure for table `survey_upload_audit`
--

DROP TABLE IF EXISTS `survey_upload_audit`;
/*!40101 SET @saved_cs_client     = @@character_set_client */;
/*!50503 SET character_set_client = utf8mb4 */;
CREATE TABLE `survey_upload_audit` (
  `UploadID` bigint unsigned NOT NULL AUTO_INCREMENT,
  `FileHash` char(64) NOT NULL,
  `OriginalFilename` varchar(255) DEFAULT NULL,
  `UploadedByUserID` varchar(20) DEFAULT NULL,
  `ProjectID` varchar(20) DEFAULT NULL,
  `RoundID` int DEFAULT NULL,
  `SurveyTypeID` varchar(20) DEFAULT NULL,
  `SurveyID` bigint unsigned DEFAULT NULL,
  `InsertedAnswerRows` int unsigned DEFAULT NULL,
  `UploadedAt` datetime DEFAULT CURRENT_TIMESTAMP,
  PRIMARY KEY (`UploadID`),
  UNIQUE KEY `uniq_filehash` (`FileHash`)
) ENGINE=InnoDB AUTO_INCREMENT=3 DEFAULT CHARSET=utf8mb4 COLLATE=utf8mb4_0900_ai_ci;
/*!40101 SET character_set_client = @saved_cs_client */;

--
-- Dumping data for table `survey_upload_audit`
--

LOCK TABLES `survey_upload_audit` WRITE;
/*!40000 ALTER TABLE `survey_upload_audit` DISABLE KEYS */;
INSERT INTO `survey_upload_audit` VALUES (1,'e22160bf1790245caf035dbb3115512fe02b86d4712028ebbae93a7fdaee6e4b','Fujian - Final Usage - Survey 2 (Responses).csv','userid_4fec82c7eea61','c18b9f2a-e2f5-477f-9',14,'UTSurveyType0006',10,0,'2026-02-13 03:01:10'),(2,'47832912b8e819a53856fef5b8196cfbc4f42002873cb4dadb913b689647d420','Remo - Final Usage - Survey 2 (Responses) - Copy.csv','userid_4fec82c7eea61','c18b9f2a-e2f5-477f-9',14,'UTSurveyType0006',12,1189,'2026-02-13 03:10:12');
/*!40000 ALTER TABLE `survey_upload_audit` ENABLE KEYS */;
UNLOCK TABLES;

--
-- Table structure for table `system_office_locations`
--

DROP TABLE IF EXISTS `system_office_locations`;
/*!40101 SET @saved_cs_client     = @@character_set_client */;
/*!50503 SET character_set_client = utf8mb4 */;
CREATE TABLE `system_office_locations` (
  `OfficeID` varchar(20) NOT NULL,
  `OfficeName` varchar(255) DEFAULT NULL,
  `AddressLanguage` varchar(10) NOT NULL DEFAULT 'en',
  `AddressLine1` varchar(255) NOT NULL,
  `AddressLine2` varchar(255) DEFAULT NULL,
  `City` varchar(100) DEFAULT NULL,
  `StateRegion` varchar(100) DEFAULT NULL,
  `PostalCode` varchar(20) DEFAULT NULL,
  `Country` varchar(100) DEFAULT NULL,
  `IsActive` tinyint(1) NOT NULL DEFAULT '1',
  `CreatedAt` datetime NOT NULL DEFAULT CURRENT_TIMESTAMP,
  `UpdatedAt` datetime NOT NULL DEFAULT CURRENT_TIMESTAMP ON UPDATE CURRENT_TIMESTAMP,
  PRIMARY KEY (`OfficeID`)
) ENGINE=InnoDB DEFAULT CHARSET=utf8mb4 COLLATE=utf8mb4_0900_ai_ci;
/*!40101 SET character_set_client = @saved_cs_client */;

--
-- Dumping data for table `system_office_locations`
--

LOCK TABLES `system_office_locations` WRITE;
/*!40000 ALTER TABLE `system_office_locations` DISABLE KEYS */;
INSERT INTO `system_office_locations` VALUES ('OFFICE_CH_LAUSANNE','BIC','en','EPFL Quartier de l\'Innovation','Logitech Europe SA','Lausanne',NULL,'1015','Switzerland',1,'2025-12-08 04:32:35','2025-12-08 04:32:35'),('OFFICE_CN_SHANGHAI','Logitech Shanghai Office','en','25F, Yueda 889, No.1111 Changshou Road','Jingan District','Shanghai',NULL,'200042','China',1,'2025-12-08 04:32:59','2025-12-08 04:32:59'),('OFFICE_CN_SUZHOU','Logitech Suzhou Tech Office','en','No. 3 Songsan Road, New District',NULL,'Suzhou','Jiangsu','215129','China',1,'2025-12-08 04:32:51','2025-12-08 04:32:51'),('OFFICE_DE_MUNICH','Logitech GmbH Munich','en','Prannerstrasse 8',NULL,'Munich','Bavaria','80333','Germany',1,'2025-12-08 04:34:32','2025-12-08 04:34:32'),('OFFICE_FR_PARIS','Logitech France','en','94 Rue de Villiers',NULL,'Levallois-Perret','Île-de-France','92300','France',1,'2025-12-08 04:33:49','2025-12-08 04:33:49'),('OFFICE_IE_CORK','Logitech Ireland','en','City Gate Plaza Two','Mahon','Cork',NULL,'T12 A6RW','Ireland',1,'2025-12-08 04:33:20','2025-12-08 04:33:20'),('OFFICE_IN_CHENNAI','Logitech Chennai','en','10th Floor, Fortius Block, Building 1, Olympia Technology Park','Warm Shell Basis, SIDCO Industrial Estate, Guindy','Chennai','Tamil Nadu','600032','India',1,'2025-12-08 04:33:35','2025-12-08 04:33:35'),('OFFICE_JP_TOKYO','Logicool Japan Office','en','Shiroyama Trust Tower 14F, 4-3-1 Toranomon','Minato-ku','Tokyo',NULL,'105-6014','Japan',1,'2025-12-08 04:33:42','2025-12-08 04:33:42'),('OFFICE_KR_SEOUL','Logitech Korea Office','en','402B CCMM Bldg, 12 Yeouido-dong, Yeongdeungpo-gu',NULL,'Seoul',NULL,'150-968','South Korea',1,'2025-12-08 04:34:19','2025-12-08 04:34:19'),('OFFICE_NL_UTRECHT','Logitech Utrecht Office','en','Catharijnesingel 47',NULL,'Utrecht',NULL,'3511 GC','Netherlands',1,'2025-12-08 04:32:44','2025-12-08 04:32:44'),('OFFICE_TW_HSINCHU','Logitech Hsinchu Office','en','No. 2, Yanxin 4th Rd, East District',NULL,'Hsinchu City',NULL,'300','Taiwan',1,'2025-12-08 04:32:17','2025-12-08 04:32:17'),('OFFICE_US_CAMAS','Logitech Camas Office','en','4700 NW Camas Meadows Dr.',NULL,'Camas','WA','98607','USA',1,'2025-12-08 04:32:01','2025-12-08 04:32:01'),('OFFICE_US_IRVINE','Logitech Irvine Office','en','3 Jenner #180',NULL,'Irvine','CA','92618','USA',1,'2025-12-08 04:32:09','2025-12-08 04:32:09'),('OFFICE_US_SJC','SVC','en','3930 North First St.',NULL,'San Jose','CA','95134','USA',1,'2025-12-08 04:31:54','2025-12-08 04:31:54');
/*!40000 ALTER TABLE `system_office_locations` ENABLE KEYS */;
UNLOCK TABLES;

--
-- Table structure for table `system_settings`
--

DROP TABLE IF EXISTS `system_settings`;
/*!40101 SET @saved_cs_client     = @@character_set_client */;
/*!50503 SET character_set_client = utf8mb4 */;
CREATE TABLE `system_settings` (
  `SystemSettingID` int NOT NULL AUTO_INCREMENT,
  `SettingKey` varchar(100) NOT NULL,
  `SettingValue` varchar(255) DEFAULT NULL,
  `UpdatedAt` datetime NOT NULL DEFAULT CURRENT_TIMESTAMP ON UPDATE CURRENT_TIMESTAMP,
  PRIMARY KEY (`SystemSettingID`),
  UNIQUE KEY `uniq_system_setting` (`SettingKey`),
  CONSTRAINT `system_settings_ibfk_1` FOREIGN KEY (`SettingKey`) REFERENCES `settings_definition` (`SettingKey`)
) ENGINE=InnoDB AUTO_INCREMENT=10 DEFAULT CHARSET=utf8mb4 COLLATE=utf8mb4_0900_ai_ci;
/*!40101 SET character_set_client = @saved_cs_client */;

--
-- Dumping data for table `system_settings`
--

LOCK TABLES `system_settings` WRITE;
/*!40000 ALTER TABLE `system_settings` DISABLE KEYS */;
INSERT INTO `system_settings` VALUES (1,'auto_blacklist_threshold','3','2025-12-08 03:16:52'),(2,'default_nda_reminder_limit','3','2025-12-08 03:16:52'),(3,'default_survey_reminder_limit','3','2025-12-08 03:16:52'),(4,'device_verification_required','Off','2025-12-08 03:16:52'),(5,'gdpr_mode','Standard','2025-12-08 03:16:52'),(6,'participation_score_visibility','Hidden','2025-12-08 03:16:52'),(7,'trial_update_notifications','On','2025-12-08 03:16:52'),(8,'max_nda_reminders','3','2025-12-08 03:16:52'),(9,'max_survey_reminders','3','2025-12-08 03:16:52');
/*!40000 ALTER TABLE `system_settings` ENABLE KEYS */;
UNLOCK TABLES;

--
-- Table structure for table `trial_issue_messages`
--

DROP TABLE IF EXISTS `trial_issue_messages`;
/*!40101 SET @saved_cs_client     = @@character_set_client */;
/*!50503 SET character_set_client = utf8mb4 */;
CREATE TABLE `trial_issue_messages` (
  `message_id` bigint NOT NULL AUTO_INCREMENT,
  `issue_id` bigint NOT NULL,
  `sender_role` enum('participant','internal') NOT NULL,
  `message_text` text NOT NULL,
  `created_at` timestamp NOT NULL DEFAULT CURRENT_TIMESTAMP,
  PRIMARY KEY (`message_id`),
  KEY `idx_issue_created` (`issue_id`,`created_at`),
  CONSTRAINT `fk_issue_messages_issue` FOREIGN KEY (`issue_id`) REFERENCES `trial_issues` (`issue_id`) ON DELETE CASCADE
) ENGINE=InnoDB DEFAULT CHARSET=utf8mb4 COLLATE=utf8mb4_0900_ai_ci;
/*!40101 SET character_set_client = @saved_cs_client */;

--
-- Dumping data for table `trial_issue_messages`
--

LOCK TABLES `trial_issue_messages` WRITE;
/*!40000 ALTER TABLE `trial_issue_messages` DISABLE KEYS */;
/*!40000 ALTER TABLE `trial_issue_messages` ENABLE KEYS */;
UNLOCK TABLES;

--
-- Table structure for table `trial_issues`
--

DROP TABLE IF EXISTS `trial_issues`;
/*!40101 SET @saved_cs_client     = @@character_set_client */;
/*!50503 SET character_set_client = utf8mb4 */;
CREATE TABLE `trial_issues` (
  `issue_id` bigint NOT NULL AUTO_INCREMENT,
  `trial_round_id` int NOT NULL,
  `user_id` varchar(64) NOT NULL,
  `nickname_trial` varchar(64) NOT NULL,
  `issue_category_user` varchar(64) NOT NULL,
  `severity_user` varchar(32) DEFAULT NULL,
  `summary` varchar(255) DEFAULT NULL,
  `description` text NOT NULL,
  `status` varchar(32) NOT NULL DEFAULT 'submitted',
  `created_at` timestamp NOT NULL DEFAULT CURRENT_TIMESTAMP,
  `updated_at` timestamp NOT NULL DEFAULT CURRENT_TIMESTAMP ON UPDATE CURRENT_TIMESTAMP,
  `jira_key` varchar(32) DEFAULT NULL,
  `jira_url` varchar(255) DEFAULT NULL,
  `jira_synced_at` timestamp NULL DEFAULT NULL,
  PRIMARY KEY (`issue_id`),
  KEY `idx_trial_round` (`trial_round_id`),
  KEY `idx_user` (`user_id`),
  KEY `idx_status` (`status`),
  CONSTRAINT `fk_trial_issues_round` FOREIGN KEY (`trial_round_id`) REFERENCES `project_rounds` (`RoundID`) ON DELETE CASCADE ON UPDATE CASCADE,
  CONSTRAINT `fk_trial_issues_user` FOREIGN KEY (`user_id`) REFERENCES `user_pool` (`user_id`) ON DELETE RESTRICT ON UPDATE CASCADE
) ENGINE=InnoDB DEFAULT CHARSET=utf8mb4 COLLATE=utf8mb4_0900_ai_ci;
/*!40101 SET character_set_client = @saved_cs_client */;

--
-- Dumping data for table `trial_issues`
--

LOCK TABLES `trial_issues` WRITE;
/*!40000 ALTER TABLE `trial_issues` DISABLE KEYS */;
/*!40000 ALTER TABLE `trial_issues` ENABLE KEYS */;
UNLOCK TABLES;

--
-- Table structure for table `user_blacklist`
--

DROP TABLE IF EXISTS `user_blacklist`;
/*!40101 SET @saved_cs_client     = @@character_set_client */;
/*!50503 SET character_set_client = utf8mb4 */;
CREATE TABLE `user_blacklist` (
  `BlacklistID` int NOT NULL AUTO_INCREMENT,
  `BlacklistType` enum('email','domain') NOT NULL,
  `Email` varchar(255) DEFAULT NULL,
  `Domain` varchar(255) DEFAULT NULL,
  `user_id` int DEFAULT NULL,
  `ReasonCode` varchar(50) NOT NULL,
  `ReasonDetail` text,
  `IsActive` tinyint(1) NOT NULL DEFAULT '1',
  `CreatedAt` datetime NOT NULL DEFAULT CURRENT_TIMESTAMP,
  `CreatedBy` int DEFAULT NULL,
  `ExpiresAt` datetime DEFAULT NULL,
  PRIMARY KEY (`BlacklistID`),
  KEY `idx_email_active` (`Email`,`IsActive`),
  KEY `idx_domain_active` (`Domain`,`IsActive`),
  KEY `idx_userid` (`user_id`),
  CONSTRAINT `user_blacklist_chk_1` CHECK ((((`BlacklistType` = _utf8mb4'email') and (`Email` is not null) and (`Domain` is null)) or ((`BlacklistType` = _utf8mb4'domain') and (`Domain` is not null) and (`Email` is null))))
) ENGINE=InnoDB DEFAULT CHARSET=utf8mb4 COLLATE=utf8mb4_0900_ai_ci;
/*!40101 SET character_set_client = @saved_cs_client */;

--
-- Dumping data for table `user_blacklist`
--

LOCK TABLES `user_blacklist` WRITE;
/*!40000 ALTER TABLE `user_blacklist` DISABLE KEYS */;
/*!40000 ALTER TABLE `user_blacklist` ENABLE KEYS */;
UNLOCK TABLES;

--
-- Table structure for table `user_home_address`
--

DROP TABLE IF EXISTS `user_home_address`;
/*!40101 SET @saved_cs_client     = @@character_set_client */;
/*!50503 SET character_set_client = utf8mb4 */;
CREATE TABLE `user_home_address` (
  `HomeAddressID` int NOT NULL AUTO_INCREMENT,
  `user_id` varchar(20) NOT NULL,
  `AddressLanguage` varchar(10) NOT NULL DEFAULT 'en',
  `AddressLine1` varchar(255) NOT NULL,
  `AddressLine2` varchar(255) DEFAULT NULL,
  `City` varchar(100) DEFAULT NULL,
  `StateRegion` varchar(100) DEFAULT NULL,
  `PostalCode` varchar(20) DEFAULT NULL,
  `Country` varchar(100) DEFAULT NULL,
  `IsDefault` tinyint(1) NOT NULL DEFAULT '0',
  `CreatedAt` datetime NOT NULL DEFAULT CURRENT_TIMESTAMP,
  `UpdatedAt` datetime NOT NULL DEFAULT CURRENT_TIMESTAMP ON UPDATE CURRENT_TIMESTAMP,
  PRIMARY KEY (`HomeAddressID`),
  KEY `user_id` (`user_id`),
  CONSTRAINT `user_home_address_ibfk_1` FOREIGN KEY (`user_id`) REFERENCES `user_pool` (`user_id`)
) ENGINE=InnoDB AUTO_INCREMENT=3 DEFAULT CHARSET=utf8mb4 COLLATE=utf8mb4_0900_ai_ci;
/*!40101 SET character_set_client = @saved_cs_client */;

--
-- Dumping data for table `user_home_address`
--

LOCK TABLES `user_home_address` WRITE;
/*!40000 ALTER TABLE `user_home_address` DISABLE KEYS */;
/*!40000 ALTER TABLE `user_home_address` ENABLE KEYS */;
UNLOCK TABLES;

--
-- Table structure for table `user_interest_map`
--

DROP TABLE IF EXISTS `user_interest_map`;
/*!40101 SET @saved_cs_client     = @@character_set_client */;
/*!50503 SET character_set_client = utf8mb4 */;
CREATE TABLE `user_interest_map` (
  `InterestMapID` bigint NOT NULL AUTO_INCREMENT,
  `user_id` varchar(50) NOT NULL,
  `InterestUID` varchar(20) NOT NULL,
  `CreatedAt` timestamp NOT NULL DEFAULT CURRENT_TIMESTAMP,
  PRIMARY KEY (`InterestMapID`),
  UNIQUE KEY `uq_user_interest` (`user_id`,`InterestUID`),
  KEY `idx_user_interest_user` (`user_id`),
  KEY `idx_user_interest_interest` (`InterestUID`),
  CONSTRAINT `fk_interest_map_interest` FOREIGN KEY (`InterestUID`) REFERENCES `user_interests` (`InterestUID`) ON DELETE CASCADE
) ENGINE=InnoDB AUTO_INCREMENT=1473 DEFAULT CHARSET=utf8mb4 COLLATE=utf8mb4_0900_ai_ci;
/*!40101 SET character_set_client = @saved_cs_client */;

--
-- Dumping data for table `user_interest_map`
--

LOCK TABLES `user_interest_map` WRITE;
/*!40000 ALTER TABLE `user_interest_map` DISABLE KEYS */;
INSERT INTO `user_interest_map` VALUES (900,'userid_4fec82c7eea61','InterestUID_101a','2026-01-12 00:56:41'),(901,'userid_4fec82c7eea61','InterestUID_101b','2026-01-12 00:56:41'),(902,'userid_4fec82c7eea61','InterestUID_101c','2026-01-12 00:56:41'),(903,'userid_4fec82c7eea61','InterestUID_101d','2026-01-12 00:56:41'),(904,'userid_4fec82c7eea61','InterestUID_101e','2026-01-12 00:56:41'),(905,'userid_4fec82c7eea61','InterestUID_101f','2026-01-12 00:56:41'),(906,'userid_4fec82c7eea61','InterestUID_101g','2026-01-12 00:56:41'),(907,'userid_4fec82c7eea61','InterestUID_103a','2026-01-12 00:56:41'),(908,'userid_4fec82c7eea61','InterestUID_103b','2026-01-12 00:56:41'),(909,'userid_4fec82c7eea61','InterestUID_103c','2026-01-12 00:56:41'),(910,'userid_4fec82c7eea61','InterestUID_1001c','2026-01-12 00:56:41'),(911,'userid_4fec82c7eea61','InterestUID_201a','2026-01-12 00:56:41'),(912,'userid_4fec82c7eea61','InterestUID_201b','2026-01-12 00:56:41'),(913,'userid_4fec82c7eea61','InterestUID_202a','2026-01-12 00:56:41'),(914,'userid_4fec82c7eea61','InterestUID_202b','2026-01-12 00:56:41'),(915,'userid_4fec82c7eea61','InterestUID_203a','2026-01-12 00:56:41'),(916,'userid_4fec82c7eea61','InterestUID_203b','2026-01-12 00:56:41'),(917,'userid_4fec82c7eea61','InterestUID_203c','2026-01-12 00:56:41'),(918,'userid_4fec82c7eea61','InterestUID_301a','2026-01-12 00:56:41'),(919,'userid_4fec82c7eea61','InterestUID_301b','2026-01-12 00:56:41'),(920,'userid_4fec82c7eea61','InterestUID_301c','2026-01-12 00:56:41'),(921,'userid_4fec82c7eea61','InterestUID_302a','2026-01-12 00:56:41'),(922,'userid_4fec82c7eea61','InterestUID_302b','2026-01-12 00:56:41'),(923,'userid_4fec82c7eea61','InterestUID_303a','2026-01-12 00:56:41'),(924,'userid_4fec82c7eea61','InterestUID_303b','2026-01-12 00:56:41'),(925,'userid_4fec82c7eea61','InterestUID_303c','2026-01-12 00:56:41'),(926,'userid_4fec82c7eea61','InterestUID_401a','2026-01-12 00:56:41'),(927,'userid_4fec82c7eea61','InterestUID_401b','2026-01-12 00:56:41'),(928,'userid_4fec82c7eea61','InterestUID_402a','2026-01-12 00:56:41'),(929,'userid_4fec82c7eea61','InterestUID_402b','2026-01-12 00:56:41'),(930,'userid_4fec82c7eea61','InterestUID_402c','2026-01-12 00:56:41'),(931,'userid_4fec82c7eea61','InterestUID_403b','2026-01-12 00:56:41'),(932,'userid_4fec82c7eea61','InterestUID_404a','2026-01-12 00:56:41'),(933,'userid_4fec82c7eea61','InterestUID_404b','2026-01-12 00:56:41'),(934,'userid_4fec82c7eea61','InterestUID_405a','2026-01-12 00:56:41'),(935,'userid_4fec82c7eea61','InterestUID_405b','2026-01-12 00:56:41'),(936,'userid_4fec82c7eea61','InterestUID_405c','2026-01-12 00:56:41'),(937,'userid_4fec82c7eea61','InterestUID_501b','2026-01-12 00:56:41'),(938,'userid_4fec82c7eea61','InterestUID_502a','2026-01-12 00:56:41'),(939,'userid_4fec82c7eea61','InterestUID_502b','2026-01-12 00:56:41'),(940,'userid_4fec82c7eea61','InterestUID_503a','2026-01-12 00:56:41'),(941,'userid_4fec82c7eea61','InterestUID_503b','2026-01-12 00:56:41'),(942,'userid_4fec82c7eea61','InterestUID_601b','2026-01-12 00:56:41'),(943,'userid_4fec82c7eea61','InterestUID_602a','2026-01-12 00:56:41'),(944,'userid_4fec82c7eea61','InterestUID_602b','2026-01-12 00:56:41'),(945,'userid_4fec82c7eea61','InterestUID_602c','2026-01-12 00:56:41'),(946,'userid_4fec82c7eea61','InterestUID_603a','2026-01-12 00:56:41'),(947,'userid_4fec82c7eea61','InterestUID_603b','2026-01-12 00:56:41'),(948,'userid_4fec82c7eea61','InterestUID_603c','2026-01-12 00:56:41'),(949,'userid_4fec82c7eea61','InterestUID_701a','2026-01-12 00:56:41'),(950,'userid_4fec82c7eea61','InterestUID_701b','2026-01-12 00:56:41'),(951,'userid_4fec82c7eea61','InterestUID_702a','2026-01-12 00:56:41'),(952,'userid_4fec82c7eea61','InterestUID_702b','2026-01-12 00:56:41'),(953,'userid_4fec82c7eea61','InterestUID_703a','2026-01-12 00:56:41'),(954,'userid_4fec82c7eea61','InterestUID_703b','2026-01-12 00:56:41'),(955,'userid_4fec82c7eea61','InterestUID_703c','2026-01-12 00:56:41'),(956,'userid_4fec82c7eea61','InterestUID_703d','2026-01-12 00:56:41'),(957,'userid_4fec82c7eea61','InterestUID_801a','2026-01-12 00:56:41'),(958,'userid_4fec82c7eea61','InterestUID_801b','2026-01-12 00:56:41'),(959,'userid_4fec82c7eea61','InterestUID_802a','2026-01-12 00:56:41'),(960,'userid_4fec82c7eea61','InterestUID_802b','2026-01-12 00:56:41'),(961,'userid_4fec82c7eea61','InterestUID_803a','2026-01-12 00:56:41'),(962,'userid_4fec82c7eea61','InterestUID_803b','2026-01-12 00:56:41'),(963,'userid_4fec82c7eea61','InterestUID_803c','2026-01-12 00:56:41'),(964,'userid_4fec82c7eea61','InterestUID_901a','2026-01-12 00:56:41'),(965,'userid_4fec82c7eea61','InterestUID_901b','2026-01-12 00:56:41'),(966,'userid_4fec82c7eea61','InterestUID_901c','2026-01-12 00:56:41'),(967,'userid_4fec82c7eea61','InterestUID_902a','2026-01-12 00:56:41'),(968,'userid_4fec82c7eea61','InterestUID_902b','2026-01-12 00:56:41'),(969,'userid_4fec82c7eea61','InterestUID_902c','2026-01-12 00:56:41'),(970,'userid_4fec82c7eea61','InterestUID_102a','2026-01-12 00:56:41'),(971,'userid_4fec82c7eea61','InterestUID_102b','2026-01-12 00:56:41'),(972,'userid_4fec82c7eea61','InterestUID_102c','2026-01-12 00:56:41'),(973,'userid_4fec82c7eea61','InterestUID_102d','2026-01-12 00:56:41'),(974,'userid_4fec82c7eea61','InterestUID_102e','2026-01-12 00:56:41'),(975,'userid_4fec82c7eea61','InterestUID_102f','2026-01-12 00:56:41'),(976,'userid_4fec82c7eea61','InterestUID_102g','2026-01-12 00:56:41'),(977,'userid_4fec82c7eea61','InterestUID_102h','2026-01-12 00:56:41'),(1060,'userid_1056b715f03d1','InterestUID_101a','2026-01-13 08:30:14'),(1061,'userid_1056b715f03d1','InterestUID_101b','2026-01-13 08:30:14'),(1062,'userid_1056b715f03d1','InterestUID_101c','2026-01-13 08:30:14'),(1063,'userid_1056b715f03d1','InterestUID_101d','2026-01-13 08:30:14'),(1064,'userid_1056b715f03d1','InterestUID_101e','2026-01-13 08:30:14'),(1065,'userid_1056b715f03d1','InterestUID_101f','2026-01-13 08:30:14'),(1066,'userid_1056b715f03d1','InterestUID_101g','2026-01-13 08:30:14'),(1067,'userid_1056b715f03d1','InterestUID_103a','2026-01-13 08:30:14'),(1068,'userid_1056b715f03d1','InterestUID_103b','2026-01-13 08:30:14'),(1069,'userid_1056b715f03d1','InterestUID_103c','2026-01-13 08:30:14'),(1070,'userid_1056b715f03d1','InterestUID_1001a','2026-01-13 08:30:14'),(1071,'userid_1056b715f03d1','InterestUID_1001b','2026-01-13 08:30:14'),(1072,'userid_1056b715f03d1','InterestUID_1001c','2026-01-13 08:30:14'),(1073,'userid_1056b715f03d1','InterestUID_201a','2026-01-13 08:30:14'),(1074,'userid_1056b715f03d1','InterestUID_201b','2026-01-13 08:30:14'),(1075,'userid_1056b715f03d1','InterestUID_202a','2026-01-13 08:30:14'),(1076,'userid_1056b715f03d1','InterestUID_202b','2026-01-13 08:30:14'),(1077,'userid_1056b715f03d1','InterestUID_203a','2026-01-13 08:30:14'),(1078,'userid_1056b715f03d1','InterestUID_203b','2026-01-13 08:30:14'),(1079,'userid_1056b715f03d1','InterestUID_203c','2026-01-13 08:30:14'),(1080,'userid_1056b715f03d1','InterestUID_301a','2026-01-13 08:30:14'),(1081,'userid_1056b715f03d1','InterestUID_301b','2026-01-13 08:30:14'),(1082,'userid_1056b715f03d1','InterestUID_301c','2026-01-13 08:30:14'),(1083,'userid_1056b715f03d1','InterestUID_302a','2026-01-13 08:30:14'),(1084,'userid_1056b715f03d1','InterestUID_302b','2026-01-13 08:30:14'),(1085,'userid_1056b715f03d1','InterestUID_303a','2026-01-13 08:30:14'),(1086,'userid_1056b715f03d1','InterestUID_303b','2026-01-13 08:30:14'),(1087,'userid_1056b715f03d1','InterestUID_303c','2026-01-13 08:30:14'),(1088,'userid_1056b715f03d1','InterestUID_501a','2026-01-13 08:30:14'),(1089,'userid_1056b715f03d1','InterestUID_501b','2026-01-13 08:30:14'),(1090,'userid_1056b715f03d1','InterestUID_502a','2026-01-13 08:30:14'),(1091,'userid_1056b715f03d1','InterestUID_502b','2026-01-13 08:30:14'),(1092,'userid_1056b715f03d1','InterestUID_503a','2026-01-13 08:30:14'),(1093,'userid_1056b715f03d1','InterestUID_503b','2026-01-13 08:30:14'),(1094,'userid_1056b715f03d1','InterestUID_601a','2026-01-13 08:30:14'),(1095,'userid_1056b715f03d1','InterestUID_601b','2026-01-13 08:30:14'),(1096,'userid_1056b715f03d1','InterestUID_602a','2026-01-13 08:30:14'),(1097,'userid_1056b715f03d1','InterestUID_602b','2026-01-13 08:30:14'),(1098,'userid_1056b715f03d1','InterestUID_602c','2026-01-13 08:30:14'),(1099,'userid_1056b715f03d1','InterestUID_603a','2026-01-13 08:30:14'),(1100,'userid_1056b715f03d1','InterestUID_603b','2026-01-13 08:30:14'),(1101,'userid_1056b715f03d1','InterestUID_603c','2026-01-13 08:30:14'),(1102,'userid_1056b715f03d1','InterestUID_701a','2026-01-13 08:30:14'),(1103,'userid_1056b715f03d1','InterestUID_701b','2026-01-13 08:30:14'),(1104,'userid_1056b715f03d1','InterestUID_702a','2026-01-13 08:30:14'),(1105,'userid_1056b715f03d1','InterestUID_702b','2026-01-13 08:30:14'),(1106,'userid_1056b715f03d1','InterestUID_703a','2026-01-13 08:30:14'),(1107,'userid_1056b715f03d1','InterestUID_703b','2026-01-13 08:30:14'),(1108,'userid_1056b715f03d1','InterestUID_703c','2026-01-13 08:30:14'),(1109,'userid_1056b715f03d1','InterestUID_703d','2026-01-13 08:30:14'),(1110,'userid_1056b715f03d1','InterestUID_801a','2026-01-13 08:30:14'),(1111,'userid_1056b715f03d1','InterestUID_801b','2026-01-13 08:30:14'),(1112,'userid_1056b715f03d1','InterestUID_802a','2026-01-13 08:30:14'),(1113,'userid_1056b715f03d1','InterestUID_802b','2026-01-13 08:30:14'),(1114,'userid_1056b715f03d1','InterestUID_803a','2026-01-13 08:30:14'),(1115,'userid_1056b715f03d1','InterestUID_803b','2026-01-13 08:30:14'),(1116,'userid_1056b715f03d1','InterestUID_803c','2026-01-13 08:30:14'),(1117,'userid_1056b715f03d1','InterestUID_901a','2026-01-13 08:30:14'),(1118,'userid_1056b715f03d1','InterestUID_901b','2026-01-13 08:30:14'),(1119,'userid_1056b715f03d1','InterestUID_902a','2026-01-13 08:30:14'),(1120,'userid_1056b715f03d1','InterestUID_902b','2026-01-13 08:30:14'),(1121,'userid_1056b715f03d1','InterestUID_902c','2026-01-13 08:30:14'),(1122,'userid_1056b715f03d1','InterestUID_401a','2026-01-13 08:30:14'),(1123,'userid_1056b715f03d1','InterestUID_401b','2026-01-13 08:30:14'),(1124,'userid_1056b715f03d1','InterestUID_402a','2026-01-13 08:30:14'),(1125,'userid_1056b715f03d1','InterestUID_402b','2026-01-13 08:30:14'),(1126,'userid_1056b715f03d1','InterestUID_402c','2026-01-13 08:30:14'),(1127,'userid_1056b715f03d1','InterestUID_403b','2026-01-13 08:30:14'),(1128,'userid_1056b715f03d1','InterestUID_404a','2026-01-13 08:30:14'),(1129,'userid_1056b715f03d1','InterestUID_404b','2026-01-13 08:30:14'),(1130,'userid_1056b715f03d1','InterestUID_405a','2026-01-13 08:30:14'),(1131,'userid_1056b715f03d1','InterestUID_405b','2026-01-13 08:30:14'),(1132,'userid_1056b715f03d1','InterestUID_405c','2026-01-13 08:30:14'),(1133,'userid_1056b715f03d1','InterestUID_102a','2026-01-13 08:30:14'),(1134,'userid_1056b715f03d1','InterestUID_102b','2026-01-13 08:30:14'),(1135,'userid_1056b715f03d1','InterestUID_102c','2026-01-13 08:30:14'),(1136,'userid_1056b715f03d1','InterestUID_102d','2026-01-13 08:30:14'),(1137,'userid_1056b715f03d1','InterestUID_102e','2026-01-13 08:30:14'),(1138,'userid_1056b715f03d1','InterestUID_102f','2026-01-13 08:30:14'),(1139,'userid_1056b715f03d1','InterestUID_102g','2026-01-13 08:30:14'),(1140,'userid_1056b715f03d1','InterestUID_102h','2026-01-13 08:30:14'),(1141,'userid_8c2a449ff5031','InterestUID_101a','2026-01-19 07:39:34'),(1142,'userid_8c2a449ff5031','InterestUID_101b','2026-01-19 07:39:34'),(1143,'userid_8c2a449ff5031','InterestUID_101c','2026-01-19 07:39:34'),(1144,'userid_8c2a449ff5031','InterestUID_101d','2026-01-19 07:39:34'),(1145,'userid_8c2a449ff5031','InterestUID_101e','2026-01-19 07:39:34'),(1146,'userid_8c2a449ff5031','InterestUID_101f','2026-01-19 07:39:34'),(1147,'userid_8c2a449ff5031','InterestUID_101g','2026-01-19 07:39:34'),(1148,'userid_8c2a449ff5031','InterestUID_103a','2026-01-19 07:39:34'),(1149,'userid_8c2a449ff5031','InterestUID_103b','2026-01-19 07:39:34'),(1150,'userid_8c2a449ff5031','InterestUID_103c','2026-01-19 07:39:34'),(1151,'userid_8c2a449ff5031','InterestUID_1001a','2026-01-19 07:39:34'),(1152,'userid_8c2a449ff5031','InterestUID_1001b','2026-01-19 07:39:34'),(1153,'userid_8c2a449ff5031','InterestUID_1001c','2026-01-19 07:39:34'),(1154,'userid_8c2a449ff5031','InterestUID_401a','2026-01-19 07:39:34'),(1155,'userid_8c2a449ff5031','InterestUID_401b','2026-01-19 07:39:34'),(1156,'userid_8c2a449ff5031','InterestUID_402a','2026-01-19 07:39:34'),(1157,'userid_8c2a449ff5031','InterestUID_402b','2026-01-19 07:39:34'),(1158,'userid_8c2a449ff5031','InterestUID_402c','2026-01-19 07:39:34'),(1159,'userid_8c2a449ff5031','InterestUID_403a','2026-01-19 07:39:34'),(1160,'userid_8c2a449ff5031','InterestUID_403b','2026-01-19 07:39:34'),(1161,'userid_8c2a449ff5031','InterestUID_404a','2026-01-19 07:39:34'),(1162,'userid_8c2a449ff5031','InterestUID_404b','2026-01-19 07:39:34'),(1163,'userid_8c2a449ff5031','InterestUID_405a','2026-01-19 07:39:34'),(1164,'userid_8c2a449ff5031','InterestUID_405b','2026-01-19 07:39:34'),(1165,'userid_8c2a449ff5031','InterestUID_405c','2026-01-19 07:39:34'),(1166,'userid_8c2a449ff5031','InterestUID_501a','2026-01-19 07:39:34'),(1167,'userid_8c2a449ff5031','InterestUID_501b','2026-01-19 07:39:34'),(1168,'userid_8c2a449ff5031','InterestUID_502a','2026-01-19 07:39:34'),(1169,'userid_8c2a449ff5031','InterestUID_502b','2026-01-19 07:39:34'),(1170,'userid_8c2a449ff5031','InterestUID_503a','2026-01-19 07:39:34'),(1171,'userid_8c2a449ff5031','InterestUID_503b','2026-01-19 07:39:34'),(1172,'userid_8c2a449ff5031','InterestUID_601a','2026-01-19 07:39:34'),(1173,'userid_8c2a449ff5031','InterestUID_601b','2026-01-19 07:39:34'),(1174,'userid_8c2a449ff5031','InterestUID_602a','2026-01-19 07:39:34'),(1175,'userid_8c2a449ff5031','InterestUID_602b','2026-01-19 07:39:34'),(1176,'userid_8c2a449ff5031','InterestUID_602c','2026-01-19 07:39:34'),(1177,'userid_8c2a449ff5031','InterestUID_603a','2026-01-19 07:39:34'),(1178,'userid_8c2a449ff5031','InterestUID_603b','2026-01-19 07:39:34'),(1179,'userid_8c2a449ff5031','InterestUID_603c','2026-01-19 07:39:34'),(1180,'userid_8c2a449ff5031','InterestUID_701a','2026-01-19 07:39:34'),(1181,'userid_8c2a449ff5031','InterestUID_701b','2026-01-19 07:39:34'),(1182,'userid_8c2a449ff5031','InterestUID_702a','2026-01-19 07:39:34'),(1183,'userid_8c2a449ff5031','InterestUID_702b','2026-01-19 07:39:34'),(1184,'userid_8c2a449ff5031','InterestUID_703a','2026-01-19 07:39:34'),(1185,'userid_8c2a449ff5031','InterestUID_703b','2026-01-19 07:39:34'),(1186,'userid_8c2a449ff5031','InterestUID_703c','2026-01-19 07:39:34'),(1187,'userid_8c2a449ff5031','InterestUID_703d','2026-01-19 07:39:34'),(1188,'userid_8c2a449ff5031','InterestUID_801a','2026-01-19 07:39:34'),(1189,'userid_8c2a449ff5031','InterestUID_801b','2026-01-19 07:39:34'),(1190,'userid_8c2a449ff5031','InterestUID_802a','2026-01-19 07:39:34'),(1191,'userid_8c2a449ff5031','InterestUID_802b','2026-01-19 07:39:34'),(1192,'userid_8c2a449ff5031','InterestUID_803a','2026-01-19 07:39:34'),(1193,'userid_8c2a449ff5031','InterestUID_803b','2026-01-19 07:39:34'),(1194,'userid_8c2a449ff5031','InterestUID_803c','2026-01-19 07:39:34'),(1195,'userid_8c2a449ff5031','InterestUID_901a','2026-01-19 07:39:34'),(1196,'userid_8c2a449ff5031','InterestUID_901b','2026-01-19 07:39:34'),(1197,'userid_8c2a449ff5031','InterestUID_901c','2026-01-19 07:39:34'),(1198,'userid_8c2a449ff5031','InterestUID_902a','2026-01-19 07:39:34'),(1199,'userid_8c2a449ff5031','InterestUID_902b','2026-01-19 07:39:34'),(1200,'userid_8c2a449ff5031','InterestUID_902c','2026-01-19 07:39:34'),(1201,'userid_8c2a449ff5031','InterestUID_301a','2026-01-19 07:39:34'),(1202,'userid_8c2a449ff5031','InterestUID_301b','2026-01-19 07:39:34'),(1203,'userid_8c2a449ff5031','InterestUID_301c','2026-01-19 07:39:34'),(1204,'userid_8c2a449ff5031','InterestUID_302a','2026-01-19 07:39:34'),(1205,'userid_8c2a449ff5031','InterestUID_302b','2026-01-19 07:39:34'),(1206,'userid_8c2a449ff5031','InterestUID_303a','2026-01-19 07:39:34'),(1207,'userid_8c2a449ff5031','InterestUID_303b','2026-01-19 07:39:34'),(1208,'userid_8c2a449ff5031','InterestUID_303c','2026-01-19 07:39:34'),(1209,'userid_8c2a449ff5031','InterestUID_201a','2026-01-19 07:39:34'),(1210,'userid_8c2a449ff5031','InterestUID_201b','2026-01-19 07:39:34'),(1211,'userid_8c2a449ff5031','InterestUID_202a','2026-01-19 07:39:34'),(1212,'userid_8c2a449ff5031','InterestUID_202b','2026-01-19 07:39:34'),(1213,'userid_8c2a449ff5031','InterestUID_203a','2026-01-19 07:39:34'),(1214,'userid_8c2a449ff5031','InterestUID_203b','2026-01-19 07:39:34'),(1215,'userid_8c2a449ff5031','InterestUID_203c','2026-01-19 07:39:34'),(1216,'userid_8c2a449ff5031','InterestUID_102a','2026-01-19 07:39:34'),(1217,'userid_8c2a449ff5031','InterestUID_102b','2026-01-19 07:39:34'),(1218,'userid_8c2a449ff5031','InterestUID_102c','2026-01-19 07:39:34'),(1219,'userid_8c2a449ff5031','InterestUID_102d','2026-01-19 07:39:34'),(1220,'userid_8c2a449ff5031','InterestUID_102e','2026-01-19 07:39:34'),(1221,'userid_8c2a449ff5031','InterestUID_102f','2026-01-19 07:39:34'),(1222,'userid_8c2a449ff5031','InterestUID_102g','2026-01-19 07:39:34'),(1223,'userid_8c2a449ff5031','InterestUID_102h','2026-01-19 07:39:34'),(1224,'userid_e12c2650f5b71','InterestUID_101a','2026-01-20 04:36:36'),(1225,'userid_e12c2650f5b71','InterestUID_101b','2026-01-20 04:36:36'),(1226,'userid_e12c2650f5b71','InterestUID_101c','2026-01-20 04:36:36'),(1227,'userid_e12c2650f5b71','InterestUID_101d','2026-01-20 04:36:36'),(1228,'userid_e12c2650f5b71','InterestUID_101e','2026-01-20 04:36:36'),(1229,'userid_e12c2650f5b71','InterestUID_101f','2026-01-20 04:36:36'),(1230,'userid_e12c2650f5b71','InterestUID_101g','2026-01-20 04:36:36'),(1231,'userid_e12c2650f5b71','InterestUID_103a','2026-01-20 04:36:36'),(1232,'userid_e12c2650f5b71','InterestUID_103b','2026-01-20 04:36:36'),(1233,'userid_e12c2650f5b71','InterestUID_103c','2026-01-20 04:36:36'),(1234,'userid_e12c2650f5b71','InterestUID_1001a','2026-01-20 04:36:36'),(1235,'userid_e12c2650f5b71','InterestUID_1001b','2026-01-20 04:36:36'),(1236,'userid_e12c2650f5b71','InterestUID_1001c','2026-01-20 04:36:36'),(1237,'userid_e12c2650f5b71','InterestUID_201a','2026-01-20 04:36:36'),(1238,'userid_e12c2650f5b71','InterestUID_201b','2026-01-20 04:36:36'),(1239,'userid_e12c2650f5b71','InterestUID_202a','2026-01-20 04:36:36'),(1240,'userid_e12c2650f5b71','InterestUID_202b','2026-01-20 04:36:36'),(1241,'userid_e12c2650f5b71','InterestUID_203a','2026-01-20 04:36:36'),(1242,'userid_e12c2650f5b71','InterestUID_203b','2026-01-20 04:36:36'),(1243,'userid_e12c2650f5b71','InterestUID_203c','2026-01-20 04:36:36'),(1244,'userid_e12c2650f5b71','InterestUID_301a','2026-01-20 04:36:36'),(1245,'userid_e12c2650f5b71','InterestUID_301b','2026-01-20 04:36:36'),(1246,'userid_e12c2650f5b71','InterestUID_301c','2026-01-20 04:36:36'),(1247,'userid_e12c2650f5b71','InterestUID_302a','2026-01-20 04:36:36'),(1248,'userid_e12c2650f5b71','InterestUID_302b','2026-01-20 04:36:36'),(1249,'userid_e12c2650f5b71','InterestUID_303a','2026-01-20 04:36:36'),(1250,'userid_e12c2650f5b71','InterestUID_303b','2026-01-20 04:36:36'),(1251,'userid_e12c2650f5b71','InterestUID_303c','2026-01-20 04:36:36'),(1252,'userid_e12c2650f5b71','InterestUID_401a','2026-01-20 04:36:36'),(1253,'userid_e12c2650f5b71','InterestUID_401b','2026-01-20 04:36:36'),(1254,'userid_e12c2650f5b71','InterestUID_402a','2026-01-20 04:36:36'),(1255,'userid_e12c2650f5b71','InterestUID_402b','2026-01-20 04:36:36'),(1256,'userid_e12c2650f5b71','InterestUID_402c','2026-01-20 04:36:36'),(1257,'userid_e12c2650f5b71','InterestUID_403a','2026-01-20 04:36:36'),(1258,'userid_e12c2650f5b71','InterestUID_403b','2026-01-20 04:36:36'),(1259,'userid_e12c2650f5b71','InterestUID_404a','2026-01-20 04:36:36'),(1260,'userid_e12c2650f5b71','InterestUID_404b','2026-01-20 04:36:36'),(1261,'userid_e12c2650f5b71','InterestUID_405a','2026-01-20 04:36:36'),(1262,'userid_e12c2650f5b71','InterestUID_405b','2026-01-20 04:36:36'),(1263,'userid_e12c2650f5b71','InterestUID_405c','2026-01-20 04:36:36'),(1264,'userid_e12c2650f5b71','InterestUID_501a','2026-01-20 04:36:36'),(1265,'userid_e12c2650f5b71','InterestUID_501b','2026-01-20 04:36:36'),(1266,'userid_e12c2650f5b71','InterestUID_502a','2026-01-20 04:36:36'),(1267,'userid_e12c2650f5b71','InterestUID_502b','2026-01-20 04:36:36'),(1268,'userid_e12c2650f5b71','InterestUID_503a','2026-01-20 04:36:36'),(1269,'userid_e12c2650f5b71','InterestUID_503b','2026-01-20 04:36:36'),(1270,'userid_e12c2650f5b71','InterestUID_901a','2026-01-20 04:36:36'),(1271,'userid_e12c2650f5b71','InterestUID_901b','2026-01-20 04:36:36'),(1272,'userid_e12c2650f5b71','InterestUID_901c','2026-01-20 04:36:36'),(1273,'userid_e12c2650f5b71','InterestUID_902a','2026-01-20 04:36:36'),(1274,'userid_e12c2650f5b71','InterestUID_902b','2026-01-20 04:36:36'),(1275,'userid_e12c2650f5b71','InterestUID_902c','2026-01-20 04:36:36'),(1276,'userid_e12c2650f5b71','InterestUID_801a','2026-01-20 04:36:36'),(1277,'userid_e12c2650f5b71','InterestUID_801b','2026-01-20 04:36:36'),(1278,'userid_e12c2650f5b71','InterestUID_802a','2026-01-20 04:36:36'),(1279,'userid_e12c2650f5b71','InterestUID_802b','2026-01-20 04:36:36'),(1280,'userid_e12c2650f5b71','InterestUID_803a','2026-01-20 04:36:36'),(1281,'userid_e12c2650f5b71','InterestUID_803b','2026-01-20 04:36:36'),(1282,'userid_e12c2650f5b71','InterestUID_803c','2026-01-20 04:36:36'),(1283,'userid_e12c2650f5b71','InterestUID_701a','2026-01-20 04:36:36'),(1284,'userid_e12c2650f5b71','InterestUID_701b','2026-01-20 04:36:36'),(1285,'userid_e12c2650f5b71','InterestUID_702a','2026-01-20 04:36:36'),(1286,'userid_e12c2650f5b71','InterestUID_702b','2026-01-20 04:36:36'),(1287,'userid_e12c2650f5b71','InterestUID_703a','2026-01-20 04:36:36'),(1288,'userid_e12c2650f5b71','InterestUID_703b','2026-01-20 04:36:36'),(1289,'userid_e12c2650f5b71','InterestUID_703c','2026-01-20 04:36:36'),(1290,'userid_e12c2650f5b71','InterestUID_703d','2026-01-20 04:36:36'),(1291,'userid_e12c2650f5b71','InterestUID_601a','2026-01-20 04:36:36'),(1292,'userid_e12c2650f5b71','InterestUID_601b','2026-01-20 04:36:36'),(1293,'userid_e12c2650f5b71','InterestUID_602a','2026-01-20 04:36:36'),(1294,'userid_e12c2650f5b71','InterestUID_602b','2026-01-20 04:36:36'),(1295,'userid_e12c2650f5b71','InterestUID_602c','2026-01-20 04:36:36'),(1296,'userid_e12c2650f5b71','InterestUID_603a','2026-01-20 04:36:36'),(1297,'userid_e12c2650f5b71','InterestUID_603b','2026-01-20 04:36:36'),(1298,'userid_e12c2650f5b71','InterestUID_603c','2026-01-20 04:36:36'),(1299,'userid_e12c2650f5b71','InterestUID_102a','2026-01-20 04:36:36'),(1300,'userid_e12c2650f5b71','InterestUID_102b','2026-01-20 04:36:36'),(1301,'userid_e12c2650f5b71','InterestUID_102c','2026-01-20 04:36:36'),(1302,'userid_e12c2650f5b71','InterestUID_102d','2026-01-20 04:36:36'),(1303,'userid_e12c2650f5b71','InterestUID_102e','2026-01-20 04:36:36'),(1304,'userid_e12c2650f5b71','InterestUID_102f','2026-01-20 04:36:36'),(1305,'userid_e12c2650f5b71','InterestUID_102g','2026-01-20 04:36:36'),(1306,'userid_e12c2650f5b71','InterestUID_102h','2026-01-20 04:36:36'),(1390,'userid_09eb7cc3ef8f1','InterestUID_101a','2026-01-20 07:12:30'),(1391,'userid_09eb7cc3ef8f1','InterestUID_101b','2026-01-20 07:12:30'),(1392,'userid_09eb7cc3ef8f1','InterestUID_101c','2026-01-20 07:12:30'),(1393,'userid_09eb7cc3ef8f1','InterestUID_101d','2026-01-20 07:12:30'),(1394,'userid_09eb7cc3ef8f1','InterestUID_101e','2026-01-20 07:12:30'),(1395,'userid_09eb7cc3ef8f1','InterestUID_101f','2026-01-20 07:12:30'),(1396,'userid_09eb7cc3ef8f1','InterestUID_101g','2026-01-20 07:12:30'),(1397,'userid_09eb7cc3ef8f1','InterestUID_103a','2026-01-20 07:12:30'),(1398,'userid_09eb7cc3ef8f1','InterestUID_103b','2026-01-20 07:12:30'),(1399,'userid_09eb7cc3ef8f1','InterestUID_103c','2026-01-20 07:12:30'),(1400,'userid_09eb7cc3ef8f1','InterestUID_1001a','2026-01-20 07:12:30'),(1401,'userid_09eb7cc3ef8f1','InterestUID_1001b','2026-01-20 07:12:30'),(1402,'userid_09eb7cc3ef8f1','InterestUID_1001c','2026-01-20 07:12:30'),(1403,'userid_09eb7cc3ef8f1','InterestUID_201a','2026-01-20 07:12:30'),(1404,'userid_09eb7cc3ef8f1','InterestUID_201b','2026-01-20 07:12:30'),(1405,'userid_09eb7cc3ef8f1','InterestUID_202a','2026-01-20 07:12:30'),(1406,'userid_09eb7cc3ef8f1','InterestUID_202b','2026-01-20 07:12:30'),(1407,'userid_09eb7cc3ef8f1','InterestUID_203a','2026-01-20 07:12:30'),(1408,'userid_09eb7cc3ef8f1','InterestUID_203b','2026-01-20 07:12:30'),(1409,'userid_09eb7cc3ef8f1','InterestUID_203c','2026-01-20 07:12:30'),(1410,'userid_09eb7cc3ef8f1','InterestUID_301a','2026-01-20 07:12:30'),(1411,'userid_09eb7cc3ef8f1','InterestUID_301b','2026-01-20 07:12:30'),(1412,'userid_09eb7cc3ef8f1','InterestUID_301c','2026-01-20 07:12:30'),(1413,'userid_09eb7cc3ef8f1','InterestUID_302a','2026-01-20 07:12:30'),(1414,'userid_09eb7cc3ef8f1','InterestUID_302b','2026-01-20 07:12:30'),(1415,'userid_09eb7cc3ef8f1','InterestUID_303a','2026-01-20 07:12:30'),(1416,'userid_09eb7cc3ef8f1','InterestUID_303b','2026-01-20 07:12:30'),(1417,'userid_09eb7cc3ef8f1','InterestUID_303c','2026-01-20 07:12:30'),(1418,'userid_09eb7cc3ef8f1','InterestUID_401a','2026-01-20 07:12:30'),(1419,'userid_09eb7cc3ef8f1','InterestUID_401b','2026-01-20 07:12:30'),(1420,'userid_09eb7cc3ef8f1','InterestUID_402a','2026-01-20 07:12:30'),(1421,'userid_09eb7cc3ef8f1','InterestUID_402b','2026-01-20 07:12:30'),(1422,'userid_09eb7cc3ef8f1','InterestUID_402c','2026-01-20 07:12:30'),(1423,'userid_09eb7cc3ef8f1','InterestUID_403a','2026-01-20 07:12:30'),(1424,'userid_09eb7cc3ef8f1','InterestUID_403b','2026-01-20 07:12:30'),(1425,'userid_09eb7cc3ef8f1','InterestUID_404a','2026-01-20 07:12:30'),(1426,'userid_09eb7cc3ef8f1','InterestUID_404b','2026-01-20 07:12:30'),(1427,'userid_09eb7cc3ef8f1','InterestUID_405a','2026-01-20 07:12:30'),(1428,'userid_09eb7cc3ef8f1','InterestUID_405b','2026-01-20 07:12:30'),(1429,'userid_09eb7cc3ef8f1','InterestUID_405c','2026-01-20 07:12:30'),(1430,'userid_09eb7cc3ef8f1','InterestUID_501a','2026-01-20 07:12:30'),(1431,'userid_09eb7cc3ef8f1','InterestUID_501b','2026-01-20 07:12:30'),(1432,'userid_09eb7cc3ef8f1','InterestUID_502a','2026-01-20 07:12:30'),(1433,'userid_09eb7cc3ef8f1','InterestUID_502b','2026-01-20 07:12:30'),(1434,'userid_09eb7cc3ef8f1','InterestUID_503a','2026-01-20 07:12:30'),(1435,'userid_09eb7cc3ef8f1','InterestUID_503b','2026-01-20 07:12:30'),(1436,'userid_09eb7cc3ef8f1','InterestUID_601a','2026-01-20 07:12:30'),(1437,'userid_09eb7cc3ef8f1','InterestUID_601b','2026-01-20 07:12:30'),(1438,'userid_09eb7cc3ef8f1','InterestUID_602a','2026-01-20 07:12:30'),(1439,'userid_09eb7cc3ef8f1','InterestUID_602b','2026-01-20 07:12:30'),(1440,'userid_09eb7cc3ef8f1','InterestUID_602c','2026-01-20 07:12:30'),(1441,'userid_09eb7cc3ef8f1','InterestUID_603a','2026-01-20 07:12:30'),(1442,'userid_09eb7cc3ef8f1','InterestUID_603b','2026-01-20 07:12:30'),(1443,'userid_09eb7cc3ef8f1','InterestUID_603c','2026-01-20 07:12:30'),(1444,'userid_09eb7cc3ef8f1','InterestUID_701a','2026-01-20 07:12:30'),(1445,'userid_09eb7cc3ef8f1','InterestUID_701b','2026-01-20 07:12:30'),(1446,'userid_09eb7cc3ef8f1','InterestUID_702a','2026-01-20 07:12:30'),(1447,'userid_09eb7cc3ef8f1','InterestUID_702b','2026-01-20 07:12:30'),(1448,'userid_09eb7cc3ef8f1','InterestUID_703a','2026-01-20 07:12:30'),(1449,'userid_09eb7cc3ef8f1','InterestUID_703b','2026-01-20 07:12:30'),(1450,'userid_09eb7cc3ef8f1','InterestUID_703c','2026-01-20 07:12:30'),(1451,'userid_09eb7cc3ef8f1','InterestUID_703d','2026-01-20 07:12:30'),(1452,'userid_09eb7cc3ef8f1','InterestUID_801a','2026-01-20 07:12:30'),(1453,'userid_09eb7cc3ef8f1','InterestUID_801b','2026-01-20 07:12:30'),(1454,'userid_09eb7cc3ef8f1','InterestUID_802a','2026-01-20 07:12:30'),(1455,'userid_09eb7cc3ef8f1','InterestUID_802b','2026-01-20 07:12:30'),(1456,'userid_09eb7cc3ef8f1','InterestUID_803a','2026-01-20 07:12:30'),(1457,'userid_09eb7cc3ef8f1','InterestUID_803b','2026-01-20 07:12:30'),(1458,'userid_09eb7cc3ef8f1','InterestUID_803c','2026-01-20 07:12:30'),(1459,'userid_09eb7cc3ef8f1','InterestUID_901a','2026-01-20 07:12:30'),(1460,'userid_09eb7cc3ef8f1','InterestUID_901b','2026-01-20 07:12:30'),(1461,'userid_09eb7cc3ef8f1','InterestUID_901c','2026-01-20 07:12:30'),(1462,'userid_09eb7cc3ef8f1','InterestUID_902a','2026-01-20 07:12:30'),(1463,'userid_09eb7cc3ef8f1','InterestUID_902b','2026-01-20 07:12:30'),(1464,'userid_09eb7cc3ef8f1','InterestUID_902c','2026-01-20 07:12:30'),(1465,'userid_09eb7cc3ef8f1','InterestUID_102a','2026-01-20 07:12:30'),(1466,'userid_09eb7cc3ef8f1','InterestUID_102b','2026-01-20 07:12:30'),(1467,'userid_09eb7cc3ef8f1','InterestUID_102c','2026-01-20 07:12:30'),(1468,'userid_09eb7cc3ef8f1','InterestUID_102d','2026-01-20 07:12:30'),(1469,'userid_09eb7cc3ef8f1','InterestUID_102e','2026-01-20 07:12:30'),(1470,'userid_09eb7cc3ef8f1','InterestUID_102f','2026-01-20 07:12:30'),(1471,'userid_09eb7cc3ef8f1','InterestUID_102g','2026-01-20 07:12:30'),(1472,'userid_09eb7cc3ef8f1','InterestUID_102h','2026-01-20 07:12:30');
/*!40000 ALTER TABLE `user_interest_map` ENABLE KEYS */;
UNLOCK TABLES;

--
-- Table structure for table `user_interests`
--

DROP TABLE IF EXISTS `user_interests`;
/*!40101 SET @saved_cs_client     = @@character_set_client */;
/*!50503 SET character_set_client = utf8mb4 */;
CREATE TABLE `user_interests` (
  `InterestUID` varchar(20) NOT NULL,
  `CategoryID` int NOT NULL,
  `CategoryName` varchar(100) NOT NULL,
  `LevelCode` char(1) NOT NULL,
  `LevelName` varchar(100) NOT NULL,
  `InterestCode` varchar(10) NOT NULL,
  `InterestDescription` varchar(255) DEFAULT NULL,
  `CreatedAt` timestamp NOT NULL DEFAULT CURRENT_TIMESTAMP,
  `UpdatedAt` timestamp NOT NULL DEFAULT CURRENT_TIMESTAMP ON UPDATE CURRENT_TIMESTAMP,
  PRIMARY KEY (`InterestUID`),
  UNIQUE KEY `uq_interest_code` (`InterestCode`),
  KEY `idx_interest_category` (`CategoryID`),
  KEY `idx_interest_category_level` (`CategoryID`,`LevelCode`)
) ENGINE=InnoDB DEFAULT CHARSET=utf8mb4 COLLATE=utf8mb4_0900_ai_ci;
/*!40101 SET character_set_client = @saved_cs_client */;

--
-- Dumping data for table `user_interests`
--

LOCK TABLES `user_interests` WRITE;
/*!40000 ALTER TABLE `user_interests` DISABLE KEYS */;
INSERT INTO `user_interests` VALUES ('InterestUID_1001a',1001,'Mobility / Education – Context','a','Student','ME1001a','Interested in products or trials related to student use','2026-01-03 09:56:05','2026-01-03 09:56:05'),('InterestUID_1001b',1001,'Mobility / Education – Context','b','Educator','ME1001b','Interested in products or trials related to teaching or education','2026-01-03 09:56:05','2026-01-03 09:56:05'),('InterestUID_1001c',1001,'Mobility / Education – Context','c','Mobile / On-the-Go Use','ME1001c','Interested in products designed for mobile or on-the-go use','2026-01-03 09:56:05','2026-01-03 09:56:05'),('InterestUID_101a',101,'Brand','a','Logitech / Logi','BR101a','Interest in Logitech / Logi branded products','2026-01-03 09:30:00','2026-01-03 09:30:00'),('InterestUID_101b',101,'Brand','b','Logitech G','BR101b','Interest in Logitech G gaming products','2026-01-03 09:30:00','2026-01-03 09:30:00'),('InterestUID_101c',101,'Brand','c','ASTRO Gaming','BR101c','Interest in ASTRO Gaming products','2026-01-03 09:30:00','2026-01-03 09:30:00'),('InterestUID_101d',101,'Brand','d','Ultimate Ears (UE)','BR101d','Interest in Ultimate Ears audio products','2026-01-03 09:30:00','2026-01-03 09:30:00'),('InterestUID_101e',101,'Brand','e','Jaybird','BR101e','Interest in Jaybird wireless audio products','2026-01-03 09:30:00','2026-01-03 09:30:00'),('InterestUID_101f',101,'Brand','f','Blue Microphones','BR101f','Interest in Blue Microphones audio products','2026-01-03 09:30:00','2026-01-03 09:30:00'),('InterestUID_101g',101,'Brand','g','Streamlabs','BR101g','Interest in Streamlabs streaming tools','2026-01-03 09:30:00','2026-01-03 09:30:00'),('InterestUID_102a',102,'Product Type','a','Keyboards','PT102a','Interest in keyboards of any type','2026-01-03 09:32:07','2026-01-03 09:32:07'),('InterestUID_102b',102,'Product Type','b','Mice','PT102b','Interest in mice and pointing devices','2026-01-03 09:32:07','2026-01-03 09:32:07'),('InterestUID_102c',102,'Product Type','c','Headsets','PT102c','Interest in over-ear or on-ear headsets','2026-01-03 09:32:07','2026-01-03 09:32:07'),('InterestUID_102d',102,'Product Type','d','Earbuds','PT102d','Interest in wired or wireless earbuds','2026-01-03 09:32:07','2026-01-03 09:32:07'),('InterestUID_102e',102,'Product Type','e','Speakers','PT102e','Interest in desktop or portable speakers','2026-01-03 09:32:07','2026-01-03 09:32:07'),('InterestUID_102f',102,'Product Type','f','Microphones','PT102f','Interest in standalone microphones','2026-01-03 09:32:07','2026-01-03 09:32:07'),('InterestUID_102g',102,'Product Type','g','Webcams','PT102g','Interest in webcams and video capture devices','2026-01-03 09:32:07','2026-01-03 09:32:07'),('InterestUID_102h',102,'Product Type','h','Streaming / Creator Gear','PT102h','Interest in streaming, creator, and broadcast-related gear','2026-01-03 09:32:07','2026-01-03 09:32:07'),('InterestUID_103a',103,'Product Tier','a','Entry Level','TR103a','Generally interested in entry-level or budget-friendly products','2026-01-03 09:33:24','2026-01-03 09:33:24'),('InterestUID_103b',103,'Product Tier','b','Mid Tier','TR103b','Generally interested in mid-range products balancing features and value','2026-01-03 09:33:24','2026-01-03 09:33:24'),('InterestUID_103c',103,'Product Tier','c','High End','TR103c','Generally interested in premium or high-end products','2026-01-03 09:33:24','2026-01-03 09:33:24'),('InterestUID_201a',201,'Keyboard – Key Type','a','Mechanical','KB201a','Interested in mechanical keyboards','2026-01-03 09:37:50','2026-01-03 09:37:50'),('InterestUID_201b',201,'Keyboard – Key Type','b','Non-Mechanical','KB201b','Interested in non-mechanical keyboards (membrane, scissor, etc.)','2026-01-03 09:37:50','2026-01-03 09:37:50'),('InterestUID_202a',202,'Keyboard – Connection','a','Wired','KB202a','Interested in wired keyboards','2026-01-03 09:37:55','2026-01-03 09:37:55'),('InterestUID_202b',202,'Keyboard – Connection','b','Wireless','KB202b','Interested in wireless keyboards','2026-01-03 09:37:55','2026-01-03 09:37:55'),('InterestUID_203a',203,'Keyboard – Form Factor','a','Full Size','KB203a','Interested in full-size keyboards','2026-01-03 09:38:04','2026-01-03 09:38:04'),('InterestUID_203b',203,'Keyboard – Form Factor','b','Compact / Tenkeyless','KB203b','Interested in compact or tenkeyless keyboards','2026-01-03 09:38:04','2026-01-03 09:38:04'),('InterestUID_203c',203,'Keyboard – Form Factor','c','Low Profile','KB203c','Interested in low-profile keyboards','2026-01-03 09:38:04','2026-01-03 09:38:04'),('InterestUID_301a',301,'Mouse – Grip Type','a','Palm Grip','MS301a','Interested in palm-grip style mice','2026-01-03 09:40:25','2026-01-03 09:40:25'),('InterestUID_301b',301,'Mouse – Grip Type','b','Claw Grip','MS301b','Interested in claw-grip style mice','2026-01-03 09:40:25','2026-01-03 09:40:25'),('InterestUID_301c',301,'Mouse – Grip Type','c','Fingertip Grip','MS301c','Interested in fingertip-grip style mice','2026-01-03 09:40:25','2026-01-03 09:40:25'),('InterestUID_302a',302,'Mouse – Connection','a','Wired','MS302a','Interested in wired mice','2026-01-03 09:40:29','2026-01-03 09:40:29'),('InterestUID_302b',302,'Mouse – Connection','b','Wireless','MS302b','Interested in wireless mice','2026-01-03 09:40:29','2026-01-03 09:40:29'),('InterestUID_303a',303,'Mouse – Style','a','Lifestyle','MS303a','Interested in lifestyle-focused mice (compact, minimal, portable)','2026-01-03 09:40:35','2026-01-03 09:40:35'),('InterestUID_303b',303,'Mouse – Style','b','Productivity','MS303b','Interested in productivity-focused mice (comfort, features, everyday use)','2026-01-03 09:40:35','2026-01-03 09:40:35'),('InterestUID_303c',303,'Mouse – Style','c','Gaming','MS303c','Interested in gaming-focused mice (performance, precision, esports)','2026-01-03 09:40:35','2026-01-03 09:40:35'),('InterestUID_401a',401,'Headset – Fit','a','Over-Ear','HS401a','Interested in over-ear headsets','2026-01-03 09:42:57','2026-01-03 09:42:57'),('InterestUID_401b',401,'Headset – Fit','b','On-Ear','HS401b','Interested in on-ear headsets','2026-01-03 09:42:57','2026-01-03 09:42:57'),('InterestUID_402a',402,'Headset – Use Case','a','Work / Productivity','HS402a','Interested in headsets for work, meetings, or productivity','2026-01-03 09:43:25','2026-01-03 09:43:25'),('InterestUID_402b',402,'Headset – Use Case','b','Gaming','HS402b','Interested in headsets for gaming','2026-01-03 09:43:25','2026-01-03 09:43:25'),('InterestUID_402c',402,'Headset – Use Case','c','Both Work and Gaming','HS402c','Interested in headsets suitable for both work and gaming','2026-01-03 09:43:25','2026-01-03 09:43:25'),('InterestUID_403a',403,'Headset – Connection','a','Wired','HS403a','Interested in wired headsets','2026-01-03 09:43:31','2026-01-03 09:43:31'),('InterestUID_403b',403,'Headset – Connection','b','Wireless','HS403b','Interested in wireless headsets','2026-01-03 09:43:31','2026-01-03 09:43:31'),('InterestUID_404a',404,'Headset – Isolation','a','Noise Cancelling','HS404a','Interested in noise-cancelling headsets','2026-01-03 09:43:39','2026-01-03 09:43:39'),('InterestUID_404b',404,'Headset – Isolation','b','Open / Ambient','HS404b','Interested in open or ambient sound headsets','2026-01-03 09:43:39','2026-01-03 09:43:39'),('InterestUID_405a',405,'Headset – Microphone','a','Boom Microphone','HS405a','Interested in headsets with a boom microphone','2026-01-03 09:43:48','2026-01-03 09:43:48'),('InterestUID_405b',405,'Headset – Microphone','b','Integrated / Inline Mic','HS405b','Interested in headsets with an integrated or inline microphone','2026-01-03 09:43:48','2026-01-03 09:43:48'),('InterestUID_405c',405,'Headset – Microphone','c','No Microphone Needed','HS405c','Interested in headsets primarily for listening','2026-01-03 09:43:48','2026-01-03 09:43:48'),('InterestUID_501a',501,'Earbuds – Connection','a','Wired','EB501a','Interested in wired earbuds','2026-01-03 09:45:48','2026-01-03 09:45:48'),('InterestUID_501b',501,'Earbuds – Connection','b','Wireless','EB501b','Interested in wireless earbuds','2026-01-03 09:45:48','2026-01-03 09:45:48'),('InterestUID_502a',502,'Earbuds – Fit Type','a','In-Ear','EB502a','Interested in in-ear earbuds with ear tips','2026-01-03 09:45:54','2026-01-03 09:45:54'),('InterestUID_502b',502,'Earbuds – Fit Type','b','Open-Ear','EB502b','Interested in open-ear earbuds that do not seal the ear canal','2026-01-03 09:45:54','2026-01-03 09:45:54'),('InterestUID_503a',503,'Earbuds – Noise Control','a','Active Noise Cancelling','EB503a','Interested in earbuds with active noise cancelling','2026-01-03 09:46:01','2026-01-03 09:46:01'),('InterestUID_503b',503,'Earbuds – Noise Control','b','No Noise Cancelling','EB503b','Interested in earbuds without active noise cancelling','2026-01-03 09:46:01','2026-01-03 09:46:01'),('InterestUID_601a',601,'Speakers – Connection','a','Wired','SP601a','Interested in wired speakers','2026-01-03 09:47:39','2026-01-03 09:47:39'),('InterestUID_601b',601,'Speakers – Connection','b','Wireless','SP601b','Interested in wireless speakers','2026-01-03 09:47:39','2026-01-03 09:47:39'),('InterestUID_602a',602,'Speakers – Use Case','a','Work','SP602a','Interested in speakers primarily for work or desk use','2026-01-03 09:47:43','2026-01-03 09:47:43'),('InterestUID_602b',602,'Speakers – Use Case','b','Personal','SP602b','Interested in speakers primarily for personal or leisure use','2026-01-03 09:47:43','2026-01-03 09:47:43'),('InterestUID_602c',602,'Speakers – Use Case','c','Both Work and Personal','SP602c','Interested in speakers suitable for both work and personal use','2026-01-03 09:47:43','2026-01-03 09:47:43'),('InterestUID_603a',603,'Speakers – Size','a','Small','SP603a','Interested in small or compact speakers','2026-01-03 09:47:49','2026-01-03 09:47:49'),('InterestUID_603b',603,'Speakers – Size','b','Medium','SP603b','Interested in medium-sized speakers','2026-01-03 09:47:49','2026-01-03 09:47:49'),('InterestUID_603c',603,'Speakers – Size','c','Large','SP603c','Interested in large or room-filling speakers','2026-01-03 09:47:49','2026-01-03 09:47:49'),('InterestUID_701a',701,'Microphone – Connection','a','Wired','MC701a','Interested in wired microphones','2026-01-03 09:50:09','2026-01-03 09:50:09'),('InterestUID_701b',701,'Microphone – Connection','b','Wireless','MC701b','Interested in wireless microphones','2026-01-03 09:50:09','2026-01-03 09:50:09'),('InterestUID_702a',702,'Microphone – Lighting','a','RGB Lighting','MC702a','Interested in microphones with RGB or visual lighting','2026-01-03 09:50:15','2026-01-03 09:50:15'),('InterestUID_702b',702,'Microphone – Lighting','b','No Lighting','MC702b','Interested in microphones without RGB or visual lighting','2026-01-03 09:50:15','2026-01-03 09:50:15'),('InterestUID_703a',703,'Microphone – Use Context','a','Work / Meetings','MC703a','Interested in microphones for work, meetings, or calls','2026-01-03 09:50:21','2026-01-03 09:50:21'),('InterestUID_703b',703,'Microphone – Use Context','b','Streaming / Content Creation','MC703b','Interested in microphones for streaming or content creation','2026-01-03 09:50:21','2026-01-03 09:50:21'),('InterestUID_703c',703,'Microphone – Use Context','c','Gaming','MC703c','Interested in microphones for gaming or voice chat','2026-01-03 09:50:21','2026-01-03 09:50:21'),('InterestUID_703d',703,'Microphone – Use Context','d','General Use','MC703d','Interested in microphones for general-purpose use','2026-01-03 09:50:21','2026-01-03 09:50:21'),('InterestUID_801a',801,'Webcam – Secure Face Recognition','a','Secure Face Login','WC801a','Interested in webcams that support secure face recognition for device login','2026-01-03 09:52:54','2026-01-03 09:52:54'),('InterestUID_801b',801,'Webcam – Secure Face Recognition','b','No Face Login Needed','WC801b','Not interested in face-recognition-based device login','2026-01-03 09:52:54','2026-01-03 09:52:54'),('InterestUID_802a',802,'Webcam – Privacy','a','Physical Lens Cover','WC802a','Interested in webcams with a physical privacy shutter','2026-01-03 09:52:59','2026-01-03 09:52:59'),('InterestUID_802b',802,'Webcam – Privacy','b','No Lens Cover Needed','WC802b','Does not require a physical privacy shutter','2026-01-03 09:52:59','2026-01-03 09:52:59'),('InterestUID_803a',803,'Webcam – Resolution','a','HD (720p)','WC803a','Interested in HD (720p) webcam resolution','2026-01-03 09:53:03','2026-01-03 09:53:03'),('InterestUID_803b',803,'Webcam – Resolution','b','Full HD (1080p)','WC803b','Interested in Full HD (1080p) webcam resolution','2026-01-03 09:53:03','2026-01-03 09:53:03'),('InterestUID_803c',803,'Webcam – Resolution','c','Ultra HD (4K)','WC803c','Interested in Ultra HD (4K) webcam resolution','2026-01-03 09:53:03','2026-01-03 09:53:03'),('InterestUID_901a',901,'Creator Gear – Type','a','Lighting','CG901a','Interested in creator lighting products','2026-01-03 09:55:46','2026-01-03 09:55:46'),('InterestUID_901b',901,'Creator Gear – Type','b','Cameras (Streaming / PTZ)','CG901b','Interested in streaming or creator-focused cameras','2026-01-03 09:55:46','2026-01-03 09:55:46'),('InterestUID_901c',901,'Creator Gear – Type','c','Creative Control Consoles','CG901c','Interested in creative control consoles for streaming or content creation','2026-01-03 09:55:46','2026-01-03 09:55:46'),('InterestUID_902a',902,'Creator Gear – Use Intent','a','Streaming','CG902a','Interested in creator gear primarily for live streaming','2026-01-03 09:55:50','2026-01-03 09:55:50'),('InterestUID_902b',902,'Creator Gear – Use Intent','b','Content Creation','CG902b','Interested in creator gear for recorded or produced content','2026-01-03 09:55:50','2026-01-03 09:55:50'),('InterestUID_902c',902,'Creator Gear – Use Intent','c','Both Streaming and Creation','CG902c','Interested in creator gear for both live streaming and content creation','2026-01-03 09:55:50','2026-01-03 09:55:50');
/*!40000 ALTER TABLE `user_interests` ENABLE KEYS */;
UNLOCK TABLES;

--
-- Table structure for table `user_office_assignment`
--

DROP TABLE IF EXISTS `user_office_assignment`;
/*!40101 SET @saved_cs_client     = @@character_set_client */;
/*!50503 SET character_set_client = utf8mb4 */;
CREATE TABLE `user_office_assignment` (
  `AssignmentID` int NOT NULL AUTO_INCREMENT,
  `user_id` varchar(20) NOT NULL,
  `OfficeID` varchar(20) NOT NULL,
  `IsPrimary` tinyint(1) NOT NULL DEFAULT '1',
  `CreatedAt` datetime NOT NULL DEFAULT CURRENT_TIMESTAMP,
  `UpdatedAt` datetime NOT NULL DEFAULT CURRENT_TIMESTAMP ON UPDATE CURRENT_TIMESTAMP,
  PRIMARY KEY (`AssignmentID`),
  KEY `user_id` (`user_id`),
  KEY `OfficeID` (`OfficeID`),
  CONSTRAINT `user_office_assignment_ibfk_1` FOREIGN KEY (`user_id`) REFERENCES `user_pool` (`user_id`),
  CONSTRAINT `user_office_assignment_ibfk_2` FOREIGN KEY (`OfficeID`) REFERENCES `system_office_locations` (`OfficeID`)
) ENGINE=InnoDB AUTO_INCREMENT=14 DEFAULT CHARSET=utf8mb4 COLLATE=utf8mb4_0900_ai_ci;
/*!40101 SET character_set_client = @saved_cs_client */;

--
-- Dumping data for table `user_office_assignment`
--

LOCK TABLES `user_office_assignment` WRITE;
/*!40000 ALTER TABLE `user_office_assignment` DISABLE KEYS */;
/*!40000 ALTER TABLE `user_office_assignment` ENABLE KEYS */;
UNLOCK TABLES;

--
-- Table structure for table `user_pool`
--

DROP TABLE IF EXISTS `user_pool`;
/*!40101 SET @saved_cs_client     = @@character_set_client */;
/*!50503 SET character_set_client = utf8mb4 */;
CREATE TABLE `user_pool` (
  `user_id` varchar(20) NOT NULL,
  `Email` varchar(255) NOT NULL,
  `EmailDomain` varchar(100) GENERATED ALWAYS AS (substring_index(`Email`,_utf8mb4'@',-(1))) STORED,
  `PasswordHash` varchar(255) DEFAULT NULL,
  `FirstName` varchar(100) DEFAULT NULL,
  `LastName` varchar(100) DEFAULT NULL,
  `PhoneNumber` varchar(50) DEFAULT NULL,
  `InternalUser` tinyint(1) DEFAULT '0',
  `Status` tinyint(1) DEFAULT '0',
  `Notes` text,
  `GlobalNDA_Status` enum('Not Sent','Sent','Signed','Expired','Revoked') DEFAULT 'Not Sent',
  `GlobalNDA_SentAt` datetime DEFAULT NULL,
  `GlobalNDA_SignedAt` datetime DEFAULT NULL,
  `GuidelinesCompletedAt` datetime DEFAULT NULL,
  `WelcomeSeenAt` datetime DEFAULT NULL,
  `GlobalNDA_Version` varchar(20) DEFAULT NULL,
  `ProfileSignature` varchar(500) DEFAULT NULL,
  `LastLoginAt` datetime DEFAULT NULL,
  `CreatedAt` datetime NOT NULL DEFAULT CURRENT_TIMESTAMP,
  `UpdatedAt` datetime NOT NULL DEFAULT CURRENT_TIMESTAMP ON UPDATE CURRENT_TIMESTAMP,
  `gender_hash` char(64) DEFAULT NULL,
  `birth_year_hash` char(64) DEFAULT NULL,
  `country_hash` char(64) DEFAULT NULL,
  `city_hash` char(64) DEFAULT NULL,
  `GlobalNDA_IP_Hash` char(64) DEFAULT NULL,
  `ParticipantStatus` enum('active','withdrawn','cooldown') NOT NULL DEFAULT 'active',
  `ProfileWizardStep` tinyint NOT NULL DEFAULT '0',
  `UnregisteredAt` datetime DEFAULT NULL,
  `UnregisterCooldownUntil` datetime DEFAULT NULL,
  `EmailVerified` tinyint(1) DEFAULT '0',
  `EmailVerificationToken` char(64) DEFAULT NULL,
  `EmailVerificationSentAt` datetime DEFAULT NULL,
  `Gender` varchar(20) DEFAULT NULL,
  `BirthYear` smallint DEFAULT NULL,
  `Country` varchar(100) DEFAULT NULL,
  `City` varchar(100) DEFAULT NULL,
  `profile_completed_at` datetime DEFAULT NULL,
  `profile_updated_at` datetime DEFAULT NULL,
  `InterestsWizardCompleted` tinyint(1) NOT NULL DEFAULT '0',
  `MobileCountryCode` varchar(8) DEFAULT NULL,
  `MobileNational` varchar(32) DEFAULT NULL,
  `MobileE164` varchar(32) DEFAULT NULL,
  `MobileVerifiedAt` datetime DEFAULT NULL,
  PRIMARY KEY (`user_id`),
  UNIQUE KEY `Email` (`Email`)
) ENGINE=InnoDB DEFAULT CHARSET=utf8mb4 COLLATE=utf8mb4_0900_ai_ci;
/*!40101 SET character_set_client = @saved_cs_client */;

--
-- Dumping data for table `user_pool`
--

LOCK TABLES `user_pool` WRITE;
/*!40000 ALTER TABLE `user_pool` DISABLE KEYS */;
INSERT INTO `user_pool` (`user_id`, `Email`, `PasswordHash`, `FirstName`, `LastName`, `PhoneNumber`, `InternalUser`, `Status`, `Notes`, `GlobalNDA_Status`, `GlobalNDA_SentAt`, `GlobalNDA_SignedAt`, `GuidelinesCompletedAt`, `WelcomeSeenAt`, `GlobalNDA_Version`, `ProfileSignature`, `LastLoginAt`, `CreatedAt`, `UpdatedAt`, `gender_hash`, `birth_year_hash`, `country_hash`, `city_hash`, `GlobalNDA_IP_Hash`, `ParticipantStatus`, `ProfileWizardStep`, `UnregisteredAt`, `UnregisterCooldownUntil`, `EmailVerified`, `EmailVerificationToken`, `EmailVerificationSentAt`, `Gender`, `BirthYear`, `Country`, `City`, `profile_completed_at`, `profile_updated_at`, `InterestsWizardCompleted`, `MobileCountryCode`, `MobileNational`, `MobileE164`, `MobileVerifiedAt`) VALUES ('userid_09eb7cc3ef8f1','richardlichunliu@gmail.com','$2b$12$Vm.8Us5MbGgrHzkF6Vs1fO9baod50lIiR5aYXbaRZ0fR6FGCpDSEe','Richard Lichun','Liu',NULL,0,0,NULL,'Signed',NULL,'2026-01-12 08:18:11','2026-01-12 08:18:47','2026-01-12 08:18:59',NULL,NULL,'2026-03-03 09:24:38','2026-01-12 08:16:47','2026-03-03 09:24:38',NULL,NULL,NULL,NULL,NULL,'active',2,NULL,NULL,1,NULL,'2026-01-12 08:16:52','male',1978,'USA','Boston',NULL,NULL,0,NULL,NULL,NULL,NULL),('userid_1056b715f03d1','x0richliu@gmail.com','$2b$12$.sHxZaoqziqvyY/bujp5IeRg0d24LAAsS.3Fv8wJ/snzeNDwjjcn.','Rich L.','Liu',NULL,0,0,NULL,'Signed',NULL,'2026-01-13 06:37:35','2026-01-13 06:38:26','2026-01-13 06:38:37',NULL,NULL,'2026-01-13 06:20:49','2026-01-13 05:02:30','2026-01-14 08:00:05',NULL,NULL,NULL,NULL,NULL,'active',3,NULL,NULL,1,NULL,'2026-01-13 05:02:35','non_binary',1990,'USA','Boston',NULL,NULL,0,'+886','0906112133','+8860906112133',NULL),('userid_4fec82c7eea61','rliu9@logitech.com','$2b$12$qH9QovkWIUYmCinmGisFgu/GGAB8MVpz6ZktQSA106GmjVLYWHeR6','Richard','Liu',NULL,1,0,NULL,'Signed',NULL,'2026-01-11 04:35:55','2026-01-11 04:42:25','2026-01-11 04:42:39',NULL,NULL,'2026-03-04 06:27:38','2026-01-11 04:30:52','2026-03-04 06:27:38',NULL,NULL,NULL,NULL,NULL,'active',3,NULL,NULL,1,NULL,'2026-01-11 04:30:56','male',1978,'Taiwan','Hsinchu',NULL,NULL,1,NULL,NULL,NULL,NULL),('userid_8c2a449ff5031','achen12@logitech.com','$2b$12$pAA8jsGk7H9w8Pk0AnVb.O7afUOa/R3Jr26foiPGG.mAYLevt2APy','ariel','chen',NULL,1,0,NULL,'Signed',NULL,'2026-01-19 07:07:24','2026-01-19 07:08:16','2026-01-19 07:08:23',NULL,NULL,'2026-01-19 07:52:55','2026-01-19 06:53:23','2026-01-19 07:52:55',NULL,NULL,NULL,NULL,NULL,'active',3,NULL,NULL,1,NULL,'2026-01-19 06:53:27','non_binary',1900,'Taiwan','Hsinchu City',NULL,NULL,0,'+886','988797010','+886988797010',NULL),('userid_90f9324aedc91','x0rliu@gmail.com','$2b$12$wA.JaZp876evNIHllXpoCumjKJsNxme6J51kcNGKjhPH9hqLTmrzq','Richard','Liu',NULL,0,0,NULL,'Signed',NULL,'2026-01-10 02:41:57','2026-01-10 02:42:53','2026-01-10 02:43:14',NULL,NULL,'2026-01-28 02:19:30','2026-01-10 02:10:42','2026-01-28 02:19:30',NULL,NULL,NULL,NULL,NULL,'active',0,NULL,NULL,1,NULL,'2026-01-10 02:10:49','male',1978,'Taiwan','New Taipei City',NULL,NULL,0,NULL,NULL,NULL,NULL),('userid_d593d38eed2a1','bhallacy@logitech.com','$2b$12$MZpsCNGJkKE/9fRBlcwV/.L.I0LWilyoMRCj8d8qzgRjwKaYUUDUu','Brian','Hallacy',NULL,1,0,NULL,'Signed',NULL,'2026-01-09 07:16:15','2026-01-09 07:16:50','2026-01-09 07:17:04',NULL,NULL,'2026-01-14 09:42:42','2026-01-09 07:14:27','2026-01-14 09:42:42',NULL,NULL,NULL,NULL,NULL,'active',0,NULL,NULL,1,NULL,'2026-01-09 07:14:32','male',1979,'Taiwan','New Taipei City',NULL,NULL,0,NULL,NULL,NULL,NULL),('userid_e12c2650f5b71','x0rliu@stlawu.edu','$2b$12$VoBkcJ/3QEkKJ6vJl3BvNO0RBYi7MNOy32/smGjOv3OFMWDuGCGHG','Rich Lichun','Liu',NULL,0,0,NULL,'Signed',NULL,'2026-01-20 04:28:31','2026-01-20 04:33:25','2026-01-20 04:33:31',NULL,NULL,'2026-01-20 04:27:24','2026-01-20 04:24:15','2026-01-20 04:43:29',NULL,NULL,NULL,NULL,NULL,'active',3,NULL,NULL,1,NULL,'2026-01-20 04:24:19','non_binary',1978,'Switzerland','Lausanne',NULL,NULL,0,'+886','0906112133','+8860906112133',NULL),('userid_fb8b4fd007e01','achaurasia1@logitech.com','$2b$12$0123456789abcdef0123456789abcdef0123456789abcdef012345','Arvind','',NULL,1,0,NULL,'Signed',NULL,'2026-02-12 07:03:49',NULL,NULL,NULL,NULL,NULL,'2026-02-12 07:03:49','2026-02-12 07:03:49',NULL,NULL,NULL,NULL,NULL,'active',0,NULL,NULL,1,NULL,NULL,NULL,NULL,NULL,NULL,NULL,NULL,0,NULL,NULL,NULL,NULL),('userid_fb8b506807e01','ahess1@logitech.com','$2b$12$0123456789abcdef0123456789abcdef0123456789abcdef012345','Aleksandra','',NULL,1,0,NULL,'Signed',NULL,'2026-02-12 07:03:49',NULL,NULL,NULL,NULL,NULL,'2026-02-12 07:03:49','2026-02-12 07:03:49',NULL,NULL,NULL,NULL,NULL,'active',0,NULL,NULL,1,NULL,NULL,NULL,NULL,NULL,NULL,NULL,NULL,0,NULL,NULL,NULL,NULL),('userid_fb8b508e07e01','amartens@logitech.com','$2b$12$0123456789abcdef0123456789abcdef0123456789abcdef012345','Alyssa','Martens',NULL,1,0,NULL,'Signed',NULL,'2026-02-12 07:03:49',NULL,NULL,NULL,NULL,NULL,'2026-02-12 07:03:49','2026-02-12 07:03:49',NULL,NULL,NULL,NULL,NULL,'active',0,NULL,NULL,1,NULL,NULL,NULL,NULL,NULL,NULL,NULL,NULL,0,NULL,NULL,NULL,NULL),('userid_fb8b50ac07e01','amasoumi@logitech.com','$2b$12$0123456789abcdef0123456789abcdef0123456789abcdef012345','Amirhossein','Masoumi',NULL,1,0,NULL,'Signed',NULL,'2026-02-12 07:03:49',NULL,NULL,NULL,NULL,NULL,'2026-02-12 07:03:49','2026-02-12 07:03:49',NULL,NULL,NULL,NULL,NULL,'active',0,NULL,NULL,1,NULL,NULL,NULL,NULL,NULL,NULL,NULL,NULL,0,NULL,NULL,NULL,NULL),('userid_fb8b50c807e01','asiminoff@logitech.com','$2b$12$0123456789abcdef0123456789abcdef0123456789abcdef012345','Andrew','Siminoff',NULL,1,0,NULL,'Signed',NULL,'2026-02-12 07:03:49',NULL,NULL,NULL,NULL,NULL,'2026-02-12 07:03:49','2026-02-12 07:03:49',NULL,NULL,NULL,NULL,NULL,'active',0,NULL,NULL,1,NULL,NULL,NULL,NULL,NULL,NULL,NULL,NULL,0,NULL,NULL,NULL,NULL),('userid_fb8b50e707e01','buhrin@logitech.com','$2b$12$0123456789abcdef0123456789abcdef0123456789abcdef012345','Branislav','Uhrin',NULL,1,0,NULL,'Signed',NULL,'2026-02-12 07:03:49',NULL,NULL,NULL,NULL,NULL,'2026-02-12 07:03:49','2026-02-12 07:03:49',NULL,NULL,NULL,NULL,NULL,'active',0,NULL,NULL,1,NULL,NULL,NULL,NULL,NULL,NULL,NULL,NULL,0,NULL,NULL,NULL,NULL),('userid_fb8b510307e01','cbendaoud@logitech.com','$2b$12$0123456789abcdef0123456789abcdef0123456789abcdef012345','Cyrielle','Bendaoud',NULL,1,0,NULL,'Signed',NULL,'2026-02-12 07:03:49',NULL,NULL,NULL,NULL,NULL,'2026-02-12 07:03:49','2026-02-12 07:03:49',NULL,NULL,NULL,NULL,NULL,'active',0,NULL,NULL,1,NULL,NULL,NULL,NULL,NULL,NULL,NULL,NULL,0,NULL,NULL,NULL,NULL),('userid_fb8b512107e01','dmahmoud@logitech.com','$2b$12$0123456789abcdef0123456789abcdef0123456789abcdef012345','Dunnia','Mahmoud',NULL,1,0,NULL,'Signed',NULL,'2026-02-12 07:03:49',NULL,NULL,NULL,NULL,NULL,'2026-02-12 07:03:49','2026-02-12 07:03:49',NULL,NULL,NULL,NULL,NULL,'active',0,NULL,NULL,1,NULL,NULL,NULL,NULL,NULL,NULL,NULL,NULL,0,NULL,NULL,NULL,NULL),('userid_fb8b513f07e01','eafriyie@logitech.com','$2b$12$0123456789abcdef0123456789abcdef0123456789abcdef012345','Emmanuel','Afriyie',NULL,1,0,NULL,'Signed',NULL,'2026-02-12 07:03:49',NULL,NULL,NULL,NULL,NULL,'2026-02-12 07:03:49','2026-02-12 07:03:49',NULL,NULL,NULL,NULL,NULL,'active',0,NULL,NULL,1,NULL,NULL,NULL,NULL,NULL,NULL,NULL,NULL,0,NULL,NULL,NULL,NULL),('userid_fb8b515907e01','gcosta@logitech.com','$2b$12$0123456789abcdef0123456789abcdef0123456789abcdef012345','Gabriel','Costa',NULL,1,0,NULL,'Signed',NULL,'2026-02-12 07:03:49',NULL,NULL,NULL,NULL,NULL,'2026-02-12 07:03:49','2026-02-12 07:03:49',NULL,NULL,NULL,NULL,NULL,'active',0,NULL,NULL,1,NULL,NULL,NULL,NULL,NULL,NULL,NULL,NULL,0,NULL,NULL,NULL,NULL),('userid_fb8b517307e01','ikremer@logitech.com','$2b$12$0123456789abcdef0123456789abcdef0123456789abcdef012345','Iris','Kremer',NULL,1,0,NULL,'Signed',NULL,'2026-02-12 07:03:49',NULL,NULL,NULL,NULL,NULL,'2026-02-12 07:03:49','2026-02-12 07:03:49',NULL,NULL,NULL,NULL,NULL,'active',0,NULL,NULL,1,NULL,NULL,NULL,NULL,NULL,NULL,NULL,NULL,0,NULL,NULL,NULL,NULL),('userid_fb8b518f07e01','jcostaz@logitech.com','$2b$12$0123456789abcdef0123456789abcdef0123456789abcdef012345','Justine','Costaz',NULL,1,0,NULL,'Signed',NULL,'2026-02-12 07:03:49',NULL,NULL,NULL,NULL,NULL,'2026-02-12 07:03:49','2026-02-12 07:03:49',NULL,NULL,NULL,NULL,NULL,'active',0,NULL,NULL,1,NULL,NULL,NULL,NULL,NULL,NULL,NULL,NULL,0,NULL,NULL,NULL,NULL),('userid_fb8b51aa07e01','jtalley@logitech.com','$2b$12$0123456789abcdef0123456789abcdef0123456789abcdef012345','John','Talley',NULL,1,0,NULL,'Signed',NULL,'2026-02-12 07:03:49',NULL,NULL,NULL,NULL,NULL,'2026-02-12 07:03:49','2026-02-12 07:03:49',NULL,NULL,NULL,NULL,NULL,'active',0,NULL,NULL,1,NULL,NULL,NULL,NULL,NULL,NULL,NULL,NULL,0,NULL,NULL,NULL,NULL),('userid_fb8b51c507e01','jtrzesicka@logitech.com','$2b$12$0123456789abcdef0123456789abcdef0123456789abcdef012345','Julia','Trzesicka',NULL,1,0,NULL,'Signed',NULL,'2026-02-12 07:03:49',NULL,NULL,NULL,NULL,NULL,'2026-02-12 07:03:49','2026-02-12 07:03:49',NULL,NULL,NULL,NULL,NULL,'active',0,NULL,NULL,1,NULL,NULL,NULL,NULL,NULL,NULL,NULL,NULL,0,NULL,NULL,NULL,NULL),('userid_fb8b51e107e01','kli12@logitech.com','$2b$12$0123456789abcdef0123456789abcdef0123456789abcdef012345','Daniel KN','Li',NULL,1,0,NULL,'Signed',NULL,'2026-02-12 07:03:49',NULL,NULL,NULL,NULL,NULL,'2026-02-12 07:03:49','2026-02-12 07:03:49',NULL,NULL,NULL,NULL,NULL,'active',0,NULL,NULL,1,NULL,NULL,NULL,NULL,NULL,NULL,NULL,NULL,0,NULL,NULL,NULL,NULL),('userid_fb8b51fc07e01','ljames@logitech.com','$2b$12$0123456789abcdef0123456789abcdef0123456789abcdef012345','Liam','James',NULL,1,0,NULL,'Signed',NULL,'2026-02-12 07:03:49',NULL,NULL,NULL,NULL,NULL,'2026-02-12 07:03:49','2026-02-12 07:03:49',NULL,NULL,NULL,NULL,NULL,'active',0,NULL,NULL,1,NULL,NULL,NULL,NULL,NULL,NULL,NULL,NULL,0,NULL,NULL,NULL,NULL),('userid_fb8b521707e01','mcaelum@logitech.com','$2b$12$0123456789abcdef0123456789abcdef0123456789abcdef012345','Morgan','Caelum',NULL,1,0,NULL,'Signed',NULL,'2026-02-12 07:03:49',NULL,NULL,NULL,NULL,NULL,'2026-02-12 07:03:49','2026-02-12 07:03:49',NULL,NULL,NULL,NULL,NULL,'active',0,NULL,NULL,1,NULL,NULL,NULL,NULL,NULL,NULL,NULL,NULL,0,NULL,NULL,NULL,NULL),('userid_fb8b523107e01','mliu9@logitech.com','$2b$12$0123456789abcdef0123456789abcdef0123456789abcdef012345','Miko','',NULL,1,0,NULL,'Signed',NULL,'2026-02-12 07:03:49',NULL,NULL,NULL,NULL,NULL,'2026-02-12 07:03:49','2026-02-12 07:03:49',NULL,NULL,NULL,NULL,NULL,'active',0,NULL,NULL,1,NULL,NULL,NULL,NULL,NULL,NULL,NULL,NULL,0,NULL,NULL,NULL,NULL),('userid_fb8b524c07e01','mnicole@logitech.com','$2b$12$0123456789abcdef0123456789abcdef0123456789abcdef012345','Mary Madeline','Nicole',NULL,1,0,NULL,'Signed',NULL,'2026-02-12 07:03:49',NULL,NULL,NULL,NULL,NULL,'2026-02-12 07:03:49','2026-02-12 07:03:49',NULL,NULL,NULL,NULL,NULL,'active',0,NULL,NULL,1,NULL,NULL,NULL,NULL,NULL,NULL,NULL,NULL,0,NULL,NULL,NULL,NULL),('userid_fb8b526a07e01','mpedroza@logitech.com','$2b$12$0123456789abcdef0123456789abcdef0123456789abcdef012345','Mariah','Pedroza',NULL,1,0,NULL,'Signed',NULL,'2026-02-12 07:03:49',NULL,NULL,NULL,NULL,NULL,'2026-02-12 07:03:49','2026-02-12 07:03:49',NULL,NULL,NULL,NULL,NULL,'active',0,NULL,NULL,1,NULL,NULL,NULL,NULL,NULL,NULL,NULL,NULL,0,NULL,NULL,NULL,NULL),('userid_fb8b528507e01','mrobinson1@logitech.com','$2b$12$0123456789abcdef0123456789abcdef0123456789abcdef012345','Mika','Robinson',NULL,1,0,NULL,'Signed',NULL,'2026-02-12 07:03:49',NULL,NULL,NULL,NULL,NULL,'2026-02-12 07:03:49','2026-02-12 07:03:49',NULL,NULL,NULL,NULL,NULL,'active',0,NULL,NULL,1,NULL,NULL,NULL,NULL,NULL,NULL,NULL,NULL,0,NULL,NULL,NULL,NULL),('userid_fb8b52a007e01','mstanley@logitech.com','$2b$12$0123456789abcdef0123456789abcdef0123456789abcdef012345','Maddie','Stanley',NULL,1,0,NULL,'Signed',NULL,'2026-02-12 07:03:49',NULL,NULL,NULL,NULL,NULL,'2026-02-12 07:03:49','2026-02-12 07:03:49',NULL,NULL,NULL,NULL,NULL,'active',0,NULL,NULL,1,NULL,NULL,NULL,NULL,NULL,NULL,NULL,NULL,0,NULL,NULL,NULL,NULL),('userid_fb8b52ba07e01','nhealy@logitech.com','$2b$12$0123456789abcdef0123456789abcdef0123456789abcdef012345','Nathan','Healy',NULL,1,0,NULL,'Signed',NULL,'2026-02-12 07:03:49',NULL,NULL,NULL,NULL,NULL,'2026-02-12 07:03:49','2026-02-12 07:03:49',NULL,NULL,NULL,NULL,NULL,'active',0,NULL,NULL,1,NULL,NULL,NULL,NULL,NULL,NULL,NULL,NULL,0,NULL,NULL,NULL,NULL),('userid_fb8b52d507e01','njackson1@logitech.com','$2b$12$0123456789abcdef0123456789abcdef0123456789abcdef012345','Nikiba','Jackson',NULL,1,0,NULL,'Signed',NULL,'2026-02-12 07:03:49',NULL,NULL,NULL,NULL,NULL,'2026-02-12 07:03:49','2026-02-12 07:03:49',NULL,NULL,NULL,NULL,NULL,'active',0,NULL,NULL,1,NULL,NULL,NULL,NULL,NULL,NULL,NULL,NULL,0,NULL,NULL,NULL,NULL),('userid_fb8b52f107e01','nliu4@logitech.com','$2b$12$0123456789abcdef0123456789abcdef0123456789abcdef012345','Nero','Liu',NULL,1,0,NULL,'Signed',NULL,'2026-02-12 07:03:49',NULL,NULL,NULL,NULL,NULL,'2026-02-12 07:03:49','2026-02-12 07:03:49',NULL,NULL,NULL,NULL,NULL,'active',0,NULL,NULL,1,NULL,NULL,NULL,NULL,NULL,NULL,NULL,NULL,0,NULL,NULL,NULL,NULL),('userid_fb8b530d07e01','nramesh@logitech.com','$2b$12$0123456789abcdef0123456789abcdef0123456789abcdef012345','Nikkitha','Ramesh',NULL,1,0,NULL,'Signed',NULL,'2026-02-12 07:03:49',NULL,NULL,NULL,NULL,NULL,'2026-02-12 07:03:49','2026-02-12 07:03:49',NULL,NULL,NULL,NULL,NULL,'active',0,NULL,NULL,1,NULL,NULL,NULL,NULL,NULL,NULL,NULL,NULL,0,NULL,NULL,NULL,NULL),('userid_fb8b532707e01','nspear@logitech.com','$2b$12$0123456789abcdef0123456789abcdef0123456789abcdef012345','Nathan','Spear',NULL,1,0,NULL,'Signed',NULL,'2026-02-12 07:03:49',NULL,NULL,NULL,NULL,NULL,'2026-02-12 07:03:49','2026-02-12 07:03:49',NULL,NULL,NULL,NULL,NULL,'active',0,NULL,NULL,1,NULL,NULL,NULL,NULL,NULL,NULL,NULL,NULL,0,NULL,NULL,NULL,NULL),('userid_fb8b534207e01','pfitzsimons@logitech.com','$2b$12$0123456789abcdef0123456789abcdef0123456789abcdef012345','Paul','Fitzsimons',NULL,1,0,NULL,'Signed',NULL,'2026-02-12 07:03:49',NULL,NULL,NULL,NULL,NULL,'2026-02-12 07:03:49','2026-02-12 07:03:49',NULL,NULL,NULL,NULL,NULL,'active',0,NULL,NULL,1,NULL,NULL,NULL,NULL,NULL,NULL,NULL,NULL,0,NULL,NULL,NULL,NULL),('userid_fb8b535c07e01','pkalyan@logitech.com','$2b$12$0123456789abcdef0123456789abcdef0123456789abcdef012345','Paulo','Kalyan',NULL,1,0,NULL,'Signed',NULL,'2026-02-12 07:03:49',NULL,NULL,NULL,NULL,NULL,'2026-02-12 07:03:49','2026-02-12 07:03:49',NULL,NULL,NULL,NULL,NULL,'active',0,NULL,NULL,1,NULL,NULL,NULL,NULL,NULL,NULL,NULL,NULL,0,NULL,NULL,NULL,NULL),('userid_fb8b537607e01','pknef@logitech.com','$2b$12$0123456789abcdef0123456789abcdef0123456789abcdef012345','Paige','Knef',NULL,1,0,NULL,'Signed',NULL,'2026-02-12 07:03:49',NULL,NULL,NULL,NULL,NULL,'2026-02-12 07:03:49','2026-02-12 07:03:49',NULL,NULL,NULL,NULL,NULL,'active',0,NULL,NULL,1,NULL,NULL,NULL,NULL,NULL,NULL,NULL,NULL,0,NULL,NULL,NULL,NULL),('userid_fb8b539107e01','ptsai1@logitech.com','$2b$12$0123456789abcdef0123456789abcdef0123456789abcdef012345','Penny','Tsai',NULL,1,0,NULL,'Signed',NULL,'2026-02-12 07:03:49',NULL,NULL,NULL,NULL,NULL,'2026-02-12 07:03:49','2026-02-12 07:03:49',NULL,NULL,NULL,NULL,NULL,'active',0,NULL,NULL,1,NULL,NULL,NULL,NULL,NULL,NULL,NULL,NULL,0,NULL,NULL,NULL,NULL),('userid_fb8b53ac07e01','pwaldron@logitech.com','$2b$12$0123456789abcdef0123456789abcdef0123456789abcdef012345','Philip','Waldron',NULL,1,0,NULL,'Signed',NULL,'2026-02-12 07:03:49',NULL,NULL,NULL,NULL,NULL,'2026-02-12 07:03:49','2026-02-12 07:03:49',NULL,NULL,NULL,NULL,NULL,'active',0,NULL,NULL,1,NULL,NULL,NULL,NULL,NULL,NULL,NULL,NULL,0,NULL,NULL,NULL,NULL),('userid_fb8b53c807e01','ra2@logitech.com','$2b$12$0123456789abcdef0123456789abcdef0123456789abcdef012345','Ramkumar','',NULL,1,0,NULL,'Signed',NULL,'2026-02-12 07:03:49',NULL,NULL,NULL,NULL,NULL,'2026-02-12 07:03:49','2026-02-12 07:03:49',NULL,NULL,NULL,NULL,NULL,'active',0,NULL,NULL,1,NULL,NULL,NULL,NULL,NULL,NULL,NULL,NULL,0,NULL,NULL,NULL,NULL),('userid_fb8b53e207e01','rgopinath@logitech.com','$2b$12$0123456789abcdef0123456789abcdef0123456789abcdef012345','Rekha','',NULL,1,0,NULL,'Signed',NULL,'2026-02-12 07:03:49',NULL,NULL,NULL,NULL,NULL,'2026-02-12 07:03:49','2026-02-12 07:03:49',NULL,NULL,NULL,NULL,NULL,'active',0,NULL,NULL,1,NULL,NULL,NULL,NULL,NULL,NULL,NULL,NULL,0,NULL,NULL,NULL,NULL),('userid_fb8b53fd07e01','rgray1@logitech.com','$2b$12$0123456789abcdef0123456789abcdef0123456789abcdef012345','Russ','Gray',NULL,1,0,NULL,'Signed',NULL,'2026-02-12 07:03:49',NULL,NULL,NULL,NULL,NULL,'2026-02-12 07:03:49','2026-02-12 07:03:49',NULL,NULL,NULL,NULL,NULL,'active',0,NULL,NULL,1,NULL,NULL,NULL,NULL,NULL,NULL,NULL,NULL,0,NULL,NULL,NULL,NULL),('userid_fb8b541807e01','rheemskerk@logitech.com','$2b$12$0123456789abcdef0123456789abcdef0123456789abcdef012345','Rick','Heemskerk',NULL,1,0,NULL,'Signed',NULL,'2026-02-12 07:03:49',NULL,NULL,NULL,NULL,NULL,'2026-02-12 07:03:49','2026-02-12 07:03:49',NULL,NULL,NULL,NULL,NULL,'active',0,NULL,NULL,1,NULL,NULL,NULL,NULL,NULL,NULL,NULL,NULL,0,NULL,NULL,NULL,NULL),('userid_fb8b543507e01','rsingh6@logitech.com','$2b$12$0123456789abcdef0123456789abcdef0123456789abcdef012345','Rashmi','Singh',NULL,1,0,NULL,'Signed',NULL,'2026-02-12 07:03:49',NULL,NULL,NULL,NULL,NULL,'2026-02-12 07:03:49','2026-02-12 07:03:49',NULL,NULL,NULL,NULL,NULL,'active',0,NULL,NULL,1,NULL,NULL,NULL,NULL,NULL,NULL,NULL,NULL,0,NULL,NULL,NULL,NULL),('userid_fb8b545107e01','rwood@logitech.com','$2b$12$0123456789abcdef0123456789abcdef0123456789abcdef012345','Rachel','Wood',NULL,1,0,NULL,'Signed',NULL,'2026-02-12 07:03:49',NULL,NULL,NULL,NULL,NULL,'2026-02-12 07:03:49','2026-02-12 07:03:49',NULL,NULL,NULL,NULL,NULL,'active',0,NULL,NULL,1,NULL,NULL,NULL,NULL,NULL,NULL,NULL,NULL,0,NULL,NULL,NULL,NULL),('userid_fb8b546d07e01','sbetanzo@logitech.com','$2b$12$0123456789abcdef0123456789abcdef0123456789abcdef012345','Shirley','Betanzo',NULL,1,0,NULL,'Signed',NULL,'2026-02-12 07:03:49',NULL,NULL,NULL,NULL,NULL,'2026-02-12 07:03:49','2026-02-12 07:03:49',NULL,NULL,NULL,NULL,NULL,'active',0,NULL,NULL,1,NULL,NULL,NULL,NULL,NULL,NULL,NULL,NULL,0,NULL,NULL,NULL,NULL),('userid_fb8b548907e01','sstevenson@logitech.com','$2b$12$0123456789abcdef0123456789abcdef0123456789abcdef012345','Samantha','Stevenson',NULL,1,0,NULL,'Signed',NULL,'2026-02-12 07:03:49',NULL,NULL,NULL,NULL,NULL,'2026-02-12 07:03:49','2026-02-12 07:03:49',NULL,NULL,NULL,NULL,NULL,'active',0,NULL,NULL,1,NULL,NULL,NULL,NULL,NULL,NULL,NULL,NULL,0,NULL,NULL,NULL,NULL),('userid_fb8b54a807e01','swaldron1@logitech.com','$2b$12$0123456789abcdef0123456789abcdef0123456789abcdef012345','Simon','Waldron',NULL,1,0,NULL,'Signed',NULL,'2026-02-12 07:03:49',NULL,NULL,NULL,NULL,NULL,'2026-02-12 07:03:49','2026-02-12 07:03:49',NULL,NULL,NULL,NULL,NULL,'active',0,NULL,NULL,1,NULL,NULL,NULL,NULL,NULL,NULL,NULL,NULL,0,NULL,NULL,NULL,NULL),('userid_fb8b54c407e01','tbaraz@logitech.com','$2b$12$0123456789abcdef0123456789abcdef0123456789abcdef012345','Tony','Baraz',NULL,1,0,NULL,'Signed',NULL,'2026-02-12 07:03:49',NULL,NULL,NULL,NULL,NULL,'2026-02-12 07:03:49','2026-02-12 07:03:49',NULL,NULL,NULL,NULL,NULL,'active',0,NULL,NULL,1,NULL,NULL,NULL,NULL,NULL,NULL,NULL,NULL,0,NULL,NULL,NULL,NULL),('userid_fb8b54df07e01','tgoodwin@logitech.com','$2b$12$0123456789abcdef0123456789abcdef0123456789abcdef012345','Tim','Goodwin',NULL,1,0,NULL,'Signed',NULL,'2026-02-12 07:03:49',NULL,NULL,NULL,NULL,NULL,'2026-02-12 07:03:49','2026-02-12 07:03:49',NULL,NULL,NULL,NULL,NULL,'active',0,NULL,NULL,1,NULL,NULL,NULL,NULL,NULL,NULL,NULL,NULL,0,NULL,NULL,NULL,NULL),('userid_fb8b54fb07e01','wchang7@logitech.com','$2b$12$0123456789abcdef0123456789abcdef0123456789abcdef012345','Wesley','Chang',NULL,1,0,NULL,'Signed',NULL,'2026-02-12 07:03:49',NULL,NULL,NULL,NULL,NULL,'2026-02-12 07:03:49','2026-02-12 07:03:49',NULL,NULL,NULL,NULL,NULL,'active',0,NULL,NULL,1,NULL,NULL,NULL,NULL,NULL,NULL,NULL,NULL,0,NULL,NULL,NULL,NULL);
/*!40000 ALTER TABLE `user_pool` ENABLE KEYS */;
UNLOCK TABLES;
/*!50003 SET @saved_cs_client      = @@character_set_client */ ;
/*!50003 SET @saved_cs_results     = @@character_set_results */ ;
/*!50003 SET @saved_col_connection = @@collation_connection */ ;
/*!50003 SET character_set_client  = utf8mb4 */ ;
/*!50003 SET character_set_results = utf8mb4 */ ;
/*!50003 SET collation_connection  = utf8mb4_0900_ai_ci */ ;
/*!50003 SET @saved_sql_mode       = @@sql_mode */ ;
/*!50003 SET sql_mode              = 'STRICT_TRANS_TABLES,NO_ENGINE_SUBSTITUTION' */ ;
DELIMITER ;;
/*!50003 CREATE*/ /*!50017 DEFINER=`admin`@`%`*/ /*!50003 TRIGGER `user_pool_before_insert` BEFORE INSERT ON `user_pool` FOR EACH ROW BEGIN
user_iduser_id
    IF NEW.UserID IS NULL OR NEW.UserID = '' THEN

user_id

        SET @next_id = (

            SELEuser_idULL(MAX(CAST(SUBSTRING(UserID, 8) AS UNSIGNED)), 0) + 1

            FROM user_pool

        );



        SET NEW.UserID = CONCAT('userid_', LPAD(@next_id, 9, '0'));



    END IF;



    
    IF NEW.InternalUser IS NULL OR NEW.InternalUser = 0 THEN

        IF NEW.Email LIKE '%@logitech.com' THEN

            SET NEW.InternalUser = 1;

        END IF;

    END IF;

user_id

END */;;
DELIMITER ;
/*!50003 SET sql_mode              = @saved_sql_mode */ ;
/*!50003 SET character_set_client  = @saved_cs_client */ ;
/*!50003 SET character_set_results = @saved_cs_results */ ;
/*!50003 SET collation_connection  = @saved_col_connection */ ;

--
-- Temporary view structure for view `user_pool_expanded`
--

DROP TABLE IF EXISTS `user_pool_expanded`;
/*!50001 DROP VIEW IF EXISTS `user_pool_expanded`*/;
SET @saved_cs_client     = @@character_set_client;
/*!50503 SET character_set_client = utf8mb4 */;
/*!50001 CREATE VIEW `user_pool_expanded` AS SELECT 
 1 AS `UserID`,
 1 AS `FirstName`,
 1 AS `LastName`,
 1 AS `Email`,
 1 user_idrthYear`,
 1 AS `Age`,
 1 AS `AgeRange`,
 1 AS `IsMinor`,
 1 AS `user_id`,user_id
 1 AS `CreatedAt`,
 1 AS `UpdatedAt`*/;user_iduser_id
SET character_set_client = @saved_cs_client;

--
-- Table structure for table `user_profile_map`
--

DROP TABLE IF EXISTS `user_profile_map`;
/*!40101 SET @saved_cs_client     = @@character_set_client */;
/*!50503 SET character_set_client = utf8mb4 */;
CREATE TABLE `user_profile_map` (
  `MapID` int NOT NULL AUTO_INCREMENT,
  `UserID` varchar(20) NOT NULL,
  `ProfileUID` varchar(20) NOT NULL,
  `CreatedAt` datetime NOT NULL DEFAULT CURRENT_TIMESTAMP,
  PRIMARY KEY (`MapID`),
  KEY `UserID` (`UserID`),
  KEY `ProfileUID` (`ProfileUID`),
  CONSTRAINT `user_profile_map_ibfk_1` FOREIGN KEY (`UserID`) REFERENCES `user_pool` (`UserID`),
  CONSTRAINT `user_profile_map_ibfk_2` FOREIGN KEY (`ProfileUID`) REFERENCES `user_profiles` (`ProfileUID`)
) ENGINE=InnoDB AUTO_INCREMENT=573 DEFAULT CHARSET=utf8mb4 COLLATE=utf8mb4_0900_ai_ci;
/*!40101 SET character_set_client = @saved_cs_client */;

--
-- Dumping data for table `user_profile_map`
--

LOCK TABLES `user_profile_map` WRITE;
/*!40000 ALTER TABLE `user_profile_map` DISABLE KEYS */;
INSERT INTO `user_profile_map` VALUES (418,'userid_4fec82c7eea61','ProfileUID_00001','2026-01-12 02:02:41'),(419,'userid_4fec82c7eea61','ProfileUID_00004','2026-01-12 02:02:41'),(420,'userid_4fec82c7eea61','ProfileUID_00110','2026-01-12 02:02:41'),(421,'userid_4fec82c7eea61','ProfileUID_00111','2026-01-12 02:02:41'),(422,'userid_4fec82c7eea61','ProfileUID_00060','2026-01-12 02:02:41'),(423,'userid_4fec82c7eea61','ProfileUID_00061','2026-01-12 02:02:41'),(424,'userid_4fec82c7eea61','ProfileUID_00062','2026-01-12 02:02:41'),(425,'userid_4fec82c7eea61','ProfileUID_00014','2026-01-12 02:02:41'),(426,'userid_4fec82c7eea61','ProfileUID_00113','2026-01-12 02:02:41'),(427,'userid_4fec82c7eea61','ProfileUID_00020','2026-01-12 02:02:41'),(428,'userid_4fec82c7eea61','ProfileUID_00115','2026-01-12 02:02:41'),(429,'userid_4fec82c7eea61','ProfileUID_00078','2026-01-12 02:02:41'),(430,'userid_4fec82c7eea61','ProfileUID_00025','2026-01-12 02:02:41'),(431,'userid_4fec82c7eea61','ProfileUID_00026','2026-01-12 02:02:41'),(432,'userid_4fec82c7eea61','ProfileUID_00027','2026-01-12 02:02:41'),(433,'userid_4fec82c7eea61','ProfileUID_00028','2026-01-12 02:02:41'),(434,'userid_4fec82c7eea61','ProfileUID_00031','2026-01-12 02:02:41'),(435,'userid_4fec82c7eea61','ProfileUID_00032','2026-01-12 02:02:41'),(436,'userid_4fec82c7eea61','ProfileUID_00034','2026-01-12 02:02:41'),(437,'userid_4fec82c7eea61','ProfileUID_00036','2026-01-12 02:02:41'),(438,'userid_4fec82c7eea61','ProfileUID_00037','2026-01-12 02:02:41'),(439,'userid_4fec82c7eea61','ProfileUID_00038','2026-01-12 02:02:41'),(440,'userid_4fec82c7eea61','ProfileUID_00040','2026-01-12 02:02:41'),(441,'userid_4fec82c7eea61','ProfileUID_00041','2026-01-12 02:02:41'),(442,'userid_4fec82c7eea61','ProfileUID_00042','2026-01-12 02:02:41'),(443,'userid_4fec82c7eea61','ProfileUID_00045','2026-01-12 02:02:41'),(444,'userid_4fec82c7eea61','ProfileUID_00047','2026-01-12 02:02:41'),(445,'userid_4fec82c7eea61','ProfileUID_00048','2026-01-12 02:02:41'),(446,'userid_4fec82c7eea61','ProfileUID_00050','2026-01-12 02:02:41'),(447,'userid_4fec82c7eea61','ProfileUID_00052','2026-01-12 02:02:41'),(448,'userid_4fec82c7eea61','ProfileUID_00054','2026-01-12 02:02:41'),(449,'userid_4fec82c7eea61','ProfileUID_00056','2026-01-12 02:02:41'),(450,'userid_4fec82c7eea61','ProfileUID_00057','2026-01-12 02:02:41'),(451,'userid_4fec82c7eea61','ProfileUID_00125','2026-01-12 02:02:41'),(452,'userid_4fec82c7eea61','ProfileUID_00065','2026-01-12 02:02:41'),(453,'userid_4fec82c7eea61','ProfileUID_00076','2026-01-12 02:04:09'),(454,'userid_4fec82c7eea61','ProfileUID_00082','2026-01-12 02:04:09'),(455,'userid_4fec82c7eea61','ProfileUID_00086','2026-01-12 02:04:09'),(456,'userid_4fec82c7eea61','ProfileUID_00089','2026-01-12 02:04:09'),(457,'userid_4fec82c7eea61','ProfileUID_00090','2026-01-12 02:04:09'),(458,'userid_4fec82c7eea61','ProfileUID_00093','2026-01-12 02:04:09'),(459,'userid_4fec82c7eea61','ProfileUID_00097','2026-01-12 02:04:09'),(460,'userid_4fec82c7eea61','ProfileUID_00101','2026-01-12 02:04:09'),(461,'userid_4fec82c7eea61','ProfileUID_00102','2026-01-12 02:04:09'),(462,'userid_4fec82c7eea61','ProfileUID_00105','2026-01-12 02:04:09'),(463,'userid_1056b715f03d1','ProfileUID_00001','2026-01-13 08:32:33'),(464,'userid_1056b715f03d1','ProfileUID_00004','2026-01-13 08:32:33'),(465,'userid_1056b715f03d1','ProfileUID_00110','2026-01-13 08:32:33'),(466,'userid_1056b715f03d1','ProfileUID_00111','2026-01-13 08:32:33'),(467,'userid_1056b715f03d1','ProfileUID_00060','2026-01-13 08:32:33'),(468,'userid_1056b715f03d1','ProfileUID_00061','2026-01-13 08:32:33'),(469,'userid_1056b715f03d1','ProfileUID_00062','2026-01-13 08:32:33'),(470,'userid_1056b715f03d1','ProfileUID_00014','2026-01-13 08:32:33'),(471,'userid_1056b715f03d1','ProfileUID_00113','2026-01-13 08:32:33'),(472,'userid_1056b715f03d1','ProfileUID_00019','2026-01-13 08:32:33'),(473,'userid_1056b715f03d1','ProfileUID_00115','2026-01-13 08:32:33'),(474,'userid_1056b715f03d1','ProfileUID_00079','2026-01-13 08:32:33'),(475,'userid_1056b715f03d1','ProfileUID_00025','2026-01-13 08:32:33'),(476,'userid_1056b715f03d1','ProfileUID_00027','2026-01-13 08:32:33'),(477,'userid_1056b715f03d1','ProfileUID_00032','2026-01-13 08:32:33'),(478,'userid_1056b715f03d1','ProfileUID_00034','2026-01-13 08:32:33'),(479,'userid_1056b715f03d1','ProfileUID_00035','2026-01-13 08:32:33'),(480,'userid_1056b715f03d1','ProfileUID_00036','2026-01-13 08:32:33'),(481,'userid_1056b715f03d1','ProfileUID_00037','2026-01-13 08:32:33'),(482,'userid_1056b715f03d1','ProfileUID_00038','2026-01-13 08:32:33'),(483,'userid_1056b715f03d1','ProfileUID_00040','2026-01-13 08:32:33'),(484,'userid_1056b715f03d1','ProfileUID_00041','2026-01-13 08:32:33'),(485,'userid_1056b715f03d1','ProfileUID_00042','2026-01-13 08:32:33'),(486,'userid_1056b715f03d1','ProfileUID_00045','2026-01-13 08:32:33'),(487,'userid_1056b715f03d1','ProfileUID_00047','2026-01-13 08:32:33'),(488,'userid_1056b715f03d1','ProfileUID_00048','2026-01-13 08:32:33'),(489,'userid_1056b715f03d1','ProfileUID_00049','2026-01-13 08:32:33'),(490,'userid_1056b715f03d1','ProfileUID_00050','2026-01-13 08:32:33'),(491,'userid_1056b715f03d1','ProfileUID_00052','2026-01-13 08:32:33'),(492,'userid_1056b715f03d1','ProfileUID_00054','2026-01-13 08:32:33'),(493,'userid_1056b715f03d1','ProfileUID_00056','2026-01-13 08:32:33'),(494,'userid_1056b715f03d1','ProfileUID_00057','2026-01-13 08:32:33'),(495,'userid_1056b715f03d1','ProfileUID_00125','2026-01-13 08:32:33'),(496,'userid_1056b715f03d1','ProfileUID_00065','2026-01-13 08:32:33'),(497,'userid_1056b715f03d1','ProfileUID_00075','2026-01-13 08:33:57'),(498,'userid_1056b715f03d1','ProfileUID_00082','2026-01-13 08:33:57'),(499,'userid_1056b715f03d1','ProfileUID_00086','2026-01-13 08:33:57'),(500,'userid_1056b715f03d1','ProfileUID_00089','2026-01-13 08:33:57'),(501,'userid_1056b715f03d1','ProfileUID_00090','2026-01-13 08:33:57'),(502,'userid_1056b715f03d1','ProfileUID_00093','2026-01-13 08:33:57'),(503,'userid_1056b715f03d1','ProfileUID_00097','2026-01-13 08:33:57'),(504,'userid_1056b715f03d1','ProfileUID_00101','2026-01-13 08:33:57'),(505,'userid_1056b715f03d1','ProfileUID_00102','2026-01-13 08:33:57'),(506,'userid_1056b715f03d1','ProfileUID_00105','2026-01-13 08:33:57'),(507,'userid_8c2a449ff5031','ProfileUID_00108','2026-01-19 07:43:10'),(508,'userid_8c2a449ff5031','ProfileUID_00109','2026-01-19 07:43:10'),(509,'userid_8c2a449ff5031','ProfileUID_00110','2026-01-19 07:43:10'),(510,'userid_8c2a449ff5031','ProfileUID_00111','2026-01-19 07:43:10'),(511,'userid_8c2a449ff5031','ProfileUID_00126','2026-01-19 07:43:10'),(512,'userid_8c2a449ff5031','ProfileUID_00015','2026-01-19 07:43:10'),(513,'userid_8c2a449ff5031','ProfileUID_00017','2026-01-19 07:43:10'),(514,'userid_8c2a449ff5031','ProfileUID_00020','2026-01-19 07:43:10'),(515,'userid_8c2a449ff5031','ProfileUID_00024','2026-01-19 07:43:10'),(516,'userid_8c2a449ff5031','ProfileUID_00078','2026-01-19 07:43:10'),(517,'userid_8c2a449ff5031','ProfileUID_00025','2026-01-19 07:43:10'),(518,'userid_8c2a449ff5031','ProfileUID_00027','2026-01-19 07:43:10'),(519,'userid_8c2a449ff5031','ProfileUID_00032','2026-01-19 07:43:10'),(520,'userid_8c2a449ff5031','ProfileUID_00033','2026-01-19 07:43:10'),(521,'userid_8c2a449ff5031','ProfileUID_00036','2026-01-19 07:43:10'),(522,'userid_8c2a449ff5031','ProfileUID_00039','2026-01-19 07:43:10'),(523,'userid_8c2a449ff5031','ProfileUID_00040','2026-01-19 07:43:10'),(524,'userid_8c2a449ff5031','ProfileUID_00041','2026-01-19 07:43:10'),(525,'userid_8c2a449ff5031','ProfileUID_00043','2026-01-19 07:43:10'),(526,'userid_8c2a449ff5031','ProfileUID_00044','2026-01-19 07:43:10'),(527,'userid_8c2a449ff5031','ProfileUID_00045','2026-01-19 07:43:10'),(528,'userid_8c2a449ff5031','ProfileUID_00046','2026-01-19 07:43:10'),(529,'userid_8c2a449ff5031','ProfileUID_00050','2026-01-19 07:43:10'),(530,'userid_8c2a449ff5031','ProfileUID_00052','2026-01-19 07:43:10'),(531,'userid_8c2a449ff5031','ProfileUID_00054','2026-01-19 07:43:10'),(532,'userid_8c2a449ff5031','ProfileUID_00055','2026-01-19 07:43:10'),(533,'userid_8c2a449ff5031','ProfileUID_00056','2026-01-19 07:43:10'),(534,'userid_8c2a449ff5031','ProfileUID_00057','2026-01-19 07:43:10'),(535,'userid_8c2a449ff5031','ProfileUID_00059','2026-01-19 07:43:10'),(536,'userid_8c2a449ff5031','ProfileUID_00064','2026-01-19 07:43:10'),(537,'userid_8c2a449ff5031','ProfileUID_00074','2026-01-19 07:45:29'),(538,'userid_8c2a449ff5031','ProfileUID_00082','2026-01-19 07:45:29'),(539,'userid_8c2a449ff5031','ProfileUID_00085','2026-01-19 07:45:29'),(540,'userid_8c2a449ff5031','ProfileUID_00087','2026-01-19 07:45:29'),(541,'userid_8c2a449ff5031','ProfileUID_00091','2026-01-19 07:45:29'),(542,'userid_8c2a449ff5031','ProfileUID_00093','2026-01-19 07:45:29'),(543,'userid_8c2a449ff5031','ProfileUID_00097','2026-01-19 07:45:29'),(544,'userid_8c2a449ff5031','ProfileUID_00101','2026-01-19 07:45:29'),(545,'userid_8c2a449ff5031','ProfileUID_00102','2026-01-19 07:45:29'),(546,'userid_8c2a449ff5031','ProfileUID_00105','2026-01-19 07:45:29'),(547,'userid_e12c2650f5b71','ProfileUID_00003','2026-01-20 04:42:18'),(548,'userid_e12c2650f5b71','ProfileUID_00005','2026-01-20 04:42:18'),(549,'userid_e12c2650f5b71','ProfileUID_00009','2026-01-20 04:42:18'),(550,'userid_e12c2650f5b71','ProfileUID_00012','2026-01-20 04:42:18'),(551,'userid_e12c2650f5b71','ProfileUID_00061','2026-01-20 04:42:18'),(552,'userid_e12c2650f5b71','ProfileUID_00015','2026-01-20 04:42:18'),(553,'userid_e12c2650f5b71','ProfileUID_00018','2026-01-20 04:42:18'),(554,'userid_e12c2650f5b71','ProfileUID_00021','2026-01-20 04:42:18'),(555,'userid_e12c2650f5b71','ProfileUID_00024','2026-01-20 04:42:18'),(556,'userid_e12c2650f5b71','ProfileUID_00025','2026-01-20 04:42:18'),(557,'userid_e12c2650f5b71','ProfileUID_00027','2026-01-20 04:42:18'),(558,'userid_e12c2650f5b71','ProfileUID_00032','2026-01-20 04:42:18'),(559,'userid_e12c2650f5b71','ProfileUID_00033','2026-01-20 04:42:18'),(560,'userid_e12c2650f5b71','ProfileUID_00036','2026-01-20 04:42:18'),(561,'userid_e12c2650f5b71','ProfileUID_00037','2026-01-20 04:42:18'),(562,'userid_e12c2650f5b71','ProfileUID_00041','2026-01-20 04:42:18'),(563,'userid_e12c2650f5b71','ProfileUID_00063','2026-01-20 04:42:18'),(564,'userid_e12c2650f5b71','ProfileUID_00076','2026-01-20 04:43:27'),(565,'userid_e12c2650f5b71','ProfileUID_00082','2026-01-20 04:43:27'),(566,'userid_e12c2650f5b71','ProfileUID_00085','2026-01-20 04:43:27'),(567,'userid_e12c2650f5b71','ProfileUID_00088','2026-01-20 04:43:27'),(568,'userid_e12c2650f5b71','ProfileUID_00092','2026-01-20 04:43:27'),(569,'userid_e12c2650f5b71','ProfileUID_00094','2026-01-20 04:43:27'),(570,'userid_e12c2650f5b71','ProfileUID_00097','2026-01-20 04:43:27'),(571,'userid_e12c2650f5b71','ProfileUID_00101','2026-01-20 04:43:27'),(572,'userid_e12c2650f5b71','ProfileUID_00104','2026-01-20 04:43:27');
/*!40000 ALTER TABLE `user_profile_map` ENABLE KEYS */;
UNLOCK TABLES;

--
-- Table structure for table `user_profiles`
--

DROP TABLE IF EXISTS `user_profiles`;
/*!40101 SET @saved_cs_client     = @@character_set_client */;
/*!50503 SET character_set_client = utf8mb4 */;
CREATE TABLE `user_profiles` (
  `ProfileUID` varchar(20) CHARACTER SET utf8mb4 COLLATE utf8mb4_0900_ai_ci NOT NULL,
  `CategoryID` int NOT NULL,
  `CategoryName` varchar(100) CHARACTER SET utf8mb4 COLLATE utf8mb4_0900_ai_ci NOT NULL,
  `LevelCode` varchar(5) CHARACTER SET utf8mb4 COLLATE utf8mb4_0900_ai_ci NOT NULL,
  `LevelDescription` varchar(150) CHARACTER SET utf8mb4 COLLATE utf8mb4_0900_ai_ci NOT NULL,
  `ProfileCode` varchar(10) CHARACTER SET utf8mb4 COLLATE utf8mb4_0900_ai_ci NOT NULL,
  `ProfileDescription` varchar(255) CHARACTER SET utf8mb4 COLLATE utf8mb4_0900_ai_ci DEFAULT NULL,
  PRIMARY KEY (`ProfileUID`)
) ENGINE=InnoDB DEFAULT CHARSET=utf8mb4 COLLATE=utf8mb4_0900_ai_ci;
/*!40101 SET character_set_client = @saved_cs_client */;

--
-- user_idg data for table `user_profiles`
--

LOCK TABLES `user_profiles` WRITE;
/*!40000 ALTER TABLE `user_profiles` DISABLE KEYS */;
INSERT INTO `user_profiles` VALUES ('ProfileUID_00001',1,'PC Gamer','a','Casual','01a',''),('ProfileUID_00002',1,'PC Gamer','b','Serious','01b',''),('ProfileUID_00003',1,'PC Gamer','c','Pro','01c',''),('ProfileUID_00004',2,'Console Gamer','a','Casual','02a',''),('ProfileUID_00005',2,'Console Gamer','b','Serious','02b',''),('ProfileUID_00006',2,'Console Gamer','c','Pro','02c',''),('ProfileUID_00007',3,'Streamer','a','Casual','03a',''),('ProfileUID_00008',3,'Streamer','b','Serious','03b',''),('ProfileUID_00009',3,'Streamer','c','Pro','03c',''),('ProfileUID_00010',4,'Content Creator','a','Casual','04a',''),('ProfileUID_00011',4,'Content Creator','b','Serious','04b',''),('ProfileUID_00012',4,'Content Creator','c','Pro','04c',''),('ProfileUID_00013',5,'Work from home','a','Occasionally','05a',''),('ProfileUID_00014',5,'Work from home','b','Frequently','05b',''),('ProfileUID_00015',5,'Work from home','c','Always','05c',''),('ProfileUID_00016',6,'Work at Office (Fixed Desk)','a','Occasionally','06a',''),('ProfileUID_00017',6,'Work at Office (Fixed Desk)','b','Frequently','06b',''),('ProfileUID_00018',6,'Work at Office (Fixed Desk)','c','Always','06c',''),('ProfileUID_00019',7,'Work at Office (Flex Desk)','a','Occasionally','07a',''),('ProfileUID_00020',7,'Work at Office (Flex Desk)','b','Frequently','07b',''),('ProfileUID_00021',7,'Work at Office (Flex Desk)','c','Always','07c',''),('ProfileUID_00022',8,'Work in Public Spaces','a','Occasionally','08a',''),('ProfileUID_00023',8,'Work in Public Spaces','b','Frequently','08b',''),('ProfileUID_00024',8,'Work in Public Spaces','c','Always','08c',''),('ProfileUID_00025',9,'Computer Type','a','Laptop','09a',''),('ProfileUID_00026',9,'Computer Type','b','Desktop','09b',''),('ProfileUID_00027',10,'Computer OS','a','Windows','10a',''),('ProfileUID_00028',10,'Computer OS','b','Mac','10b',''),('ProfileUID_00029',10,'Computer OS','c','Chrome','10c',''),('ProfileUID_00030',10,'Computer OS','d','Other','10d',''),('ProfileUID_00031',11,'Phone OS','a','iPhone','11a',''),('ProfileUID_00032',11,'Phone OS','b','Android','11b',''),('ProfileUID_00033',12,'Monitor','a','Single External','12a',''),('ProfileUID_00034',12,'Monitor','b','Multiple External','12b',''),('ProfileUID_00035',13,'Keyboard','a','Wired','13a',''),('ProfileUID_00036',13,'Keyboard','b','Wireless','13b',''),('ProfileUID_00037',13,'Keyboard','c','Mechanical','13c',''),('ProfileUID_00038',13,'Keyboard','d','Non-Mechanical','13d',''),('ProfileUID_00039',13,'Keyboard','e','Entry Level','13e',''),('ProfileUID_00040',13,'Keyboard','f','Mid Tier','13f',''),('ProfileUID_00041',13,'Keyboard','g','High End','13g',''),('ProfileUID_00042',14,'Speakers','a','Wired External','14a',''),('ProfileUID_00043',14,'Speakers','b','Wireless External','14b',''),('ProfileUID_00044',15,'Headset','a','Wired','15a',''),('ProfileUID_00045',15,'Headset','b','Wireless','15b',''),('ProfileUID_00046',16,'Earbuds','a','Wired','16a',''),('ProfileUID_00047',16,'Earbuds','b','Wireless','16b',''),('ProfileUID_00048',17,'Microphone','a','External','17a',''),('ProfileUID_00049',17,'Microphone','b','Embedded in Headset / Earbuds','17b',''),('ProfileUID_00050',18,'Webcam','a','External','18a',''),('ProfileUID_00051',18,'Webcam','b','Embedded','18b',''),('ProfileUID_00052',19,'Docking Station','a','External','19a',''),('ProfileUID_00053',20,'Mouse','a','Wired','20a',''),('ProfileUID_00054',20,'Mouse','b','Wireless','20b',''),('ProfileUID_00055',20,'Mouse','c','Entry Level','20c',''),('ProfileUID_00056',20,'Mouse','d','Mid Tier','20d',''),('ProfileUID_00057',20,'Mouse','e','High End','20e',''),('ProfileUID_00058',21,'Touchpad','a','External','21a',''),('ProfileUID_00059',21,'Touchpad','b','Embedded','21b',''),('ProfileUID_00060',22,'Console','a','PS5','22a',''),('ProfileUID_00061',22,'Console','b','Xbox Series X/S','22b',''),('ProfileUID_00062',22,'Console','c','Nintendo Switch','22c',''),('ProfileUID_00063',23,'Trial Willingness','a','Perfect Match','23a',''),('ProfileUID_00064',23,'Trial Willingness','b','Somewhat match','23b',''),('ProfileUID_00065',23,'Trial Willingness','c','All user trials','23c',''),('ProfileUID_00066',23,'Trial Willingness','d','No user trials','23d',''),('ProfileUID_00069',25,'Job','a','IT / Technical','25a',''),('ProfileUID_00070',25,'Job','b','Creative / Design','25b',''),('ProfileUID_00071',25,'Job','c','Engineer / Product development','25c',''),('ProfileUID_00072',25,'Job','d','Office Administration','25d',''),('ProfileUID_00073',25,'Job','e','Marketing / Sales','25e',''),('ProfileUID_00074',25,'Job','f','Operations / Logistics','25f',''),('ProfileUID_00075',25,'Job','g','Quality Assurance','25g',''),('ProfileUID_00076',25,'Job','h','Other job function','25h',''),('ProfileUID_00077',26,'Remote Meetings','a','Constant','26a',''),('ProfileUID_00078',26,'Remote Meetings','b','Frequently','26b',''),('ProfileUID_00079',26,'Remote Meetings','c','Sometimes','26c',''),('ProfileUID_00080',26,'Remote Meetings','d','Rarely','26d',''),('ProfileUID_00081',27,'Head Width','a','Small','27a','Small head width (self-estimated)'),('ProfileUID_00082',27,'Head Width','b','Medium','27b','Medium head width (self-estimated)'),('ProfileUID_00083',27,'Head Width','c','Large','27c','Large head width (self-estimated)'),('ProfileUID_00084',28,'Head Length','a','Short','28a','Short head length (self-estimated)'),('ProfileUID_00085',28,'Head Length','b','Average','28b','Average head length (self-estimated)'),('ProfileUID_00086',28,'Head Length','c','Long','28c','Long head length (self-estimated)'),('ProfileUID_00087',29,'Hand Size','a','Small','29a','Small hand size (self-estimated)'),('ProfileUID_00088',29,'Hand Size','b','Medium','29b','Medium hand size (self-estimated)'),('ProfileUID_00089',29,'Hand Size','c','Large','29c','Large hand size (self-estimated)'),('ProfileUID_00090',30,'Hair Volume','a','Low','30a','Low hair volume (self-estimated)'),('ProfileUID_00091',30,'Hair Volume','b','Medium','30b','Medium hair volume (self-estimated)'),('ProfileUID_00092',30,'Hair Volume','c','High','30c','High hair volume (self-estimated)'),('ProfileUID_00093',31,'Hair Type','a','Straight','31a','Straight hair type'),('ProfileUID_00094',31,'Hair Type','b','Wavy','31b','Wavy hair type'),('ProfileUID_00095',31,'Hair Type','c','Curly/Coily','31c','Curly or coily hair type'),('ProfileUID_00096',32,'Glasses Frequency','a','Never','32a','Does not wear glasses'),('ProfileUID_00097',32,'Glasses Frequency','b','Sometimes','32b','Wears glasses occasionally'),('ProfileUID_00098',32,'Glasses Frequency','c','Always','32c','Wears glasses daily or full-time'),('ProfileUID_00099',33,'Ear Piercing Frequency','a','None','33a','No ear piercings'),('ProfileUID_00100',33,'Ear Piercing Frequency','b','One Ear','33b','Pierced in one ear'),('ProfileUID_00101',33,'Ear Piercing Frequency','c','Both Ears','33c','Pierced in both ears'),('ProfileUID_00102',34,'Ear Piercing Locations','a','Lobe Only','34a','Standard lobe piercings only'),('ProfileUID_00103',34,'Ear Piercing Locations','b','Lobe + Cartilage','34b','Lobe plus helix/cartilage piercings'),('ProfileUID_00104',34,'Ear Piercing Locations','c','Multiple/Complex','34c','Multiple or mixed locations (tragus, industrial, curated)'),('ProfileUID_00105',35,'Hand Dominance','a','Right-handed','35a','Primarily uses right hand'),('ProfileUID_00106',35,'Hand Dominance','b','Left-handed','35b','Primarily uses left hand'),('ProfileUID_00107',35,'Hand Dominance','c','Ambidextrous','35c','Uses both hands equally'),('ProfileUID_00108',1,'PC Gamer','x','Not a PC Gamer','01x','Does not identify as a PC gamer'),('ProfileUID_00109',2,'Console Gamer','x','Not a Console Gamer','02x','Does not identify as a console gamer'),('ProfileUID_00110',3,'Streamer','x','Not a Streamer','03x','Does not stream content'),('ProfileUID_00111',4,'Content Creator','x','Not a Content Creator','04x','Does not create content'),('ProfileUID_00112',5,'Work from home','x','Does not work from home','05x','Does not work from home'),('ProfileUID_00113',6,'Work at Office (Fixed Desk)','x','Does not work at a fixed desk','06x','Does not work at a fixed desk office'),('ProfileUID_00114',7,'Work at Office (Flex Desk)','x','Does not work at a flex desk','07x','Does not work at a flex desk office'),('ProfileUID_00115',8,'Work in Public Spaces','x','Does not work in public spaces','08x','Does not work in public spaces'),('ProfileUID_00116',12,'Monitor','x','No external monitor','12x','Does not use an external monitor'),('ProfileUID_00117',13,'Keyboard','x','Does not use an external keyboard (Laptop only)','13x','Does not use a keyboard'),('ProfileUID_00118',14,'Speakers','x','Does not use external speakers (Laptop only)','14x','Does not use external speakers'),('ProfileUID_00119',15,'Headset','x','Does not use a headset','15x','Does not use a headset'),('ProfileUID_00120',16,'Earbuds','x','Does not use earbuds','16x','Does not use earbuds'),('ProfileUID_00121',17,'Microphone','x','Does not use an external microphone (Laptop only)','17x','Does not use a microphone'),('ProfileUID_00122',18,'Webcam','x','Does not use a webcam','18x','Does not use a webcam'),('ProfileUID_00123',19,'Docking Station','x','Does not use a docking station','19x','Does not use a docking station'),('ProfileUID_00124',20,'Mouse','x','Does not use a mouse','20x','Does not use a mouse'),('ProfileUID_00125',21,'Touchpad','x','Does not use a touchpad','21x','Does not use a touchpad'),('ProfileUID_00126',22,'Console','x','No console owned','22x','Does not own a gaming console'),('ProfileUID_00128',30,'Hair Volume','d','Bald / No hair','30d','Bald, shaved, or no hair'),('ProfileUID_00129',31,'Hair Type','d','Bald / No hair','31d','Bald or no hair'),('ProfileUID_00130',34,'Ear Piercing Locations','x','None','34x','No ear piercings'),('ProfileUID_00131',36,'Work from home (days/week)','a','0 days','36a','Does not work from home'),('ProfileUID_00132',36,'Work from home (days/week)','b','1 day','36b','Works from home 1 day per week'),('ProfileUID_00133',36,'Work from home (days/week)','c','2 days','36c','Works from home 2 days per week'),('ProfileUID_00134',36,'Work from home (days/week)','d','3 days','36d','Works from home 3 days per week'),('ProfileUID_00135',36,'Work from home (days/week)','e','4 days','36e','Works from home 4 days per week'),('ProfileUID_00136',36,'Work from home (days/week)','f','5 days','36f','Works from home 5 days per week'),('ProfileUID_00137',36,'Work from home (days/week)','g','6 days','36g','Works from home 6 days per week'),('ProfileUID_00138',36,'Work from home (days/week)','h','7 days','36h','Works from home every day'),('ProfileUID_00139',37,'Fixed desk office (days/week)','a','0 days','37a','Does not work at a fixed desk'),('ProfileUID_00140',37,'Fixed desk office (days/week)','b','1 day','37b','Works at a fixed desk 1 day per week'),('ProfileUID_00141',37,'Fixed desk office (days/week)','c','2 days','37c','Works at a fixed desk 2 days per week'),('ProfileUID_00142',37,'Fixed desk office (days/week)','d','3 days','37d','Works at a fixed desk 3 days per week'),('ProfileUID_00143',37,'Fixed desk office (days/week)','e','4 days','37e','Works at a fixed desk 4 days per week'),('ProfileUID_00144',37,'Fixed desk office (days/week)','f','5 days','37f','Works at a fixed desk 5 days per week'),('ProfileUID_00145',37,'Fixed desk office (days/week)','g','6 days','37g','Works at a fixed desk 6 days per week'),('ProfileUID_00146',37,'Fixed desk office (days/week)','h','7 days','37h','Works at a fixed desk every day'),('ProfileUID_00147',38,'Flex desk office (days/week)','a','0 days','38a','Does not work at a flex desk'),('ProfileUID_00148',38,'Flex desk office (days/week)','b','1 day','38b','Works at a flex desk 1 day per week'),('ProfileUID_00149',38,'Flex desk office (days/week)','c','2 days','38c','Works at a flex desk 2 days per week'),('ProfileUID_00150',38,'Flex desk office (days/week)','d','3 days','38d','Works at a flex desk 3 days per week'),('ProfileUID_00151',38,'Flex desk office (days/week)','e','4 days','38e','Works at a flex desk 4 days per week'),('ProfileUID_00152',38,'Flex desk office (days/week)','f','5 days','38f','Works at a flex desk 5 days per week'),('ProfileUID_00153',38,'Flex desk office (days/week)','g','6 days','38g','Works at a flex desk 6 days per week'),('ProfileUID_00154',38,'Flex desk office (days/week)','h','7 days','38h','Works at a flex desk every day'),('ProfileUID_00155',39,'Public spaces (days/week)','a','0 days','39a','Does not work in public spaces'),('ProfileUID_00156',39,'Public spaces (days/week)','b','1 day','39b','Works in public spaces 1 day per week'),('ProfileUID_00157',39,'Public spaces (days/week)','c','2 days','39c','Works in public spaces 2 days per week'),('ProfileUID_00158',39,'Public spaces (days/week)','d','3 days','39d','Works in public spaces 3 days per week'),('ProfileUID_00159',39,'Public spaces (days/week)','e','4 days','39e','Works in public spaces 4 days per week'),('ProfileUID_00160',39,'Public spaces (days/week)','f','5 days','39f','Works in public spaces 5 days per week'),('ProfileUID_00161',39,'Public spaces (days/week)','g','6 days','39g','Works in public spaces 6 days per week'),('ProfileUID_00162',39,'Public spaces (days/week)','h','7 days','39h','Works in public spaces every day');
/*!40000 ALTER TABLE `user_profiles` ENABLE KEYS */;
UNLOCK TABLES;

--user_iduser_id
-- Table structure for table `user_reliability_events`
--user_iduser_id

DROP TABLE IF EXISTS `user_reliability_events`;
/*!40101 SET @saved_cs_client     = @@character_set_client */;
/*!50503 SET character_set_client = utf8mb4 */;
CREATE TABLE `user_reliability_events` (
  `EventID` int NOT NULL AUTO_INCREMENT,
  `UserID` varchar(20) NOT NULL,
  `RoundID` int DEFAULT NULL,
  `EventType` enum('OfficialSurveyCompleted','OfficialSurveyMissed','OfficialSurveyLate','BonusSurveyCompleted','BonusSurveyMissed','PenaltyApplied','Redemption','ManualOverride','SystemAdjustment') NOT NULL,
  `Value` decimal(6,2) DEFAULT NULL,
  `WeightApplied` decimal(5,2) DEFAULT NULL,
  `Reason` text,
  `Source` enum('System','AI','Human') NOT NULL,
  `CreatedAt` datetime NOT NULL DEFAULT CURRENT_TIMESTAMP,
  PRIMARY KEY (`EventID`),
  KEY `UserID` (`UserID`),
  KEY `RoundID` (`RoundID`),
  CONSTRAINT `user_reliability_events_ibfk_1` FOREIGN KEY (`UserID`) REFERENCES `user_pool` (`UserID`),
  CONSTRAINT `user_reliability_events_ibfk_2` FOREIGN KEY (`RoundID`) REFERENCES `project_rounds` (`RoundID`)
) ENGINE=InnoDB DEFAULT CHARSET=utf8mb4 COLLATE=utf8mb4_0900_ai_ci;
/*!40101 SET character_set_client = @saved_cs_client */;
user_id
--
-- Dumping data for table `user_reliability_events`
--

LOCK TABLES `user_reliability_events` WRITE;
/*!40000 ALTER TABLE `user_reliability_events` DISABLE KEYS */;
/*!40000 ALTER Tuser_iduser_reliability_events` ENABLE KEYS */;
UNLOCK TABLES;user_iduser_id

--
-- Table structure for table `user_reliability_score`
--

DROP TABLE IF EXISTS `user_reliability_score`;
/*!40101 SET @saved_cs_client     = @@character_set_client */;
/*!50503 SET character_set_client = utf8mb4 */;
CREATE TABLE `user_reliability_score` (
  `UserID` varchar(20) NOT NULL,
  `SurveyCompletionRate` decimal(5,2) DEFAULT NULL,
  `QualityScore` decimal(5,2) DEFAULT NULL,
  `ThoughtfulnessScore` decimal(5,2) DEFAULT NULL,
  `DropoutPenalty` decimal(5,2) DEFAULT NULL,
  `OverallScore` decimal(5,2) DEFAULT NULL,
  `UpdatedAt` datetime NOT NULL DEFAULT CURRENT_TIMESTAMP ON UPDATE CURRENT_TIMESTAMP,
  PRIMARY KEY (`UserID`),
  CONSTRAINT `user_reliability_score_ibfk_1` FOREIGN KEY (`UserID`) REFERENCES `user_pool` (`UserID`)
) ENGINE=InnoDB DEFAULT CHARSET=utf8mb4 COLLATE=utf8mb4_0900_ai_ci;
/*!40101 SET character_set_client = @saved_cs_client */;

--
-- Dumping data for table `user_reliability_score`
--

LOCK TABLES `user_reliability_score` WRITE;
/*!40000 ALTER TABLE `user_reliability_score` DISABLE KEYS */;
/*!40000 ALTER TABLE `user_reliability_score` ENABLE KEYS */;
UNLOCK TABLES;

--
-- Table structure for table `user_role`
--

DROP TABLE IF EXISTS `user_role`;
/*!40101 SET @saved_cs_client     = @@character_set_client */;
/*!50503 SET character_set_client = utf8mb4 */;
CREATE TABLE `user_role` (
  `RoleID` varchar(20) NOT NULL,
  `RoleName` varchar(100) NOT NULL,
  `PermissionLevel` int NOT NULL,
  `Description` text,
  `CreatedAt` datetime NOT NULL DEFAULT CURRENT_TIMESTAMP,
  `UpdatedAt` datetime NOT NULL DEFAULT CURRENT_TIMESTAMP ON UPDATE CURRENT_TIMESTAMP,
  PRIMARY KEY (`RoleID`)
) ENGINE=InnoDB DEFAULT CHARSET=utf8mb4 COLLATE=utf8mb4_0900_ai_ci;
/*!40101 SET character_set_client = @saved_cs_client */;

--user_id
-- Dumping data for table `user_role`
--

LOCK TABLES `user_role` WRITE;
/*!40000 ALTER Tuser_iduser_role` DISABLE KEYS */;
INSERT INTO `user_role` VALUES (user_id','God / Site Admin',100,'Full system access. Approves bonus surveys and manages all users, projects, data, and settings.','2025-12-08 01:21:09','2025-12-08 01:21:09'),('BonusCreator','Bonus Survey Creator',40,'Can create bonus surveys and tasks. Requires Admin approval to publish.','2025-12-08 01:20:53','2025-12-08 01:20:53'),('Guest','Guest User',0,'Can access public UI pages only; cannot join trials or view restricted content. No NDA.','2025-12-08 01:19:54','2025-12-08 01:19:54'),('ITAdmin','IT / Database Admin',80,'Backend infrastructure admin with technical authority. Cannot run trials.','2025-12-08 01:21:05','2025-12-08 01:21:05'),('Legal','Legal Team',30,'Views participant records, NDA status, and compliance-related information.','2025-12-08 01:20:11','2025-12-17 06:32:54'),('Management','Management / Steering',60,'Views raw data, dashboards, and summaries; oversight role without edit permissions.','2025-12-08 01:20:57','2025-12-17 06:33:23'),('Participant','Participant',20,'Signed NDA. Can join trials, complete surveys, and manage own profile.','2025-12-08 01:20:01','2025-12-17 06:32:47'),('ProductTeam','Product Team Member',50,'Can request trials, view raw data, confirm NDAs, and review results.','2025-12-08 01:20:14','2025-12-17 06:33:22'),('UTLead','User Trial Lead',70,'Runs trials end-to-end including recruitment, survey setup, analysis, and reporting.','2025-12-08 01:21:03','2025-12-08 01:21:03');
/*!40000 ALTER TABLE `user_role` ENABLE KEYS */;
UNLOCK TABLES;user_id
user_iduser_id
--
-- Table structure for table `user_role_map`
--

DROP TABLE IF EXISTS `user_role_map`;
/*!40101 SET @saved_cs_client     = @@character_set_client */;
/*!50503 SET character_set_client = utf8mb4 */;
CREATE TABLE `user_role_map` (
  `UserID` varchar(20) NOT NULL,
  `RoleID` varchar(20) NOT NULL,
  `PermissionLevel` int NOT NULL DEFAULT '0',
  `CreatedAt` datetime NOT NULL DEFAULT CURRENT_TIMESTAMP,
  `UpdatedAt` datetime NOT NULL DEFAULT CURRENT_TIMESTAMP ON UPDATE CURRENT_TIMESTAMP,
  PRIMARY KEY (`UserID`),
  UNIQUE KEY `uniq_user_role` (`UserID`),
  KEY `RoleID` (`RoleID`),
  KEY `idx_user_role_map_user` (`UserID`),
  CONSTRAINT `user_role_map_ibfk_1` FOREIGN KEY (`UserID`) REFERENCES `user_pool` (`UserID`) ON DELETE CASCADE ON UPDATE CASCADE
) ENGINE=InnoDB DEFAULT CHARSET=utf8mb4 COLLATE=utf8mb4_0900_ai_ci;
/*!40101 SET character_set_client = @saved_cs_client */;

--
-- user_idg data for table `user_role_map`
--

LOCK TABLES `user_role_map` WRITE;
/*!40000 ALTER TABLE `user_role_map` DISABLE KEYS */;
INSERT INTO `user_role_map` VALUES user_idid_09eb7cc3ef8f1','',30,'2026-01-15 04:04:22','2026-01-15 05:16:18'),('userid_1056b715f03d1','',40,'2026-01-15 04:03:56','2026-01-15 05:40:43'),('userid_4fec82c7eea61','Admin',100,'2026-01-11 04:42:28','2026-01-15 04:30:08'),('userid_8c2a449ff5031','',70,'2026-01-19 07:08:19','2026-01-19 07:52:13'),('userid_90f9324aedc91','Participant',20,'2026-01-10 02:42:57','2026-01-11 06:33:48'),('userid_d593d38eed2a1','UTLead',70,'2026-01-09 07:16:52','2026-01-16 07:06:03'),('userid_e12c2650f5b71','',40,'2026-01-20 04:33:27','2026-01-20 04:44:36'),('userid_fb8b4fd007e01','Participant',20,'2026-02-12 07:08:19','2026-02-12 07:08:19'),('userid_fb8b506807e01','Participant',20,'2026-02-12 07:08:19','2026-02-12 07:08:19'),('userid_fb8b508e07e01','Participant',20,'2026-02-12 07:08:19','2026-02-12 07:08:19'),('userid_fb8b50ac07e01','Participant',20,'2026-02-12 07:08:19','2026-02-12 07:08:19'),('userid_fb8b50c807e01','Participant',20,'2026-02-12 07:08:19','2026-02-12 07:08:19'),('userid_fb8b50e707e01','Participant',20,'2026-02-12 07:08:19','2026-02-12 07:08:19'),('userid_fb8b510307e01','Participant',20,'2026-02-12 07:08:19','2026-02-12 07:08:19'),('userid_fb8b512107e01','Participant',20,'2026-02-12 07:08:19','2026-02-12 07:08:19'),('userid_fb8b513f07e01','Participant',20,'2026-02-12 07:08:19','2026-02-12 07:08:19'),('userid_fb8b515907e01','Participant',20,'2026-02-12 07:08:19','2026-02-12 07:08:19'),('userid_fb8b517307e01','Participant',20,'2026-02-12 07:08:19','2026-02-12 07:08:19'),('userid_fb8b518f07e01','Participant',20,'2026-02-12 07:08:19','2026-02-12 07:08:19'),('userid_fb8b51aa07e01','Participant',20,'2026-02-12 07:08:19','2026-02-12 07:08:19'),('userid_fb8b51c507e01','Participant',20,'2026-02-12 07:08:19','2026-02-12 07:08:19'),('userid_fb8b51e107e01','Participant',20,'2026-02-12 07:08:19','2026-02-12 07:08:19'),('userid_fb8b51fc07e01','Participant',20,'2026-02-12 07:08:19','2026-02-12 07:08:19'),('userid_fb8b521707e01','Participant',20,'2026-02-12 07:08:19','2026-02-12 07:08:19'),('userid_fb8b523107e01','Participant',20,'2026-02-12 07:08:19','2026-02-12 07:08:19'),('userid_fb8b524c07e01','Participant',20,'2026-02-12 07:08:19','2026-02-12 07:08:19'),('userid_fb8b526a07e01','Participant',20,'2026-02-12 07:08:19','2026-02-12 07:08:19'),('userid_fb8b528507e01','Participant',20,'2026-02-12 07:08:19','2026-02-12 07:08:19'),('userid_fb8b52a007e01','Participant',20,'2026-02-12 07:08:19','2026-02-12 07:08:19'),('userid_fb8b52ba07e01','Participant',20,'2026-02-12 07:08:19','2026-02-12 07:08:19'),('userid_fb8b52d507e01','Participant',20,'2026-02-12 07:08:19','2026-02-12 07:08:19'),('userid_fb8b52f107e01','Participant',20,'2026-02-12 07:08:19','2026-02-12 07:08:19'),('userid_fb8b530d07e01','Participant',20,'2026-02-12 07:08:19','2026-02-12 07:08:19'),('userid_fb8b532707e01','Participant',20,'2026-02-12 07:08:19','2026-02-12 07:08:19'),('userid_fb8b534207e01','Participant',20,'2026-02-12 07:08:19','2026-02-12 07:08:19'),('userid_fb8b535c07e01','Participant',20,'2026-02-12 07:08:19','2026-02-12 07:08:19'),('userid_fb8b537607e01','Participant',20,'2026-02-12 07:08:19','2026-02-12 07:08:19'),('userid_fb8b539107e01','Participant',20,'2026-02-12 07:08:19','2026-02-12 07:08:19'),('userid_fb8b53ac07e01','Participant',20,'2026-02-12 07:08:19','2026-02-12 07:08:19'),('userid_fb8b53c807e01','Participant',20,'2026-02-12 07:08:19','2026-02-12 07:08:19'),('userid_fb8b53e207e01','Participant',20,'2026-02-12 07:08:19','2026-02-12 07:08:19'),('userid_fb8b53fd07e01','Participant',20,'2026-02-12 07:08:19','2026-02-12 07:08:19'),('userid_fb8b541807e01','Participant',20,'2026-02-12 07:08:19','2026-02-12 07:08:19'),('userid_fb8b543507e01','Participant',20,'2026-02-12 07:08:19','2026-02-12 07:08:19'),('userid_fb8b545107e01','Participant',20,'2026-02-12 07:08:19','2026-02-12 07:08:19'),('userid_fb8b546d07e01','Participant',20,'2026-02-12 07:08:19','2026-02-12 07:08:19'),('userid_fb8b548907e01','Participant',20,'2026-02-12 07:08:19','2026-02-12 07:08:19'),('userid_fb8b54a807e01','Participant',20,'2026-02-12 07:08:19','2026-02-12 07:08:19'),('userid_fb8b54c407e01','Participant',20,'2026-02-12 07:08:19','2026-02-12 07:08:19'),('userid_fb8b54df07e01','Participant',20,'2026-02-12 07:08:19','2026-02-12 07:08:19'),('userid_fb8b54fb07e01','Participant',20,'2026-02-12 07:08:19','2026-02-12 07:08:19');
/*!40000 ALTER TABLE `user_role_map` ENABLE KEYS */;
UNLOCK TABLES;user_iduser_id

--
-- Table structure for table `user_settings`
--

DROP TABLE IF EXISTS `user_settings`;
/*!40101 SET @saved_cs_client     = @@character_set_client */;
/*!50503 SET character_set_client = utf8mb4 */;
CREATE TABLE `user_settings` (
  `UserSettingID` int NOT NULL AUTO_INCREMENT,
  `UserID` varchar(50) NOT NULL,
  `SettingKey` varchar(100) NOT NULL,
  `SettingValue` varchar(255) DEFAULT NULL,
  `UpdatedAt` datetime NOT NULL DEFAULT CURRENT_TIMESTAMP ON UPDATE CURRENT_TIMESTAMP,
  PRIMARY KEY (`UserSettingID`),
  UNIQUE KEY `uniq_user_setting` (`UserID`,`SettingKey`),
  KEY `SettingKey` (`SettingKey`),
  CONSTRAINT `user_settings_ibfk_1` FOREIGN KEY (`UserID`) REFERENCES `user_pool` (`UserID`),
  CONSTRAINT `user_settings_ibfk_2` FOREIGN KEY (`SettingKey`) REFERENCES `settings_definition` (`SettingKey`)
) ENGINE=InnoDB AUTO_INCREMENT=13 DEFAULT CHARSET=utf8mb4 COLLATE=utf8mb4_0900_ai_ci;
/*!40101 SET character_set_client = @saved_cs_client */;

--
-- Dumping data for table `user_settings`
--

LOCK TABLES `user_settings` WRITE;
/*!40000 ALTER TABLE `user_settings` DISABLE KEYS */;
/*!40000 ALTER TABLE `user_settings` ENABLE KEYS */;
UNLOCK TABLES;
user_iduser_id
--
-- Dumping routines for database 'uts_db'
--

--
-- Final view structure for view `user_pool_expanded`
--

/*!50001 DROP VIEW IF EXISTS `user_pool_expanded`*/;
/*!50001 SET @saved_cs_client          = @@character_set_client */;
/*!50001 SET @saved_cs_results         = @@character_set_results */;
/*!50001 SET @saved_col_connection     = @@collation_connection */;
/*!50001 SET character_set_client      = utf8mb4 */;
/*!50001 SET character_set_results     = utf8mb4 */;
/*!50001 SET collation_connection      = utf8mb4_0900_ai_ci */;
/*!50001 CREATE ALGORITHM=UNDEFINED */
/*!50013 DEFINER=`admin`@`%` SQL SECURITY DEFINER */
/*!50001 VIEW `user_pool_expanded` AS select `user_pool`.`UserID` AS `UserID`,`user_pool`.`FirstName` AS `FirstName`,`user_pool`.`LastName` AS `LastName`,`user_pool`.`Email` AS `Email`,`user_pool`.`BirthYear` AS `BirthYear`,(year(curdate()) - `user_pool`.`BirthYear`) AS `Age`,(case when (`user_pool`.`BirthYear` is null) then 'Unknown' when ((year(curdate()) - `user_pool`.`BirthYear`) < 19) then 'Under 19' when ((year(curdate()) - `user_pool`.`BirthYear`) between 19 and 23) then '18-23' when ((year(curdate()) - `user_pool`.`BirthYear`) between 24 and 30) then '24-30' when ((year(curdate()) - `user_pool`.`BirthYear`) between 31 and 40) then '31-40' when ((year(curdate()) - `user_pool`.`BirthYear`) between 41 and 50) then '41-50' when ((year(curdate()) - `user_pool`.`BirthYear`) between 51 and 60) then '51-60' else '61 and over' end) AS `AgeRange`,((year(curdate()) - `user_pool`.`BirthYear`) < 19) AS `IsMinor`,`user_pool`.`Status` AS `Status`,`user_pool`.`CreatedAt` AS `CreatedAt`,`user_pool`.`UpdatedAt` AS `UpdatedAt` from `user_pool` */;
/*!50001 SET character_set_client      = @saved_cs_client */;
/*!50001 SET character_set_results     = @saved_cs_results */;
/*!50001 SET collation_connection      = @saved_col_connection */;
/*!40103 SET TIME_ZONE=@OLD_TIME_ZONE */;

/*!40101 SET SQL_MODE=@OLD_SQL_MODE */;
/*!40014 SET FOREIGN_KEY_CHECKS=@OLD_FOREIGN_KEY_CHECKS */;
/*!40014 SET UNIQUE_CHECKS=@OLD_UNIQUE_CHECKS */;
/*!40101 SET CHARACTER_SET_CLIENT=@OLD_CHARACTER_SET_CLIENT */;
/*!40101 SET CHARACTER_SET_RESULTS=@OLD_CHARACTER_SET_RESULTS */;
/*!40101 SET COLLATION_CONNECTION=@OLD_COLLATION_CONNECTION */;
/*!40111 SET SQL_NOTES=@OLD_SQL_NOTES */;

-- Dump completed on 2026-03-06 14:10:25
